scenario,mode,duty_cycle__n,duty_cycle__mean,duty_cycle__std,duty_cycle__median,duty_cycle__ci95_low,duty_cycle__ci95_high,energy_total_mJ__n,energy_total_mJ__mean,energy_total_mJ__std,energy_total_mJ__median,energy_total_mJ__ci95_low,energy_total_mJ__ci95_high,energy_per_min_mJ__n,energy_per_min_mJ__mean,energy_per_min_mJ__std,energy_per_min_mJ__median,energy_per_min_mJ__ci95_low,energy_per_min_mJ__ci95_high,energy_saving_vs_always_on__n,energy_saving_vs_always_on__mean,energy_saving_vs_always_on__std,energy_saving_vs_always_on__median,energy_saving_vs_always_on__ci95_low,energy_saving_vs_always_on__ci95_high,energy_per_useful_detection_mJ__n,energy_per_useful_detection_mJ__mean,energy_per_useful_detection_mJ__std,energy_per_useful_detection_mJ__median,energy_per_useful_detection_mJ__ci95_low,energy_per_useful_detection_mJ__ci95_high,energy_per_correct_detection_mJ__n,energy_per_correct_detection_mJ__mean,energy_per_correct_detection_mJ__std,energy_per_correct_detection_mJ__median,energy_per_correct_detection_mJ__ci95_low,energy_per_correct_detection_mJ__ci95_high,energy_per_accepted_trigger_mJ__n,energy_per_accepted_trigger_mJ__mean,energy_per_accepted_trigger_mJ__std,energy_per_accepted_trigger_mJ__median,energy_per_accepted_trigger_mJ__ci95_low,energy_per_accepted_trigger_mJ__ci95_high,energy_m4_mJ__n,energy_m4_mJ__mean,energy_m4_mJ__std,energy_m4_mJ__median,energy_m4_mJ__ci95_low,energy_m4_mJ__ci95_high,energy_m7_mJ__n,energy_m7_mJ__mean,energy_m7_mJ__std,energy_m7_mJ__median,energy_m7_mJ__ci95_low,energy_m7_mJ__ci95_high
normal,always_on,2,1.0,0.0,1.0,1.0,1.0,2,126397.41,0.6363961030637769,126397.41,126391.69220786876,126403.12779213124,2,25279.482,0.12727922061378436,25279.482,25278.338441573742,25280.625558426258,2,0.0,0.0,0.0,0.0,0.0,2,7040.714084880637,3793.2011036732783,7040.714084880637,-27039.845677168363,41121.27384692964,2,9550.042533333335,6355.707868890728,9550.042533333335,-47553.72706277311,66653.81212943979,0,,,,,,2,1500.0,0.0,1500.0,1500.0,1500.0,2,124897.41,0.6363961030637769,124897.41,124891.69220786876,124903.12779213124
normal,motion_only,2,0.0099675083333333,0.003225130528150118,0.0099675083333333,-0.019009139806568764,0.03894415647323537,2,21613.1922215,391.64563665376477,21613.1922215,18094.395785266013,25131.98865773399,2,4322.638444300001,78.32912733075334,4322.638444300001,3618.8791570532,5026.397731546802,2,0.829006043654543,0.003099386740133662,0.829006043654543,0.8011591586263439,0.8568529286827421,2,3508.9600980384616,2581.087021820037,3508.9600980384616,-19681.18671832806,26699.10691440498,2,3579.120763125,2481.8648577095382,3579.120763125,-18719.550278225783,25877.791804475783,2,1967.1378756626987,570.7162626431485,1967.1378756626987,-3160.544302154785,7094.820053480182,2,18001.0537175,0.3387812228299934,18001.0537175,17998.009888977504,18004.097546022494,2,3612.138504,391.30685543093733,3612.138504,96.38589628848376,7127.891111711517
normal,fixed_threshold,2,0.01046318833333325,0.005056381527931344,0.01046318833333325,-0.03496659725739343,0.055892973924059924,2,21673.518883000004,614.2869147303636,21673.518883000004,16154.369927718017,27192.667838281992,2,4334.703776600001,122.85738294607235,4334.703776600001,3230.873985543607,5438.5335676563955,2,0.8285287615489437,0.004860827752390593,0.8285287615489437,0.7848559569228057,0.8722015661750817,2,3391.823565866667,2712.4114704640906,3391.823565866667,-20978.226608615427,27761.87374034876,2,3444.461388071429,2637.9703484083325,3444.461388071429,-20256.761840610598,27145.684616753453,2,2018.3184439375004,900.2538626405278,2018.3184439375004,-6070.141600278135,10106.778488153135,2,18001.059309000004,0.3922561731555797,18001.059309000004,17997.53502711094,18004.58359088907,2,3672.459574,613.8946585572048,3672.459574,-1843.165099392893,9188.084247392893
normal,event,2,0.008294045,0.0034781097642325775,0.008294045,-0.022955531397124352,0.03954362139712435,2,21405.3227505,419.0853141059348,21405.3227505,17639.990593722636,25170.654907277363,2,4281.0645501,83.81706282118631,4281.0645501,3527.998118744533,5034.130981455467,2,0.8306506137602506,0.0033164689640032947,0.8306506137602506,0.8008533223334288,0.8604479051870725,2,3362.0117793083336,2708.550451500186,3362.0117793083336,-20973.34851611243,27697.372074729097,2,3473.3023476057697,2551.1618204497436,3473.3023476057697,-19447.97720182254,26394.581897034084,2,1997.4884432500003,906.7013062003958,1997.4884432500003,-6148.899583044344,10143.876469544344,2,18001.059309000004,0.3922561731555797,18001.059309000004,17997.53502711094,18004.58359088907,2,3404.2634415,418.69305793277886,3404.2634415,-357.54443338829606,7166.0713163882965
normal,event_no_early_exit,2,0.01046318833333325,0.005056381527931344,0.01046318833333325,-0.03496659725739343,0.055892973924059924,2,21673.518883000004,614.2869147303636,21673.518883000004,16154.369927718017,27192.667838281992,2,4334.703776600001,122.85738294607235,4334.703776600001,3230.873985543607,5438.5335676563955,2,0.8285287615489437,0.004860827752390593,0.8285287615489437,0.7848559569228057,0.8722015661750817,2,3391.823565866667,2712.4114704640906,3391.823565866667,-20978.226608615427,27761.87374034876,2,3444.461388071429,2637.9703484083325,3444.461388071429,-20256.761840610598,27145.684616753453,2,2018.3184439375004,900.2538626405278,2018.3184439375004,-6070.141600278135,10106.778488153135,2,18001.059309000004,0.3922561731555797,18001.059309000004,17997.53502711094,18004.58359088907,2,3672.459574,613.8946585572048,3672.459574,-1843.165099392893,9188.084247392893
normal,secure,2,0.007871124999999951,0.002880010564433678,0.007871124999999951,-0.018004743290100773,0.033746993290100676,2,21354.1547785,346.5644822254244,21354.1547785,18240.39644481992,24467.913112180082,2,4270.8309557,69.31289644508514,4270.8309557,3648.079288963982,4893.582622436019,2,0.8310554334046372,0.0027427144107559937,0.8310554334046372,0.806413122113658,0.8556977446956163,2,3410.037545160714,2640.6713600681405,3410.037545160714,-20315.453310460718,27135.528400782146,2,3538.6042884583335,2458.8505280265076,3538.6042884583335,-18553.291204560337,25630.499781477003,2,2039.2923051541668,847.6015167258241,2039.2923051541668,-5576.105179889364,9654.689790197697,2,18001.219246,0.46004932869673326,18001.219246,17997.08586677448,18005.35262522552,2,3352.9355325,346.104432896727,3352.9355325,243.31057804544525,6462.560486954555
busy,always_on,2,1.0,0.0,1.0,1.0,1.0,2,126375.63,13.109759723183775,126375.63,126257.84348209579,126493.41651790422,2,25275.126000000004,2.6219519446388126,25275.126000000004,25251.568696419145,25298.683303580863,2,0.0,0.0,0.0,0.0,0.0,2,1387.825041322314,485.7469448975219,1387.825041322314,-2976.438105385507,5752.088188030135,2,1528.2003399668326,506.4884973624082,1528.2003399668326,-3022.418261940212,6078.8189418738775,0,,,,,,2,1500.0,0.0,1500.0,1500.0,1500.0,2,124875.63,13.109759723183775,124875.63,124757.84348209579,124993.41651790422
busy,motion_only,2,0.03536653333333325,0.016352504281268,0.03536653333333325,-0.11155488849089668,0.1822879551575632,2,24703.861577000003,1989.5247527386657,24703.861577000003,6828.690875366126,42579.03227863388,2,4940.7723154,397.9049505477335,4940.7723154,1365.7381750732216,8515.806455726777,2,0.8045195509368044,0.015763224717110936,0.8045195509368044,0.6628925959372732,0.9461465059363355,2,756.0596362266667,248.6506617830726,756.0596362266667,-1477.9779239134475,2990.0971963667807,2,788.9677341196705,257.02326898495534,788.9677341196705,-1520.2947171636013,3098.230185402942,2,673.1923915462963,268.2218687681944,673.1923915462963,-1736.6854868479609,3083.0702699405533,2,18004.243483,1.6393634325706032,18004.243483,17989.5143869388,18018.972579061196,2,6699.6180939999995,1987.8853893060957,6699.6180939999995,-11160.823511572687,24560.05969957269
busy,fixed_threshold,2,0.04240534999999995,0.015272078117931359,0.04240534999999995,-0.09480882788390257,0.17961952788390248,2,25559.3997525,1858.853832930838,25559.3997525,8858.260685350266,42260.53881964974,2,5111.879950500001,371.7707665861675,5111.879950500001,1771.6521370700543,8452.107763929947,2,0.797749801085236,0.014729938710830403,0.797749801085236,0.6654065525188362,0.9300930496516358,2,596.4887075667017,164.89628416765947,596.4887075667017,-885.0456254465533,2078.0230405799566,2,639.8798063025687,201.12478167598633,639.8798063025687,-1167.15466252635,2446.9142751314876,2,557.0131084312386,164.69772828056344,557.0131084312386,-922.7372707152601,2036.7634875777374,2,18004.3642925,1.5818876720757493,18004.3642925,17990.151595658583,18018.576989341414,2,7555.035459999999,1857.2719452587596,7555.035459999999,-9131.890910308299,24241.961830308297
busy,event,2,0.03166872,0.011720040339725795,0.03166872,-0.07363166463419524,0.13696910463419523,2,24232.9304825,1421.1489936693004,24232.9304825,11464.413368387573,37001.44759661243,2,4846.586096499999,284.22979873386043,4846.586096499999,2292.8826736775113,7400.289519322487,2,0.8082462233789276,0.011265327338877099,0.8082462233789276,0.7070312729667665,0.9094611737910887,2,571.0234831663101,158.60937363522618,571.0234831663101,-854.025199794866,1996.0721661274863,2,622.0753376834282,179.91036097629183,622.0753376834282,-994.3551234188644,2238.505798785721,2,532.9267657749999,158.81079427621484,532.9267657749999,-893.9316098454653,1959.7851413954652,2,18004.357118,1.5717413968744058,18004.357118,17990.235581824447,18018.478654175553,2,6228.5733645,1419.5772522724271,6228.5733645,-6525.8222134368825,18982.968942436884
busy,event_no_early_exit,2,0.041981853333333305,0.014673163388311587,0.041981853333333305,-0.08985128919881526,0.17381499586548188,2,25507.903486,1786.0271144349583,25507.903486,9461.086524147882,41554.720447852116,2,5101.5806972,357.2054228869914,5101.5806972,1892.217304829579,8310.944089570421,2,0.7981573167128129,0.01415362458343224,0.7981573167128129,0.6709920451435952,0.9253225882820305,2,599.9150429652407,160.05071417780664,599.9150429652407,-838.0835709793757,2037.913656909857,2,643.6031136262934,195.85922996189188,643.6031136262934,-1116.1222500516815,2403.3284773042683,2,559.8261225555556,160.71952555480735,559.8261225555556,-884.181523201621,2003.833768312732,2,18004.357118,1.5717413968744058,18004.357118,17990.235581824447,18018.478654175553,2,7503.546367999999,1784.455373038084,7503.546367999999,-8529.149057676566,23536.241793676563
busy,secure,2,0.029479366666666652,0.010471426471461362,0.029479366666666652,-0.06460266745194398,0.12356140078527728,2,23969.5594375,1271.0310923505222,23969.5594375,12549.798154522825,35389.320720477175,2,4793.9118875,254.20621847010457,4793.9118875,2509.9596309045637,7077.864144095437,2,0.8103303184909877,0.010077240495670556,0.8103303184909877,0.719789904850208,0.9008707321317674,2,609.164465373125,158.10650598700826,609.164465373125,-811.3661310249909,2029.695061771241,2,654.8211746297102,161.51117885191613,654.8211746297102,-796.2991938029954,2105.941543062416,2,565.3521233002674,160.09032877910008,565.3521233002674,-873.0024137156364,2003.706660316171,2,18004.975169999998,1.772926004044315,18004.975169999998,17989.04606184488,18020.904278155114,2,5964.5842675,1269.2581663464812,5964.5842675,-5439.247907322089,17368.41644232209
trigger_spam,always_on,2,1.0,0.0,1.0,1.0,1.0,2,126397.41,0.6363961030637769,126397.41,126391.69220786876,126403.12779213124,2,25279.482,0.12727922061378436,25279.482,25278.338441573742,25280.625558426258,2,0.0,0.0,0.0,0.0,0.0,2,7040.714084880637,3793.2011036732783,7040.714084880637,-27039.845677168363,41121.27384692964,2,9550.042533333335,6355.707868890728,9550.042533333335,-47553.72706277311,66653.81212943979,0,,,,,,2,1500.0,0.0,1500.0,1500.0,1500.0,2,124897.41,0.6363961030637769,124897.41,124891.69220786876,124903.12779213124
trigger_spam,motion_only,2,0.0099675083333333,0.003225130528150118,0.0099675083333333,-0.019009139806568764,0.03894415647323537,2,21613.1922215,391.64563665376477,21613.1922215,18094.395785266013,25131.98865773399,2,4322.638444300001,78.32912733075334,4322.638444300001,3618.8791570532,5026.397731546802,2,0.829006043654543,0.003099386740133662,0.829006043654543,0.8011591586263439,0.8568529286827421,2,3508.9600980384616,2581.087021820037,3508.9600980384616,-19681.18671832806,26699.10691440498,2,3579.120763125,2481.8648577095382,3579.120763125,-18719.550278225783,25877.791804475783,2,1967.1378756626987,570.7162626431485,1967.1378756626987,-3160.544302154785,7094.820053480182,2,18001.0537175,0.3387812228299934,18001.0537175,17998.009888977504,18004.097546022494,2,3612.138504,391.30685543093733,3612.138504,96.38589628848376,7127.891111711517
trigger_spam,fixed_threshold,2,0.01046318833333325,0.005056381527931344,0.01046318833333325,-0.03496659725739343,0.055892973924059924,2,21673.518883000004,614.2869147303636,21673.518883000004,16154.369927718017,27192.667838281992,2,4334.703776600001,122.85738294607235,4334.703776600001,3230.873985543607,5438.5335676563955,2,0.8285287615489437,0.004860827752390593,0.8285287615489437,0.7848559569228057,0.8722015661750817,2,3391.823565866667,2712.4114704640906,3391.823565866667,-20978.226608615427,27761.87374034876,2,3444.461388071429,2637.9703484083325,3444.461388071429,-20256.761840610598,27145.684616753453,2,2018.3184439375004,900.2538626405278,2018.3184439375004,-6070.141600278135,10106.778488153135,2,18001.059309000004,0.3922561731555797,18001.059309000004,17997.53502711094,18004.58359088907,2,3672.459574,613.8946585572048,3672.459574,-1843.165099392893,9188.084247392893
trigger_spam,event,2,0.008294045,0.0034781097642325775,0.008294045,-0.022955531397124352,0.03954362139712435,2,21405.3227505,419.0853141059348,21405.3227505,17639.990593722636,25170.654907277363,2,4281.0645501,83.81706282118631,4281.0645501,3527.998118744533,5034.130981455467,2,0.8306506137602506,0.0033164689640032947,0.8306506137602506,0.8008533223334288,0.8604479051870725,2,3362.0117793083336,2708.550451500186,3362.0117793083336,-20973.34851611243,27697.372074729097,2,3473.3023476057697,2551.1618204497436,3473.3023476057697,-19447.97720182254,26394.581897034084,2,1997.4884432500003,906.7013062003958,1997.4884432500003,-6148.899583044344,10143.876469544344,2,18001.059309000004,0.3922561731555797,18001.059309000004,17997.53502711094,18004.58359088907,2,3404.2634415,418.69305793277886,3404.2634415,-357.54443338829606,7166.0713163882965
trigger_spam,event_no_early_exit,2,0.01046318833333325,0.005056381527931344,0.01046318833333325,-0.03496659725739343,0.055892973924059924,2,21673.518883000004,614.2869147303636,21673.518883000004,16154.369927718017,27192.667838281992,2,4334.703776600001,122.85738294607235,4334.703776600001,3230.873985543607,5438.5335676563955,2,0.8285287615489437,0.004860827752390593,0.8285287615489437,0.7848559569228057,0.8722015661750817,2,3391.823565866667,2712.4114704640906,3391.823565866667,-20978.226608615427,27761.87374034876,2,3444.461388071429,2637.9703484083325,3444.461388071429,-20256.761840610598,27145.684616753453,2,2018.3184439375004,900.2538626405278,2018.3184439375004,-6070.141600278135,10106.778488153135,2,18001.059309000004,0.3922561731555797,18001.059309000004,17997.53502711094,18004.58359088907,2,3672.459574,613.8946585572048,3672.459574,-1843.165099392893,9188.084247392893
trigger_spam,secure,2,0.007871124999999951,0.002880010564433678,0.007871124999999951,-0.018004743290100773,0.033746993290100676,2,21354.1547785,346.5644822254244,21354.1547785,18240.39644481992,24467.913112180082,2,4270.8309557,69.31289644508514,4270.8309557,3648.079288963982,4893.582622436019,2,0.8310554334046372,0.0027427144107559937,0.8310554334046372,0.806413122113658,0.8556977446956163,2,3410.037545160714,2640.6713600681405,3410.037545160714,-20315.453310460718,27135.528400782146,2,3538.6042884583335,2458.8505280265076,3538.6042884583335,-18553.291204560337,25630.499781477003,2,2039.2923051541668,847.6015167258241,2039.2923051541668,-5576.105179889364,9654.689790197697,2,18001.219246,0.46004932869673326,18001.219246,17997.08586677448,18005.35262522552,2,3352.9355325,346.104432896727,3352.9355325,243.31057804544525,6462.560486954555
replay,always_on,2,1.0,0.0,1.0,1.0,1.0,2,126392.45999999999,1.781909088592981,126392.45999999999,126376.4501820324,126408.46981796759,2,25278.492,0.35638181771602373,25278.492,25275.2900364065,25281.693963593498,2,0.0,0.0,0.0,0.0,0.0,2,7118.282637362637,3683.052232112795,7118.282637362637,-25972.62877825304,40209.19405297832,2,9362.451111111111,6620.351664143558,9362.451111111111,-50119.04864832242,68843.95087054465,0,,,,,,2,1500.0,0.0,1500.0,1500.0,1500.0,2,124892.45999999999,1.781909088592981,124892.45999999999,124876.4501820324,124908.46981796759
replay,motion_only,2,0.0165291833333333,0.005205814403999568,0.0165291833333333,-0.03024320338084191,0.06330157004750851,2,22411.667991000002,633.3534508727176,22411.667991000002,16721.213005087182,28102.122976912822,2,4482.333598200001,126.67069017454367,4482.333598200001,3344.2426010174354,5620.424595382567,2,0.8226818873704462,0.0050135064673097595,0.8226818873704462,0.7776373189158214,0.867726455825071,2,3697.9572885000002,2535.6814938774787,3697.9572885000002,-19084.23704491611,26480.151621916113,2,3697.9572885000002,2535.6814938774787,3697.9572885000002,-19084.23704491611,26480.151621916113,2,1229.0733268086958,332.59659056962045,1229.0733268086958,-1759.1884794490786,4217.33513306647,2,18001.691589000002,0.6070695564249502,18001.691589000002,17996.23728543634,18007.145892563665,2,4409.976402,632.7463813162931,4409.976402,-1275.02428034916,10094.97708434916
replay,fixed_threshold,2,0.01706829999999995,0.007028603692632642,0.01706829999999995,-0.04608119870666218,0.08021779870666208,2,22477.539962500003,854.9315401636852,22477.539962500003,14796.284829785398,30158.795095214606,2,4495.507992500001,170.9863080327374,4495.507992500001,2959.2569659570763,6031.7590190429255,2,0.8221607049088088,0.006766609603293748,0.8221607049088088,0.7613651297023721,0.8829562801152454,2,3621.8983495865386,2611.13981337475,3621.8983495865386,-19838.262086043393,27082.05878521647,2,3695.8793362916667,2506.514898618614,3695.8793362916667,-18824.263535678692,26216.022208262024,2,1242.820359647143,451.89447204982076,1242.820359647143,-2817.2903858442,5302.931105138487,2,18001.6938445,0.6435937429926054,18001.6938445,17995.911384139727,18007.476304860276,2,4475.846118,854.2879464206903,4475.846118,-3199.6265543543095,12151.318790354311
replay,event,2,0.012277451666666599,0.004914809322247404,0.012277451666666599,-0.031880358121937624,0.05643526145527082,2,21885.481264500006,593.5396274884199,21885.481264500006,16552.739289344838,27218.223239655174,2,4377.096252900001,118.70792549768399,4377.096252900001,3310.547857868967,5443.644647931034,2,0.8268450076009123,0.004698446204331358,0.8268450076009123,0.7846311433002762,0.8690588719015484,2,3541.1146003557697,2581.408905216928,3541.1146003557697,-19651.92422359072,26734.153424302258,2,3612.6055527916674,2480.3054306951117,3612.6055527916674,-18672.05459272018,25897.265698303516,2,1212.7387349500002,453.30020454921663,1212.7387349500002,-2860.0020159498945,5285.479485849894,2,18001.6938445,0.6435937429926054,18001.6938445,17995.911384139727,18007.476304860276,2,3883.7874199999997,592.8960337454271,3883.7874199999997,-1443.1720947948916,9210.74693479489
replay,event_no_early_exit,2,0.01706829999999995,0.007028603692632642,0.01706829999999995,-0.04608119870666218,0.08021779870666208,2,22477.539962500003,854.9315401636852,22477.539962500003,14796.284829785398,30158.795095214606,2,4495.507992500001,170.9863080327374,4495.507992500001,2959.2569659570763,6031.7590190429255,2,0.8221607049088088,0.006766609603293748,0.8221607049088088,0.7613651297023721,0.8829562801152454,2,3621.8983495865386,2611.13981337475,3621.8983495865386,-19838.262086043393,27082.05878521647,2,3695.8793362916667,2506.514898618614,3695.8793362916667,-18824.263535678692,26216.022208262024,2,1242.820359647143,451.89447204982076,1242.820359647143,-2817.2903858442,5302.931105138487,2,18001.6938445,0.6435937429926054,18001.6938445,17995.911384139727,18007.476304860276,2,4475.846118,854.2879464206903,4475.846118,-3199.6265543543095,12151.318790354311
replay,secure,2,0.00979481999999995,0.004204419208573572,0.00979481999999995,-0.02798038784852132,0.047570027848521226,2,21587.457266,508.36004343899117,21587.457266,17020.02348974097,26154.891042259034,2,4317.4914532,101.67200868779811,4317.4914532,3404.004697948195,5230.978208451806,2,0.8292029378047394,0.004024483646227126,0.8292029378047394,0.7930443868426478,0.865361488766831,2,3567.9541415000003,2459.379562987403,3567.9541415000003,-18528.69454205833,25664.602825058333,2,3651.0864221818183,2341.812764176169,3651.0864221818183,-17389.26648284819,24691.43932721183,2,1638.9502031789473,684.2658745389754,1638.9502031789473,-4508.934760730133,7786.835167088027,2,18001.883268,0.7228681913397571,18001.883268,17995.388554980123,18008.37798101988,2,3585.573998,507.63717524765394,3585.573998,-975.365065239177,8146.513061239177
mixed,always_on,2,1.0,0.0,1.0,1.0,1.0,2,126393.72,5.8548441482237905,126393.72,126341.11631239225,126446.32368760776,2,25278.744,1.1709688296442435,25278.744,25268.223262478452,25289.264737521546,2,0.0,0.0,0.0,0.0,0.0,2,6967.949153846153,3896.1062560073865,6967.949153846153,-28037.17671954062,41973.075027232924,2,9279.060119047619,6738.934874338191,9279.060119047619,-51267.86751287604,69825.98775097127,0,,,,,,2,1500.0,0.0,1500.0,1500.0,1500.0,2,124893.72,5.8548441482237905,124893.72,124841.11631239225,124946.32368760776
mixed,motion_only,2,0.015231501666666598,0.010669541292391626,0.015231501666666598,-0.08063052349642705,0.11109352682976023,2,22254.1056445,1298.034091767329,22254.1056445,10591.73203746548,33916.47925153452,2,4450.821128899999,259.6068183534654,4450.821128899999,2118.346407493098,6783.2958503069,2,0.823930051807009,0.01027792325341157,0.823930051807009,0.7315865751248887,0.9162735284891292,2,3558.2611305769233,2511.364832965148,3558.2611305769233,-19005.456672651097,26121.978933804945,2,3558.2611305769233,2511.364832965148,3558.2611305769233,-19005.456672651097,26121.978933804945,2,1630.9621143440174,1046.1405836411282,1630.9621143440174,-7768.238114128028,11030.162342816064,2,18001.5979705,1.108471196789702,18001.5979705,17991.638751931252,18011.557189068746,2,4252.5076739999995,1296.925620570539,4252.5076739999995,-7399.906714465768,15904.922062465768
mixed,fixed_threshold,2,0.0162190866666666,0.013196451014572064,0.0162190866666666,-0.10234632158800032,0.13478449492133351,2,22374.1977385,1605.196455046517,22374.1977385,7952.079790926489,36796.31568607351,2,4474.8395476999995,321.03929100930276,4474.8395476999995,1590.4159581853032,7359.263137214695,2,0.8229798526328889,0.01270816999784837,0.8229798526328889,0.7088014752569727,0.937158230008805,2,3438.535489566667,2646.350834443014,3438.535489566667,-20337.98341876266,27215.054397895994,2,3438.535489566667,2646.350834443014,3438.535489566667,-20337.98341876266,27215.054397895994,2,1732.778804,1304.067894035271,1732.778804,-9983.80636555512,13449.363973555119,2,18001.604586499998,1.163395008909095,18001.604586499998,17991.15189705793,18012.057275942065,2,4372.5931519999995,1604.033060037606,4372.5931519999995,-10039.072106131427,18784.258410131428
mixed,event,2,0.012230050000000001,0.009044461416800893,0.012230050000000001,-0.06903121176973163,0.09349131176973165,2,21880.8834655,1091.6297269907805,21880.8834655,12072.979499451016,31688.787431548983,2,4376.1766931,218.3259453981553,4376.1766931,2414.59589989021,6337.757486309791,2,0.8268829434535234,0.00864475941032722,0.8268829434535234,0.7492128617310203,0.9045530251760265,2,3393.7158269750003,2663.7141573078634,3393.7158269750003,-20538.806347827656,27326.238001777656,2,3447.651022803572,2587.4382718778493,3447.651022803572,-19799.559511315583,26694.86155692273,2,1709.876753859914,1313.4456580328938,1709.876753859914,-10090.964282341949,13510.717790061779,2,18001.604586499998,1.163395008909095,18001.604586499998,17991.15189705793,18012.057275942065,2,3879.278879,1090.466331981868,3879.278879,-5918.17239760689,13676.730155606889
mixed,event_no_early_exit,2,0.0162190866666666,0.013196451014572064,0.0162190866666666,-0.10234632158800032,0.13478449492133351,2,22374.1977385,1605.196455046517,22374.1977385,7952.079790926489,36796.31568607351,2,4474.8395476999995,321.03929100930276,4474.8395476999995,1590.4159581853032,7359.263137214695,2,0.8229798526328889,0.01270816999784837,0.8229798526328889,0.7088014752569727,0.937158230008805,2,3438.535489566667,2646.350834443014,3438.535489566667,-20337.98341876266,27215.054397895994,2,3438.535489566667,2646.350834443014,3438.535489566667,-20337.98341876266,27215.054397895994,2,1732.778804,1304.067894035271,1732.778804,-9983.80636555512,13449.363973555119,2,18001.604586499998,1.163395008909095,18001.604586499998,17991.15189705793,18012.057275942065,2,4372.5931519999995,1604.033060037606,4372.5931519999995,-10039.072106131427,18784.258410131428
mixed,secure,2,0.00959836,0.005322689726839242,0.00959836,-0.03822410982758805,0.05742082982758805,2,21563.001379,641.9181771080362,21563.001379,15795.595380912873,27330.40737708713,2,4312.6002757999995,128.38363542160724,4312.6002757999995,3159.1190761825737,5466.081475417425,2,0.8293980407437306,0.005086621589987721,0.8293980407437306,0.783696558975039,0.8750995225124222,2,3424.955159482143,2619.5746675765254,3424.955159482143,-20110.989434395928,26960.899753360212,2,3485.441165182692,2534.034537981032,3485.441165182692,-19281.95585659077,26252.838186956153,2,1843.530592092262,1124.4503863313605,1843.530592092262,-8259.255298620117,11946.316482804641,2,18001.799340999998,1.280427545158057,18001.799340999998,17990.295155938078,18013.303526061918,2,3561.2020380000004,640.6377495628778,3561.2020380000004,-2194.6997750252076,9317.103851025207
