scenario,mode,security_energy_mJ__n,security_energy_mJ__mean,security_energy_mJ__std,security_energy_mJ__median,security_energy_mJ__ci95_low,security_energy_mJ__ci95_high,attack_attempts__n,attack_attempts__mean,attack_attempts__std,attack_attempts__median,attack_attempts__ci95_low,attack_attempts__ci95_high,attacks_blocked__n,attacks_blocked__mean,attacks_blocked__std,attacks_blocked__median,attacks_blocked__ci95_low,attacks_blocked__ci95_high,attacks_accepted__n,attacks_accepted__mean,attacks_accepted__std,attacks_accepted__median,attacks_accepted__ci95_low,attacks_accepted__ci95_high,attack_detection_rate__n,attack_detection_rate__mean,attack_detection_rate__std,attack_detection_rate__median,attack_detection_rate__ci95_low,attack_detection_rate__ci95_high,attack_success_rate__n,attack_success_rate__mean,attack_success_rate__std,attack_success_rate__median,attack_success_rate__ci95_low,attack_success_rate__ci95_high,attacks_reached_m7__n,attacks_reached_m7__mean,attacks_reached_m7__std,attacks_reached_m7__median,attacks_reached_m7__ci95_low,attacks_reached_m7__ci95_high,false_rejection_rate__n,false_rejection_rate__mean,false_rejection_rate__std,false_rejection_rate__median,false_rejection_rate__ci95_low,false_rejection_rate__ci95_high,false_rejection_rate_object__n,false_rejection_rate_object__mean,false_rejection_rate_object__std,false_rejection_rate_object__median,false_rejection_rate_object__ci95_low,false_rejection_rate_object__ci95_high,security_precision__n,security_precision__mean,security_precision__std,security_precision__median,security_precision__ci95_low,security_precision__ci95_high,security_recall__n,security_recall__mean,security_recall__std,security_recall__median,security_recall__ci95_low,security_recall__ci95_high,security_f1__n,security_f1__mean,security_f1__std,security_f1__median,security_f1__ci95_low,security_f1__ci95_high,security_block_rate__n,security_block_rate__mean,security_block_rate__std,security_block_rate__median,security_block_rate__ci95_low,security_block_rate__ci95_high,security_latency_overhead_ms__n,security_latency_overhead_ms__mean,security_latency_overhead_ms__std,security_latency_overhead_ms__median,security_latency_overhead_ms__ci95_low,security_latency_overhead_ms__ci95_high,block_rate_limit__n,block_rate_limit__mean,block_rate_limit__std,block_rate_limit__median,block_rate_limit__ci95_low,block_rate_limit__ci95_high,block_replay__n,block_replay__mean,block_replay__std,block_replay__median,block_replay__ci95_low,block_replay__ci95_high,block_duplicate__n,block_duplicate__mean,block_duplicate__std,block_duplicate__median,block_duplicate__ci95_low,block_duplicate__ci95_high,block_burst__n,block_burst__mean,block_burst__std,block_burst__median,block_burst__ci95_low,block_burst__ci95_high,block_consistency_failure__n,block_consistency_failure__mean,block_consistency_failure__std,block_consistency_failure__median,block_consistency_failure__ci95_low,block_consistency_failure__ci95_high,legit_object_suppressed_cooldown__n,legit_object_suppressed_cooldown__mean,legit_object_suppressed_cooldown__std,legit_object_suppressed_cooldown__median,legit_object_suppressed_cooldown__ci95_low,legit_object_suppressed_cooldown__ci95_high
normal,always_on,2,0.0,0.0,0.0,0.0,0.0,2,0.0,0.0,0.0,0.0,0.0,2,0.0,0.0,0.0,0.0,0.0,2,0.0,0.0,0.0,0.0,0.0,0,,,,,,0,,,,,,2,0.0,0.0,0.0,0.0,0.0,0,,,,,,0,,,,,,0,,,,,,0,,,,,,0,,,,,,0,,,,,,2,0.0,0.0,0.0,0.0,0.0,2,0.0,0.0,0.0,0.0,0.0,2,0.0,0.0,0.0,0.0,0.0,2,0.0,0.0,0.0,0.0,0.0,2,0.0,0.0,0.0,0.0,0.0,2,0.0,0.0,0.0,0.0,0.0,0,,,,,
normal,motion_only,2,0.0,0.0,0.0,0.0,0.0,2,0.0,0.0,0.0,0.0,0.0,2,0.0,0.0,0.0,0.0,0.0,2,0.0,0.0,0.0,0.0,0.0,0,,,,,,0,,,,,,2,0.0,0.0,0.0,0.0,0.0,0,,,,,,0,,,,,,0,,,,,,0,,,,,,0,,,,,,0,,,,,,2,0.0,0.0,0.0,0.0,0.0,2,0.0,0.0,0.0,0.0,0.0,2,0.0,0.0,0.0,0.0,0.0,2,0.0,0.0,0.0,0.0,0.0,2,0.0,0.0,0.0,0.0,0.0,2,0.0,0.0,0.0,0.0,0.0,2,5.0,1.4142135623730951,5.0,-7.706204736174694,17.706204736174694
normal,fixed_threshold,2,0.0,0.0,0.0,0.0,0.0,2,0.0,0.0,0.0,0.0,0.0,2,0.0,0.0,0.0,0.0,0.0,2,0.0,0.0,0.0,0.0,0.0,0,,,,,,0,,,,,,2,0.0,0.0,0.0,0.0,0.0,0,,,,,,0,,,,,,0,,,,,,0,,,,,,0,,,,,,0,,,,,,2,0.0,0.0,0.0,0.0,0.0,2,0.0,0.0,0.0,0.0,0.0,2,0.0,0.0,0.0,0.0,0.0,2,0.0,0.0,0.0,0.0,0.0,2,0.0,0.0,0.0,0.0,0.0,2,0.0,0.0,0.0,0.0,0.0,2,8.5,3.5355339059327378,8.5,-23.265511840436734,40.26551184043673
normal,event,2,0.0,0.0,0.0,0.0,0.0,2,0.0,0.0,0.0,0.0,0.0,2,0.0,0.0,0.0,0.0,0.0,2,0.0,0.0,0.0,0.0,0.0,0,,,,,,0,,,,,,2,0.0,0.0,0.0,0.0,0.0,0,,,,,,0,,,,,,0,,,,,,0,,,,,,0,,,,,,0,,,,,,2,0.0,0.0,0.0,0.0,0.0,2,0.0,0.0,0.0,0.0,0.0,2,0.0,0.0,0.0,0.0,0.0,2,0.0,0.0,0.0,0.0,0.0,2,0.0,0.0,0.0,0.0,0.0,2,0.0,0.0,0.0,0.0,0.0,2,8.5,3.5355339059327378,8.5,-23.265511840436734,40.26551184043673
normal,event_no_early_exit,2,0.0,0.0,0.0,0.0,0.0,2,0.0,0.0,0.0,0.0,0.0,2,0.0,0.0,0.0,0.0,0.0,2,0.0,0.0,0.0,0.0,0.0,0,,,,,,0,,,,,,2,0.0,0.0,0.0,0.0,0.0,0,,,,,,0,,,,,,0,,,,,,0,,,,,,0,,,,,,0,,,,,,2,0.0,0.0,0.0,0.0,0.0,2,0.0,0.0,0.0,0.0,0.0,2,0.0,0.0,0.0,0.0,0.0,2,0.0,0.0,0.0,0.0,0.0,2,0.0,0.0,0.0,0.0,0.0,2,0.0,0.0,0.0,0.0,0.0,2,8.5,3.5355339059327378,8.5,-23.265511840436734,40.26551184043673
normal,secure,2,0.45599999999999996,0.21496046148071044,0.45599999999999996,-1.4753431198985534,2.3873431198985533,2,0.0,0.0,0.0,0.0,0.0,2,0.0,0.0,0.0,0.0,0.0,2,0.0,0.0,0.0,0.0,0.0,0,,,,,,0,,,,,,2,0.0,0.0,0.0,0.0,0.0,2,0.03125,0.04419417382415922,0.03125,-0.3658188980054592,0.4283188980054592,2,0.0333333333333333,0.04714045207910312,0.0333333333333333,-0.390206824539156,0.45687349120582266,1,0.0,0.0,0.0,,,0,,,,,,0,,,,,,2,0.03125,0.04419417382415922,0.03125,-0.3658188980054592,0.4283188980054592,2,0.4,0.0,0.4,0.4,0.4,2,0.0,0.0,0.0,0.0,0.0,2,0.0,0.0,0.0,0.0,0.0,2,0.5,0.7071067811865476,0.5,-5.853102368087347,6.853102368087347,2,0.0,0.0,0.0,0.0,0.0,2,0.0,0.0,0.0,0.0,0.0,2,8.5,3.5355339059327378,8.5,-23.265511840436734,40.26551184043673
busy,always_on,2,0.0,0.0,0.0,0.0,0.0,2,0.0,0.0,0.0,0.0,0.0,2,0.0,0.0,0.0,0.0,0.0,2,0.0,0.0,0.0,0.0,0.0,0,,,,,,0,,,,,,2,0.0,0.0,0.0,0.0,0.0,0,,,,,,0,,,,,,0,,,,,,0,,,,,,0,,,,,,0,,,,,,2,0.0,0.0,0.0,0.0,0.0,2,0.0,0.0,0.0,0.0,0.0,2,0.0,0.0,0.0,0.0,0.0,2,0.0,0.0,0.0,0.0,0.0,2,0.0,0.0,0.0,0.0,0.0,2,0.0,0.0,0.0,0.0,0.0,0,,,,,
busy,motion_only,2,0.0,0.0,0.0,0.0,0.0,2,0.0,0.0,0.0,0.0,0.0,2,0.0,0.0,0.0,0.0,0.0,2,0.0,0.0,0.0,0.0,0.0,0,,,,,,0,,,,,,2,0.0,0.0,0.0,0.0,0.0,0,,,,,,0,,,,,,0,,,,,,0,,,,,,0,,,,,,0,,,,,,2,0.0,0.0,0.0,0.0,0.0,2,0.0,0.0,0.0,0.0,0.0,2,0.0,0.0,0.0,0.0,0.0,2,0.0,0.0,0.0,0.0,0.0,2,0.0,0.0,0.0,0.0,0.0,2,0.0,0.0,0.0,0.0,0.0,2,34.0,14.142135623730951,34.0,-93.06204736174693,161.06204736174692
busy,fixed_threshold,2,0.0,0.0,0.0,0.0,0.0,2,0.0,0.0,0.0,0.0,0.0,2,0.0,0.0,0.0,0.0,0.0,2,0.0,0.0,0.0,0.0,0.0,0,,,,,,0,,,,,,2,0.0,0.0,0.0,0.0,0.0,0,,,,,,0,,,,,,0,,,,,,0,,,,,,0,,,,,,0,,,,,,2,0.0,0.0,0.0,0.0,0.0,2,0.0,0.0,0.0,0.0,0.0,2,0.0,0.0,0.0,0.0,0.0,2,0.0,0.0,0.0,0.0,0.0,2,0.0,0.0,0.0,0.0,0.0,2,0.0,0.0,0.0,0.0,0.0,2,45.5,17.67766952966369,45.5,-113.32755920218366,204.32755920218366
busy,event,2,0.0,0.0,0.0,0.0,0.0,2,0.0,0.0,0.0,0.0,0.0,2,0.0,0.0,0.0,0.0,0.0,2,0.0,0.0,0.0,0.0,0.0,0,,,,,,0,,,,,,2,0.0,0.0,0.0,0.0,0.0,0,,,,,,0,,,,,,0,,,,,,0,,,,,,0,,,,,,0,,,,,,2,0.0,0.0,0.0,0.0,0.0,2,0.0,0.0,0.0,0.0,0.0,2,0.0,0.0,0.0,0.0,0.0,2,0.0,0.0,0.0,0.0,0.0,2,0.0,0.0,0.0,0.0,0.0,2,0.0,0.0,0.0,0.0,0.0,2,45.5,17.67766952966369,45.5,-113.32755920218366,204.32755920218366
busy,event_no_early_exit,2,0.0,0.0,0.0,0.0,0.0,2,0.0,0.0,0.0,0.0,0.0,2,0.0,0.0,0.0,0.0,0.0,2,0.0,0.0,0.0,0.0,0.0,0,,,,,,0,,,,,,2,0.0,0.0,0.0,0.0,0.0,0,,,,,,0,,,,,,0,,,,,,0,,,,,,0,,,,,,0,,,,,,2,0.0,0.0,0.0,0.0,0.0,2,0.0,0.0,0.0,0.0,0.0,2,0.0,0.0,0.0,0.0,0.0,2,0.0,0.0,0.0,0.0,0.0,2,0.0,0.0,0.0,0.0,0.0,2,0.0,0.0,0.0,0.0,0.0,2,45.5,17.67766952966369,45.5,-113.32755920218366,204.32755920218366
busy,secure,2,1.8239999999999998,0.6448813844421311,1.8239999999999998,-3.9700293596956584,7.618029359695658,2,0.0,0.0,0.0,0.0,0.0,2,0.0,0.0,0.0,0.0,0.0,2,0.0,0.0,0.0,0.0,0.0,0,,,,,,0,,,,,,2,0.0,0.0,0.0,0.0,0.0,2,0.06944444444444439,0.019641855032959673,0.06944444444444439,-0.10703062133575986,0.24591951022464864,2,0.074025974025974,0.023876332871234095,0.074025974025974,-0.14049436567567689,0.28854631372762485,2,0.0,0.0,0.0,0.0,0.0,0,,,,,,0,,,,,,2,0.06944444444444439,0.019641855032959673,0.06944444444444439,-0.10703062133575986,0.24591951022464864,2,0.4,0.0,0.4,0.4,0.4,2,0.0,0.0,0.0,0.0,0.0,2,0.0,0.0,0.0,0.0,0.0,2,3.0,1.4142135623730951,3.0,-9.706204736174694,15.706204736174694,2,0.5,0.7071067811865476,0.5,-5.853102368087347,6.853102368087347,2,0.0,0.0,0.0,0.0,0.0,2,45.5,17.67766952966369,45.5,-113.32755920218366,204.32755920218366
trigger_spam,always_on,2,0.0,0.0,0.0,0.0,0.0,2,0.0,0.0,0.0,0.0,0.0,2,0.0,0.0,0.0,0.0,0.0,2,0.0,0.0,0.0,0.0,0.0,0,,,,,,0,,,,,,2,0.0,0.0,0.0,0.0,0.0,0,,,,,,0,,,,,,0,,,,,,0,,,,,,0,,,,,,0,,,,,,2,0.0,0.0,0.0,0.0,0.0,2,0.0,0.0,0.0,0.0,0.0,2,0.0,0.0,0.0,0.0,0.0,2,0.0,0.0,0.0,0.0,0.0,2,0.0,0.0,0.0,0.0,0.0,2,0.0,0.0,0.0,0.0,0.0,0,,,,,
trigger_spam,motion_only,2,0.0,0.0,0.0,0.0,0.0,2,0.0,0.0,0.0,0.0,0.0,2,0.0,0.0,0.0,0.0,0.0,2,0.0,0.0,0.0,0.0,0.0,0,,,,,,0,,,,,,2,0.0,0.0,0.0,0.0,0.0,0,,,,,,0,,,,,,0,,,,,,0,,,,,,0,,,,,,0,,,,,,2,0.0,0.0,0.0,0.0,0.0,2,0.0,0.0,0.0,0.0,0.0,2,0.0,0.0,0.0,0.0,0.0,2,0.0,0.0,0.0,0.0,0.0,2,0.0,0.0,0.0,0.0,0.0,2,0.0,0.0,0.0,0.0,0.0,2,5.0,1.4142135623730951,5.0,-7.706204736174694,17.706204736174694
trigger_spam,fixed_threshold,2,0.0,0.0,0.0,0.0,0.0,2,0.0,0.0,0.0,0.0,0.0,2,0.0,0.0,0.0,0.0,0.0,2,0.0,0.0,0.0,0.0,0.0,0,,,,,,0,,,,,,2,0.0,0.0,0.0,0.0,0.0,0,,,,,,0,,,,,,0,,,,,,0,,,,,,0,,,,,,0,,,,,,2,0.0,0.0,0.0,0.0,0.0,2,0.0,0.0,0.0,0.0,0.0,2,0.0,0.0,0.0,0.0,0.0,2,0.0,0.0,0.0,0.0,0.0,2,0.0,0.0,0.0,0.0,0.0,2,0.0,0.0,0.0,0.0,0.0,2,8.5,3.5355339059327378,8.5,-23.265511840436734,40.26551184043673
trigger_spam,event,2,0.0,0.0,0.0,0.0,0.0,2,0.0,0.0,0.0,0.0,0.0,2,0.0,0.0,0.0,0.0,0.0,2,0.0,0.0,0.0,0.0,0.0,0,,,,,,0,,,,,,2,0.0,0.0,0.0,0.0,0.0,0,,,,,,0,,,,,,0,,,,,,0,,,,,,0,,,,,,0,,,,,,2,0.0,0.0,0.0,0.0,0.0,2,0.0,0.0,0.0,0.0,0.0,2,0.0,0.0,0.0,0.0,0.0,2,0.0,0.0,0.0,0.0,0.0,2,0.0,0.0,0.0,0.0,0.0,2,0.0,0.0,0.0,0.0,0.0,2,8.5,3.5355339059327378,8.5,-23.265511840436734,40.26551184043673
trigger_spam,event_no_early_exit,2,0.0,0.0,0.0,0.0,0.0,2,0.0,0.0,0.0,0.0,0.0,2,0.0,0.0,0.0,0.0,0.0,2,0.0,0.0,0.0,0.0,0.0,0,,,,,,0,,,,,,2,0.0,0.0,0.0,0.0,0.0,0,,,,,,0,,,,,,0,,,,,,0,,,,,,0,,,,,,0,,,,,,2,0.0,0.0,0.0,0.0,0.0,2,0.0,0.0,0.0,0.0,0.0,2,0.0,0.0,0.0,0.0,0.0,2,0.0,0.0,0.0,0.0,0.0,2,0.0,0.0,0.0,0.0,0.0,2,0.0,0.0,0.0,0.0,0.0,2,8.5,3.5355339059327378,8.5,-23.265511840436734,40.26551184043673
trigger_spam,secure,2,0.45599999999999996,0.21496046148071044,0.45599999999999996,-1.4753431198985534,2.3873431198985533,2,0.0,0.0,0.0,0.0,0.0,2,0.0,0.0,0.0,0.0,0.0,2,0.0,0.0,0.0,0.0,0.0,0,,,,,,0,,,,,,2,0.0,0.0,0.0,0.0,0.0,2,0.03125,0.04419417382415922,0.03125,-0.3658188980054592,0.4283188980054592,2,0.0333333333333333,0.04714045207910312,0.0333333333333333,-0.390206824539156,0.45687349120582266,1,0.0,0.0,0.0,,,0,,,,,,0,,,,,,2,0.03125,0.04419417382415922,0.03125,-0.3658188980054592,0.4283188980054592,2,0.4,0.0,0.4,0.4,0.4,2,0.0,0.0,0.0,0.0,0.0,2,0.0,0.0,0.0,0.0,0.0,2,0.5,0.7071067811865476,0.5,-5.853102368087347,6.853102368087347,2,0.0,0.0,0.0,0.0,0.0,2,0.0,0.0,0.0,0.0,0.0,2,8.5,3.5355339059327378,8.5,-23.265511840436734,40.26551184043673
replay,always_on,2,0.0,0.0,0.0,0.0,0.0,2,17.0,7.0710678118654755,17.0,-46.53102368087347,80.53102368087346,2,0.0,0.0,0.0,0.0,0.0,2,0.0,0.0,0.0,0.0,0.0,0,,,,,,2,1.0,0.0,1.0,1.0,1.0,2,17.0,7.0710678118654755,17.0,-46.53102368087347,80.53102368087346,0,,,,,,0,,,,,,0,,,,,,0,,,,,,0,,,,,,0,,,,,,2,0.0,0.0,0.0,0.0,0.0,2,0.0,0.0,0.0,0.0,0.0,2,0.0,0.0,0.0,0.0,0.0,2,0.0,0.0,0.0,0.0,0.0,2,0.0,0.0,0.0,0.0,0.0,2,0.0,0.0,0.0,0.0,0.0,0,,,,,
replay,motion_only,2,0.0,0.0,0.0,0.0,0.0,2,17.0,7.0710678118654755,17.0,-46.53102368087347,80.53102368087346,2,0.0,0.0,0.0,0.0,0.0,2,0.0,0.0,0.0,0.0,0.0,0,,,,,,2,0.4545454545454546,0.06428243465332248,0.4545454545454546,-0.12300930618975858,1.0321002152806678,2,7.5,2.1213203435596424,7.5,-11.55930710426204,26.55930710426204,0,,,,,,0,,,,,,0,,,,,,0,,,,,,0,,,,,,0,,,,,,2,0.0,0.0,0.0,0.0,0.0,2,0.0,0.0,0.0,0.0,0.0,2,0.0,0.0,0.0,0.0,0.0,2,0.0,0.0,0.0,0.0,0.0,2,0.0,0.0,0.0,0.0,0.0,2,0.0,0.0,0.0,0.0,0.0,2,5.0,1.4142135623730951,5.0,-7.706204736174694,17.706204736174694
replay,fixed_threshold,2,0.0,0.0,0.0,0.0,0.0,2,17.0,7.0710678118654755,17.0,-46.53102368087347,80.53102368087346,2,0.0,0.0,0.0,0.0,0.0,2,0.0,0.0,0.0,0.0,0.0,0,,,,,,2,0.4545454545454546,0.06428243465332248,0.4545454545454546,-0.12300930618975858,1.0321002152806678,2,7.5,2.1213203435596424,7.5,-11.55930710426204,26.55930710426204,0,,,,,,0,,,,,,0,,,,,,0,,,,,,0,,,,,,0,,,,,,2,0.0,0.0,0.0,0.0,0.0,2,0.0,0.0,0.0,0.0,0.0,2,0.0,0.0,0.0,0.0,0.0,2,0.0,0.0,0.0,0.0,0.0,2,0.0,0.0,0.0,0.0,0.0,2,0.0,0.0,0.0,0.0,0.0,2,8.5,3.5355339059327378,8.5,-23.265511840436734,40.26551184043673
replay,event,2,0.0,0.0,0.0,0.0,0.0,2,17.0,7.0710678118654755,17.0,-46.53102368087347,80.53102368087346,2,0.0,0.0,0.0,0.0,0.0,2,0.0,0.0,0.0,0.0,0.0,0,,,,,,2,0.4545454545454546,0.06428243465332248,0.4545454545454546,-0.12300930618975858,1.0321002152806678,2,7.5,2.1213203435596424,7.5,-11.55930710426204,26.55930710426204,0,,,,,,0,,,,,,0,,,,,,0,,,,,,0,,,,,,0,,,,,,2,0.0,0.0,0.0,0.0,0.0,2,0.0,0.0,0.0,0.0,0.0,2,0.0,0.0,0.0,0.0,0.0,2,0.0,0.0,0.0,0.0,0.0,2,0.0,0.0,0.0,0.0,0.0,2,0.0,0.0,0.0,0.0,0.0,2,8.5,3.5355339059327378,8.5,-23.265511840436734,40.26551184043673
replay,event_no_early_exit,2,0.0,0.0,0.0,0.0,0.0,2,17.0,7.0710678118654755,17.0,-46.53102368087347,80.53102368087346,2,0.0,0.0,0.0,0.0,0.0,2,0.0,0.0,0.0,0.0,0.0,0,,,,,,2,0.4545454545454546,0.06428243465332248,0.4545454545454546,-0.12300930618975858,1.0321002152806678,2,7.5,2.1213203435596424,7.5,-11.55930710426204,26.55930710426204,0,,,,,,0,,,,,,0,,,,,,0,,,,,,0,,,,,,0,,,,,,2,0.0,0.0,0.0,0.0,0.0,2,0.0,0.0,0.0,0.0,0.0,2,0.0,0.0,0.0,0.0,0.0,2,0.0,0.0,0.0,0.0,0.0,2,0.0,0.0,0.0,0.0,0.0,2,0.0,0.0,0.0,0.0,0.0,2,8.5,3.5355339059327378,8.5,-23.265511840436734,40.26551184043673
replay,secure,2,0.741,0.2955706345359768,0.741,-1.9145967898605103,3.3965967898605105,2,17.0,7.0710678118654755,17.0,-46.53102368087347,80.53102368087346,2,4.5,0.7071067811865476,4.5,-1.853102368087347,10.853102368087347,2,3.0,1.4142135623730951,3.0,-9.706204736174694,15.706204736174694,2,0.6111111111111112,0.07856742013183857,0.6111111111111112,-0.09478915200970472,1.3170113742319272,2,0.1742424242424242,0.010713739108887113,0.1742424242424242,0.07798329745322172,0.27050155103162665,2,3.0,1.4142135623730951,3.0,-9.706204736174694,15.706204736174694,2,0.03125,0.04419417382415922,0.03125,-0.3658188980054592,0.4283188980054592,2,0.0333333333333333,0.04714045207910312,0.0333333333333333,-0.390206824539156,0.45687349120582266,2,0.9166666666666667,0.11785113019775789,0.9166666666666667,-0.14218372801455748,1.975517061347891,2,0.6111111111111112,0.07856742013183857,0.6111111111111112,-0.09478915200970472,1.3170113742319272,2,0.7333333333333334,0.09428090415820632,0.7333333333333334,-0.11374698241164605,1.580413649078313,2,0.26285714285714284,0.03232488142567074,0.26285714285714284,-0.027570393969707285,0.553284679683993,2,0.4,0.0,0.4,0.4,0.4,2,0.0,0.0,0.0,0.0,0.0,2,4.0,0.0,4.0,4.0,4.0,2,1.0,1.4142135623730951,1.0,-11.706204736174694,13.706204736174694,2,0.0,0.0,0.0,0.0,0.0,2,0.0,0.0,0.0,0.0,0.0,2,8.5,3.5355339059327378,8.5,-23.265511840436734,40.26551184043673
mixed,always_on,2,0.0,0.0,0.0,0.0,0.0,2,14.5,20.506096654409877,14.5,-169.73996867453306,198.73996867453306,2,0.0,0.0,0.0,0.0,0.0,2,0.0,0.0,0.0,0.0,0.0,0,,,,,,1,1.0,0.0,1.0,,,2,14.5,20.506096654409877,14.5,-169.73996867453306,198.73996867453306,0,,,,,,0,,,,,,0,,,,,,0,,,,,,0,,,,,,0,,,,,,2,0.0,0.0,0.0,0.0,0.0,2,0.0,0.0,0.0,0.0,0.0,2,0.0,0.0,0.0,0.0,0.0,2,0.0,0.0,0.0,0.0,0.0,2,0.0,0.0,0.0,0.0,0.0,2,0.0,0.0,0.0,0.0,0.0,0,,,,,
mixed,motion_only,2,0.0,0.0,0.0,0.0,0.0,2,14.5,20.506096654409877,14.5,-169.73996867453306,198.73996867453306,2,0.0,0.0,0.0,0.0,0.0,2,0.0,0.0,0.0,0.0,0.0,0,,,,,,1,0.4137931034482758,0.0,0.4137931034482758,,,2,6.0,8.48528137423857,6.0,-70.23722841704816,82.23722841704816,0,,,,,,0,,,,,,0,,,,,,0,,,,,,0,,,,,,0,,,,,,2,0.0,0.0,0.0,0.0,0.0,2,0.0,0.0,0.0,0.0,0.0,2,0.0,0.0,0.0,0.0,0.0,2,0.0,0.0,0.0,0.0,0.0,2,0.0,0.0,0.0,0.0,0.0,2,0.0,0.0,0.0,0.0,0.0,2,5.0,1.4142135623730951,5.0,-7.706204736174694,17.706204736174694
mixed,fixed_threshold,2,0.0,0.0,0.0,0.0,0.0,2,14.5,20.506096654409877,14.5,-169.73996867453306,198.73996867453306,2,0.0,0.0,0.0,0.0,0.0,2,0.0,0.0,0.0,0.0,0.0,0,,,,,,1,0.4482758620689655,0.0,0.4482758620689655,,,2,6.5,9.192388155425117,6.5,-76.0903307851355,89.0903307851355,0,,,,,,0,,,,,,0,,,,,,0,,,,,,0,,,,,,0,,,,,,2,0.0,0.0,0.0,0.0,0.0,2,0.0,0.0,0.0,0.0,0.0,2,0.0,0.0,0.0,0.0,0.0,2,0.0,0.0,0.0,0.0,0.0,2,0.0,0.0,0.0,0.0,0.0,2,0.0,0.0,0.0,0.0,0.0,2,8.5,3.5355339059327378,8.5,-23.265511840436734,40.26551184043673
mixed,event,2,0.0,0.0,0.0,0.0,0.0,2,14.5,20.506096654409877,14.5,-169.73996867453306,198.73996867453306,2,0.0,0.0,0.0,0.0,0.0,2,0.0,0.0,0.0,0.0,0.0,0,,,,,,1,0.4482758620689655,0.0,0.4482758620689655,,,2,6.5,9.192388155425117,6.5,-76.0903307851355,89.0903307851355,0,,,,,,0,,,,,,0,,,,,,0,,,,,,0,,,,,,0,,,,,,2,0.0,0.0,0.0,0.0,0.0,2,0.0,0.0,0.0,0.0,0.0,2,0.0,0.0,0.0,0.0,0.0,2,0.0,0.0,0.0,0.0,0.0,2,0.0,0.0,0.0,0.0,0.0,2,0.0,0.0,0.0,0.0,0.0,2,8.5,3.5355339059327378,8.5,-23.265511840436734,40.26551184043673
mixed,event_no_early_exit,2,0.0,0.0,0.0,0.0,0.0,2,14.5,20.506096654409877,14.5,-169.73996867453306,198.73996867453306,2,0.0,0.0,0.0,0.0,0.0,2,0.0,0.0,0.0,0.0,0.0,0,,,,,,1,0.4482758620689655,0.0,0.4482758620689655,,,2,6.5,9.192388155425117,6.5,-76.0903307851355,89.0903307851355,0,,,,,,0,,,,,,0,,,,,,0,,,,,,0,,,,,,0,,,,,,2,0.0,0.0,0.0,0.0,0.0,2,0.0,0.0,0.0,0.0,0.0,2,0.0,0.0,0.0,0.0,0.0,2,0.0,0.0,0.0,0.0,0.0,2,0.0,0.0,0.0,0.0,0.0,2,0.0,0.0,0.0,0.0,0.0,2,8.5,3.5355339059327378,8.5,-23.265511840436734,40.26551184043673
mixed,secure,2,0.7030000000000001,0.564271211386865,0.7030000000000001,-4.366775689733703,5.772775689733703,2,14.5,20.506096654409877,14.5,-169.73996867453306,198.73996867453306,2,3.5,4.949747468305833,3.5,-40.97171657661143,47.97171657661143,2,3.0,4.242640687119285,3.0,-35.11861420852408,41.11861420852408,1,0.5384615384615384,0.0,0.5384615384615384,,,1,0.2068965517241379,0.0,0.2068965517241379,,,2,3.0,4.242640687119285,3.0,-35.11861420852408,41.11861420852408,2,0.03125,0.04419417382415922,0.03125,-0.3658188980054592,0.4283188980054592,2,0.0333333333333333,0.04714045207910312,0.0333333333333333,-0.390206824539156,0.45687349120582266,1,0.875,0.0,0.875,,,1,0.5384615384615384,0.0,0.5384615384615384,,,1,0.6666666666666667,0.0,0.6666666666666667,,,2,0.1379310344827586,0.19506393963766824,0.1379310344827586,-1.6146489291275437,1.890510998093061,2,0.4,0.0,0.4,0.4,0.4,2,0.0,0.0,0.0,0.0,0.0,2,3.5,4.949747468305833,3.5,-40.97171657661143,47.97171657661143,2,0.5,0.7071067811865476,0.5,-5.853102368087347,6.853102368087347,2,0.0,0.0,0.0,0.0,0.0,2,0.0,0.0,0.0,0.0,0.0,2,8.5,3.5355339059327378,8.5,-23.265511840436734,40.26551184043673
