victim,strategy,seconds,frames,rpc_sent,processed,second_pass,busy_ms_total,m7_active_ms,energy_mJ,wake_req_per_s,busy_ms_per_req,stage2_rate,duty,energy_J_per_min,CEAF,cross_stage_gain_vs_best_baseline
cooldown0.5s,benign,103.9,1039,123,117,23,58667.967,60067.84,31537.451183,1.1838306063522617,501.43561538461535,0.19658119658119658,0.5781312800769971,18.212195100866218,1.0,0.9544641935166457
cooldown0.5s,inference_only,103.9,1039,0,0,0,0.0,0.0,7096.37,0.0,0.0,0.0,0.0,4.098,0.2250140621327458,0.9544641935166457
cooldown0.5s,joint,103.9,1039,182,146,85,92470.786,94532.034,45605.910968,1.7516843118383059,633.3615479452054,0.5821917808219178,0.909836708373436,26.3364259680462,1.4460874058390452,0.9544641935166457
cooldown0.5s,naive,103.9,1039,209,174,66,97901.082,99726.017,47781.688698000005,2.0115495668912415,562.649896551724,0.3793103448275862,0.9598269201154958,27.592890489701638,1.5150776903542644,0.9544641935166457
cooldown0.5s,wake_only,103.9,1039,208,199,19,92261.001,93983.347,45430.686635,2.0019249278152067,463.6231206030151,0.09547738693467336,0.9045557940327237,26.23523771029836,1.4405313343612571,0.9544641935166457
cooldown2s,benign,103.9,1039,36,35,5,16593.688000000002,16997.141,13997.648197999999,0.34648700673724736,474.10537142857146,0.14285714285714285,0.16359134744947065,8.083338709143405,1.0,0.9546977624872783
cooldown2s,inference_only,103.9,1039,0,0,0,0.0,0.0,7096.37,0.0,0.0,0.0,0.0,4.098,0.5069687350060661,0.9546977624872783
cooldown2s,joint,103.9,1039,53,50,35,33485.431,34830.272,21268.607964000003,0.5101058710298364,669.7086199999999,0.7,0.3352287969201155,12.282160518190569,1.5194415278302884,0.9546977624872783
cooldown2s,naive,103.9,1039,56,54,39,36658.16099999999,37316.531,22277.844151,0.5389797882579404,678.8548333333332,0.7222222222222222,0.3591581424446583,12.864972560731472,1.5915419387510459,0.9546977624872783
cooldown2s,wake_only,103.9,1039,55,54,6,24979.909,25540.115,17499.829809,0.5293551491819056,462.5909074074074,0.1111111111111111,0.24581438883541867,10.10577274821944,1.2501978590589522,0.9546977624872783
