scenario,variant,energy_per_hour_J,duty_cycle_%,episode_recall,onset_p95_ms,attack_success_rate,FRR_real_objects,false_alarms_per_hour
busy,always_on,1516.6 ± 0.0,100.00 ± 0.00,0.981 ± 0.004,500.9 ± 9.7,n/a,n/a,5.40 ± 0.97
busy,full_secure,283.9 ± 2.9,2.69 ± 0.20,0.751 ± 0.027,281.4 ± 1.0,n/a,0.094 ± 0.009,0.80 ± 0.56
busy,no_adaptive_trigger,284.2 ± 2.9,2.71 ± 0.20,0.753 ± 0.028,281.2 ± 1.1,n/a,0.095 ± 0.009,0.90 ± 0.63
busy,no_burst_detection,284.7 ± 3.1,2.74 ± 0.21,0.764 ± 0.025,281.3 ± 1.0,n/a,0.074 ± 0.009,0.80 ± 0.56
busy,no_consistency_check,283.9 ± 2.9,2.69 ± 0.20,0.751 ± 0.027,281.4 ± 1.0,n/a,0.094 ± 0.009,0.80 ± 0.56
busy,no_cooldown,303.5 ± 3.7,4.04 ± 0.26,0.766 ± 0.022,288.9 ± 2.2,n/a,0.365 ± 0.023,1.30 ± 0.76
busy,no_early_exit,296.3 ± 3.7,3.53 ± 0.26,0.768 ± 0.023,288.6 ± 0.6,n/a,0.094 ± 0.009,0.80 ± 0.56
busy,no_rate_limit,284.0 ± 2.9,2.69 ± 0.20,0.753 ± 0.026,281.4 ± 1.0,n/a,0.091 ± 0.009,0.80 ± 0.56
busy,no_replay_protection,286.4 ± 3.3,2.86 ± 0.23,0.773 ± 0.029,281.2 ± 1.0,n/a,0.030 ± 0.008,0.80 ± 0.56
busy,no_security,287.6 ± 3.5,2.95 ± 0.24,0.793 ± 0.023,280.7 ± 1.0,n/a,n/a,0.80 ± 0.56
mixed,always_on,1516.9 ± 0.0,100.00 ± 0.00,0.977 ± 0.008,494.7 ± 21.8,0.683 ± 0.031,n/a,81.70 ± 17.73
mixed,full_secure,256.7 ± 1.4,0.81 ± 0.09,0.729 ± 0.039,281.8 ± 2.2,0.047 ± 0.015,0.106 ± 0.023,15.40 ± 2.29
mixed,no_adaptive_trigger,256.7 ± 1.4,0.81 ± 0.10,0.731 ± 0.040,282.0 ± 2.0,0.047 ± 0.015,0.106 ± 0.023,15.40 ± 2.29
mixed,no_burst_detection,260.6 ± 2.9,1.08 ± 0.20,0.772 ± 0.041,281.4 ± 1.9,0.081 ± 0.007,0.059 ± 0.017,18.00 ± 2.92
mixed,no_consistency_check,259.6 ± 2.2,1.01 ± 0.15,0.729 ± 0.039,282.3 ± 1.8,0.084 ± 0.025,0.106 ± 0.023,16.60 ± 2.24
mixed,no_cooldown,268.7 ± 3.3,1.64 ± 0.23,0.871 ± 0.030,303.9 ± 24.1,0.117 ± 0.031,0.211 ± 0.030,27.40 ± 4.50
mixed,no_early_exit,260.1 ± 1.8,1.05 ± 0.12,0.753 ± 0.035,289.7 ± 1.4,0.047 ± 0.015,0.106 ± 0.023,15.40 ± 2.29
mixed,no_rate_limit,256.7 ± 1.4,0.81 ± 0.09,0.729 ± 0.039,281.8 ± 2.2,0.047 ± 0.015,0.106 ± 0.023,15.40 ± 2.29
mixed,no_replay_protection,258.1 ± 1.6,0.91 ± 0.11,0.750 ± 0.035,281.8 ± 2.1,0.065 ± 0.025,0.053 ± 0.019,27.20 ± 4.56
mixed,no_security,270.8 ± 6.6,1.78 ± 0.45,0.796 ± 0.032,281.9 ± 1.6,0.197 ± 0.022,n/a,33.70 ± 6.33
normal,always_on,1516.8 ± 0.0,100.00 ± 0.00,0.980 ± 0.009,512.6 ± 50.4,n/a,n/a,1.20 ± 0.88
normal,full_secure,254.1 ± 1.4,0.64 ± 0.09,0.822 ± 0.038,278.4 ± 2.7,n/a,0.069 ± 0.014,0.50 ± 0.38
normal,no_adaptive_trigger,254.2 ± 1.4,0.65 ± 0.09,0.824 ± 0.038,278.5 ± 2.6,n/a,0.069 ± 0.014,0.50 ± 0.38
normal,no_burst_detection,254.3 ± 1.4,0.65 ± 0.09,0.836 ± 0.037,278.4 ± 2.8,n/a,0.055 ± 0.014,0.50 ± 0.38
normal,no_consistency_check,254.1 ± 1.4,0.64 ± 0.09,0.822 ± 0.038,278.4 ± 2.7,n/a,0.069 ± 0.014,0.50 ± 0.38
normal,no_cooldown,261.3 ± 2.6,1.13 ± 0.18,0.943 ± 0.017,306.5 ± 43.3,n/a,0.118 ± 0.029,0.50 ± 0.38
normal,no_early_exit,257.2 ± 1.8,0.85 ± 0.13,0.840 ± 0.039,288.4 ± 2.8,n/a,0.069 ± 0.014,0.50 ± 0.38
normal,no_rate_limit,254.1 ± 1.4,0.64 ± 0.09,0.822 ± 0.038,278.4 ± 2.7,n/a,0.069 ± 0.014,0.50 ± 0.38
normal,no_replay_protection,254.6 ± 1.5,0.68 ± 0.10,0.830 ± 0.034,278.6 ± 2.6,n/a,0.018 ± 0.011,0.50 ± 0.38
normal,no_security,254.8 ± 1.5,0.69 ± 0.10,0.845 ± 0.030,278.2 ± 2.7,n/a,n/a,0.50 ± 0.38
replay,always_on,1516.8 ± 0.0,100.00 ± 0.00,0.973 ± 0.013,498.2 ± 34.6,1.000 ± 0.000,n/a,89.90 ± 22.41
replay,full_secure,255.8 ± 1.4,0.75 ± 0.09,0.792 ± 0.054,280.0 ± 1.9,0.246 ± 0.043,0.072 ± 0.016,22.80 ± 6.92
replay,no_adaptive_trigger,255.8 ± 1.4,0.76 ± 0.09,0.793 ± 0.053,280.1 ± 1.9,0.246 ± 0.043,0.072 ± 0.015,22.90 ± 6.91
replay,no_burst_detection,255.9 ± 1.4,0.76 ± 0.09,0.806 ± 0.052,280.0 ± 1.9,0.246 ± 0.043,0.056 ± 0.016,22.80 ± 6.92
replay,no_consistency_check,255.8 ± 1.4,0.75 ± 0.09,0.792 ± 0.054,280.0 ± 1.9,0.246 ± 0.043,0.072 ± 0.016,22.80 ± 6.92
replay,no_cooldown,264.2 ± 2.3,1.33 ± 0.16,0.935 ± 0.025,300.2 ± 29.8,0.429 ± 0.057,0.127 ± 0.032,38.90 ± 10.42
replay,no_early_exit,259.4 ± 1.9,1.00 ± 0.13,0.833 ± 0.050,288.4 ± 2.6,0.246 ± 0.043,0.072 ± 0.016,22.80 ± 6.92
replay,no_rate_limit,255.8 ± 1.4,0.75 ± 0.09,0.792 ± 0.054,280.0 ± 1.9,0.246 ± 0.043,0.072 ± 0.016,22.80 ± 6.92
replay,no_replay_protection,258.1 ± 1.7,0.92 ± 0.11,0.801 ± 0.050,280.3 ± 1.9,0.512 ± 0.033,0.020 ± 0.013,45.80 ± 11.12
replay,no_security,258.3 ± 1.6,0.93 ± 0.11,0.817 ± 0.046,280.1 ± 2.0,0.512 ± 0.033,n/a,45.80 ± 11.12
trigger_spam,always_on,1516.9 ± 0.0,100.00 ± 0.00,0.982 ± 0.011,480.6 ± 8.5,0.655 ± 0.010,n/a,48.50 ± 13.42
trigger_spam,full_secure,257.1 ± 1.4,0.84 ± 0.10,0.715 ± 0.056,282.4 ± 2.1,0.025 ± 0.003,0.109 ± 0.029,2.90 ± 1.28
trigger_spam,no_adaptive_trigger,257.1 ± 1.4,0.84 ± 0.10,0.715 ± 0.056,282.3 ± 2.0,0.025 ± 0.003,0.109 ± 0.029,2.90 ± 1.28
trigger_spam,no_burst_detection,264.2 ± 3.0,1.33 ± 0.20,0.769 ± 0.042,282.0 ± 2.0,0.065 ± 0.005,0.052 ± 0.016,6.00 ± 2.68
trigger_spam,no_consistency_check,263.2 ± 2.4,1.26 ± 0.16,0.715 ± 0.056,282.0 ± 1.9,0.064 ± 0.006,0.109 ± 0.029,5.00 ± 2.11
trigger_spam,no_cooldown,272.7 ± 3.3,1.91 ± 0.22,0.852 ± 0.065,337.1 ± 21.7,0.082 ± 0.006,0.232 ± 0.046,7.30 ± 2.43
trigger_spam,no_early_exit,260.4 ± 1.8,1.06 ± 0.13,0.727 ± 0.058,287.7 ± 1.6,0.025 ± 0.003,0.109 ± 0.029,2.90 ± 1.28
trigger_spam,no_rate_limit,257.1 ± 1.4,0.84 ± 0.10,0.715 ± 0.056,282.4 ± 2.1,0.025 ± 0.003,0.109 ± 0.029,2.90 ± 1.28
trigger_spam,no_replay_protection,257.5 ± 1.4,0.87 ± 0.10,0.730 ± 0.053,282.2 ± 2.0,0.025 ± 0.003,0.062 ± 0.025,2.90 ± 1.28
trigger_spam,no_security,281.9 ± 7.3,2.54 ± 0.50,0.787 ± 0.035,281.5 ± 1.6,0.170 ± 0.003,n/a,13.30 ± 4.40
