workload,file_hash,runs,all_runs_match
normal__s1__3600s__default,d1d08bf672c85296,10,True
normal__s2__3600s__default,96d67eb7472f5f82,10,True
normal__s3__3600s__default,7ad9e6f4631091be,10,True
normal__s4__3600s__default,815045d7f8be93e5,10,True
normal__s5__3600s__default,cabbfa5428d22c29,10,True
normal__s6__3600s__default,47f426e17d969614,10,True
normal__s7__3600s__default,4ce3a93a66928742,10,True
normal__s8__3600s__default,3f9fc7b26892d480,10,True
normal__s9__3600s__default,f0835d6b2ef77a36,10,True
normal__s10__3600s__default,220e83a8abd0d618,10,True
busy__s1__3600s__default,3da3049922f9df90,10,True
busy__s2__3600s__default,8a2ef13cc650e6b7,10,True
busy__s3__3600s__default,314596b67318b2f1,10,True
busy__s4__3600s__default,c37b1f54c2f47ad1,10,True
busy__s5__3600s__default,c0b6223108527154,10,True
busy__s6__3600s__default,a00dc684e6f1cbd5,10,True
busy__s7__3600s__default,7a1ea9cf512cb6d5,10,True
busy__s8__3600s__default,6aae829eaa8026d2,10,True
busy__s9__3600s__default,18b976eee469557d,10,True
busy__s10__3600s__default,f5431d9a5afac92d,10,True
trigger_spam__s1__3600s__default,6a2cfc014a8b9149,10,True
trigger_spam__s2__3600s__default,fbaac9f8b3ec142d,10,True
trigger_spam__s3__3600s__default,279839423250c35f,10,True
trigger_spam__s4__3600s__default,bff808fa69847d8d,10,True
trigger_spam__s5__3600s__default,77c2c170b08e8c11,10,True
trigger_spam__s6__3600s__default,472b9b2a97d7188b,10,True
trigger_spam__s7__3600s__default,fd1a7853d356670d,10,True
trigger_spam__s8__3600s__default,af44499182185c9c,10,True
trigger_spam__s9__3600s__default,079bd0db9cb6e246,10,True
trigger_spam__s10__3600s__default,8fc97bb437290e2f,10,True
replay__s1__3600s__default,561851b759a2c33d,10,True
replay__s2__3600s__default,fab1f7b9f41b4eaa,10,True
replay__s3__3600s__default,4d5c9982a6bb9a69,10,True
replay__s4__3600s__default,45e4851a7fdc7b73,10,True
replay__s5__3600s__default,0c553dfdd89dcbaa,10,True
replay__s6__3600s__default,6837d915c3d0ecf7,10,True
replay__s7__3600s__default,a3f359d7dc635d78,10,True
replay__s8__3600s__default,510ec4c419dc4faf,10,True
replay__s9__3600s__default,6ab8b5bbbecfebbd,10,True
replay__s10__3600s__default,0626109bf9e4a7eb,10,True
mixed__s1__3600s__default,56179480c0340cdc,10,True
mixed__s2__3600s__default,9aad025334b927fc,10,True
mixed__s3__3600s__default,6a58abc35733528f,10,True
mixed__s4__3600s__default,344bd2893be875b2,10,True
mixed__s5__3600s__default,becc32cd5d8abbe0,10,True
mixed__s6__3600s__default,938d0b5bfacca6c1,10,True
mixed__s7__3600s__default,0182a0020d56088b,10,True
mixed__s8__3600s__default,aaafd3ed17e7ef3a,10,True
mixed__s9__3600s__default,a2318a0d4d6b2939,10,True
mixed__s10__3600s__default,80bb42071521856e,10,True
