parameter,value,scenario,mode,energy_per_hour_J,episode_recall,onset_p95_ms,attack_success_rate,attack_detection_rate,FRR_real_objects,rpc_drops
arrival_scale,0.5,normal,always_on,1516.8 ± 0.0,0.974 ± 0.016,490.7 ± 27.8,n/a,n/a,n/a,0.00 ± 0.00
arrival_scale,1.0,normal,always_on,1516.8 ± 0.0,0.980 ± 0.009,512.6 ± 50.4,n/a,n/a,n/a,0.00 ± 0.00
arrival_scale,2.0,normal,always_on,1516.8 ± 0.0,0.984 ± 0.007,498.9 ± 17.9,n/a,n/a,n/a,0.00 ± 0.00
arrival_scale,4.0,normal,always_on,1516.7 ± 0.1,0.985 ± 0.007,519.9 ± 24.7,n/a,n/a,n/a,0.00 ± 0.00
arrival_scale,0.5,normal,event,250.4 ± 0.8,0.834 ± 0.044,281.3 ± 3.9,n/a,n/a,n/a,0.00 ± 0.00
arrival_scale,1.0,normal,event,254.8 ± 1.5,0.845 ± 0.030,278.2 ± 2.7,n/a,n/a,n/a,0.00 ± 0.00
arrival_scale,2.0,normal,event,264.2 ± 1.6,0.827 ± 0.031,280.0 ± 1.9,n/a,n/a,n/a,0.00 ± 0.00
arrival_scale,4.0,normal,event,275.9 ± 5.8,0.786 ± 0.034,280.6 ± 1.4,n/a,n/a,n/a,0.00 ± 0.00
arrival_scale,0.5,normal,secure,250.1 ± 0.7,0.806 ± 0.057,281.7 ± 4.4,n/a,n/a,0.076 ± 0.032,0.00 ± 0.00
arrival_scale,1.0,normal,secure,254.1 ± 1.4,0.822 ± 0.038,278.4 ± 2.7,n/a,n/a,0.069 ± 0.014,0.00 ± 0.00
arrival_scale,2.0,normal,secure,262.9 ± 1.5,0.799 ± 0.033,280.7 ± 2.1,n/a,n/a,0.075 ± 0.013,0.00 ± 0.00
arrival_scale,4.0,normal,secure,273.1 ± 5.1,0.740 ± 0.040,281.2 ± 1.4,n/a,n/a,0.103 ± 0.011,0.00 ± 0.00
attack_intensity,0.0,mixed,event,254.9 ± 1.4,0.835 ± 0.027,278.6 ± 1.5,n/a,n/a,n/a,0.00 ± 0.00
attack_intensity,0.5,mixed,event,260.9 ± 3.3,0.816 ± 0.040,281.0 ± 2.0,0.242 ± 0.065,n/a,n/a,0.00 ± 0.00
attack_intensity,1.0,mixed,event,270.8 ± 6.6,0.796 ± 0.032,281.9 ± 1.6,0.197 ± 0.022,n/a,n/a,0.00 ± 0.00
attack_intensity,2.0,mixed,event,284.9 ± 7.6,0.768 ± 0.041,282.5 ± 1.4,0.182 ± 0.006,n/a,n/a,0.00 ± 0.00
attack_intensity,4.0,mixed,event,304.9 ± 6.9,0.724 ± 0.058,282.5 ± 1.2,0.183 ± 0.005,n/a,n/a,0.00 ± 0.00
attack_intensity,8.0,mixed,event,332.0 ± 7.2,0.619 ± 0.048,283.2 ± 1.1,0.180 ± 0.004,n/a,n/a,0.00 ± 0.00
attack_intensity,0.0,mixed,fixed_threshold,258.3 ± 1.8,0.854 ± 0.023,286.4 ± 1.0,n/a,n/a,n/a,0.00 ± 0.00
attack_intensity,0.5,mixed,fixed_threshold,265.2 ± 3.8,0.836 ± 0.041,286.8 ± 1.5,0.242 ± 0.065,n/a,n/a,0.00 ± 0.00
attack_intensity,1.0,mixed,fixed_threshold,276.5 ± 7.4,0.813 ± 0.031,288.3 ± 1.2,0.197 ± 0.022,n/a,n/a,0.00 ± 0.00
attack_intensity,2.0,mixed,fixed_threshold,293.2 ± 8.8,0.785 ± 0.033,287.2 ± 1.2,0.182 ± 0.006,n/a,n/a,0.00 ± 0.00
attack_intensity,4.0,mixed,fixed_threshold,316.5 ± 8.1,0.732 ± 0.053,286.7 ± 1.0,0.183 ± 0.005,n/a,n/a,0.00 ± 0.00
attack_intensity,8.0,mixed,fixed_threshold,348.3 ± 8.2,0.632 ± 0.048,286.9 ± 0.8,0.180 ± 0.004,n/a,n/a,0.00 ± 0.00
attack_intensity,0.0,mixed,secure,254.3 ± 1.3,0.805 ± 0.036,278.9 ± 1.7,n/a,n/a,0.076 ± 0.019,0.00 ± 0.00
attack_intensity,0.5,mixed,secure,255.1 ± 1.5,0.771 ± 0.042,280.2 ± 2.9,0.083 ± 0.065,0.720 ± 0.142,0.092 ± 0.022,0.00 ± 0.00
attack_intensity,1.0,mixed,secure,256.7 ± 1.4,0.729 ± 0.039,281.8 ± 2.2,0.047 ± 0.015,0.769 ± 0.044,0.106 ± 0.023,0.00 ± 0.00
attack_intensity,2.0,mixed,secure,258.1 ± 1.5,0.689 ± 0.054,280.9 ± 1.3,0.033 ± 0.004,0.822 ± 0.014,0.121 ± 0.032,0.00 ± 0.00
attack_intensity,4.0,mixed,secure,261.3 ± 1.2,0.611 ± 0.064,282.3 ± 1.9,0.035 ± 0.005,0.808 ± 0.020,0.174 ± 0.029,0.00 ± 0.00
attack_intensity,8.0,mixed,secure,263.9 ± 1.0,0.443 ± 0.062,282.5 ± 1.5,0.032 ± 0.002,0.822 ± 0.011,0.277 ± 0.055,0.00 ± 0.00
attack_intensity,0.0,replay,event,254.8 ± 1.5,0.845 ± 0.030,278.2 ± 2.7,n/a,n/a,n/a,0.00 ± 0.00
attack_intensity,0.5,replay,event,256.9 ± 1.3,0.822 ± 0.044,279.0 ± 1.8,0.489 ± 0.031,n/a,n/a,0.00 ± 0.00
attack_intensity,1.0,replay,event,258.3 ± 1.6,0.817 ± 0.046,280.1 ± 2.0,0.512 ± 0.033,n/a,n/a,0.00 ± 0.00
attack_intensity,2.0,replay,event,261.4 ± 1.2,0.826 ± 0.032,281.1 ± 2.2,0.496 ± 0.023,n/a,n/a,0.00 ± 0.00
attack_intensity,4.0,replay,event,267.3 ± 1.9,0.809 ± 0.056,280.5 ± 1.6,0.466 ± 0.015,n/a,n/a,0.00 ± 0.00
attack_intensity,8.0,replay,event,281.1 ± 2.2,0.788 ± 0.048,280.7 ± 1.4,0.458 ± 0.019,n/a,n/a,0.00 ± 0.00
attack_intensity,0.0,replay,fixed_threshold,258.1 ± 1.9,0.865 ± 0.035,288.5 ± 2.3,n/a,n/a,n/a,0.00 ± 0.00
attack_intensity,0.5,replay,fixed_threshold,261.0 ± 1.6,0.841 ± 0.046,287.7 ± 1.4,0.489 ± 0.031,n/a,n/a,0.00 ± 0.00
attack_intensity,1.0,replay,fixed_threshold,262.8 ± 2.1,0.861 ± 0.042,288.3 ± 1.4,0.512 ± 0.033,n/a,n/a,0.00 ± 0.00
attack_intensity,2.0,replay,fixed_threshold,267.0 ± 1.4,0.849 ± 0.030,288.5 ± 1.6,0.496 ± 0.023,n/a,n/a,0.00 ± 0.00
attack_intensity,4.0,replay,fixed_threshold,274.8 ± 2.5,0.815 ± 0.041,288.2 ± 1.7,0.467 ± 0.015,n/a,n/a,0.00 ± 0.00
attack_intensity,8.0,replay,fixed_threshold,293.2 ± 3.4,0.814 ± 0.054,288.1 ± 1.6,0.459 ± 0.019,n/a,n/a,0.00 ± 0.00
attack_intensity,0.0,replay,secure,254.1 ± 1.4,0.822 ± 0.038,278.4 ± 2.7,n/a,n/a,0.069 ± 0.014,0.00 ± 0.00
attack_intensity,0.5,replay,secure,255.2 ± 1.3,0.795 ± 0.045,278.6 ± 2.5,0.258 ± 0.051,0.476 ± 0.088,0.072 ± 0.015,0.00 ± 0.00
attack_intensity,1.0,replay,secure,255.8 ± 1.4,0.792 ± 0.054,280.0 ± 1.9,0.246 ± 0.043,0.520 ± 0.078,0.072 ± 0.016,0.00 ± 0.00
attack_intensity,2.0,replay,secure,257.3 ± 1.2,0.793 ± 0.039,281.7 ± 2.4,0.242 ± 0.033,0.513 ± 0.062,0.074 ± 0.013,0.00 ± 0.00
attack_intensity,4.0,replay,secure,259.5 ± 1.4,0.780 ± 0.060,280.6 ± 1.9,0.213 ± 0.021,0.543 ± 0.043,0.075 ± 0.016,0.00 ± 0.00
attack_intensity,8.0,replay,secure,264.0 ± 1.5,0.753 ± 0.054,281.8 ± 1.6,0.183 ± 0.023,0.603 ± 0.036,0.079 ± 0.019,0.00 ± 0.00
attack_intensity,0.0,trigger_spam,event,254.8 ± 1.5,0.845 ± 0.030,278.2 ± 2.7,n/a,n/a,n/a,0.00 ± 0.00
attack_intensity,0.5,trigger_spam,event,268.3 ± 6.2,0.812 ± 0.037,281.3 ± 1.6,0.171 ± 0.007,n/a,n/a,0.00 ± 0.00
attack_intensity,1.0,trigger_spam,event,281.9 ± 7.3,0.787 ± 0.035,281.5 ± 1.6,0.170 ± 0.003,n/a,n/a,0.00 ± 0.00
attack_intensity,2.0,trigger_spam,event,299.1 ± 6.8,0.717 ± 0.057,282.2 ± 1.0,0.170 ± 0.002,n/a,n/a,0.00 ± 0.00
attack_intensity,4.0,trigger_spam,event,323.7 ± 8.4,0.662 ± 0.050,283.7 ± 1.3,0.171 ± 0.001,n/a,n/a,0.00 ± 0.00
attack_intensity,8.0,trigger_spam,event,352.4 ± 6.7,0.579 ± 0.034,283.0 ± 0.7,0.171 ± 0.001,n/a,n/a,0.00 ± 0.00
attack_intensity,0.0,trigger_spam,fixed_threshold,258.1 ± 1.9,0.865 ± 0.035,288.5 ± 2.3,n/a,n/a,n/a,0.00 ± 0.00
attack_intensity,0.5,trigger_spam,fixed_threshold,273.6 ± 7.4,0.832 ± 0.039,287.7 ± 2.1,0.171 ± 0.007,n/a,n/a,0.00 ± 0.00
attack_intensity,1.0,trigger_spam,fixed_threshold,289.5 ± 8.6,0.796 ± 0.041,286.2 ± 1.1,0.170 ± 0.003,n/a,n/a,0.00 ± 0.00
attack_intensity,2.0,trigger_spam,fixed_threshold,309.0 ± 8.1,0.729 ± 0.055,286.0 ± 1.1,0.170 ± 0.002,n/a,n/a,0.00 ± 0.00
attack_intensity,4.0,trigger_spam,fixed_threshold,337.2 ± 9.4,0.679 ± 0.045,287.3 ± 1.0,0.171 ± 0.001,n/a,n/a,0.00 ± 0.00
attack_intensity,8.0,trigger_spam,fixed_threshold,370.1 ± 7.9,0.599 ± 0.030,286.2 ± 0.6,0.171 ± 0.001,n/a,n/a,0.00 ± 0.00
attack_intensity,0.0,trigger_spam,secure,254.1 ± 1.4,0.822 ± 0.038,278.4 ± 2.7,n/a,n/a,0.069 ± 0.014,0.00 ± 0.00
attack_intensity,0.5,trigger_spam,secure,255.5 ± 1.4,0.752 ± 0.044,281.4 ± 1.9,0.026 ± 0.005,0.847 ± 0.027,0.101 ± 0.025,0.00 ± 0.00
attack_intensity,1.0,trigger_spam,secure,257.1 ± 1.4,0.715 ± 0.056,282.4 ± 2.1,0.025 ± 0.003,0.851 ± 0.015,0.109 ± 0.029,0.00 ± 0.00
attack_intensity,2.0,trigger_spam,secure,258.8 ± 1.4,0.609 ± 0.069,281.3 ± 1.3,0.026 ± 0.002,0.848 ± 0.013,0.167 ± 0.031,0.00 ± 0.00
attack_intensity,4.0,trigger_spam,secure,261.2 ± 1.2,0.489 ± 0.053,283.4 ± 3.1,0.026 ± 0.001,0.848 ± 0.007,0.249 ± 0.050,0.00 ± 0.00
attack_intensity,8.0,trigger_spam,secure,264.2 ± 1.3,0.373 ± 0.033,283.5 ± 2.1,0.025 ± 0.001,0.851 ± 0.006,0.351 ± 0.038,0.00 ± 0.00
burst_threshold,5.0,burst,secure,255.0 ± 1.2,0.252 ± 0.042,280.1 ± 3.0,n/a,n/a,0.451 ± 0.054,0.00 ± 0.00
burst_threshold,10.0,burst,secure,256.7 ± 1.2,0.303 ± 0.046,280.1 ± 2.8,n/a,n/a,0.350 ± 0.051,0.00 ± 0.00
burst_threshold,20.0,burst,secure,259.3 ± 1.2,0.382 ± 0.049,280.1 ± 2.3,n/a,n/a,0.195 ± 0.040,0.00 ± 0.00
burst_threshold,40.0,burst,secure,261.2 ± 1.4,0.433 ± 0.037,280.1 ± 1.5,n/a,n/a,0.090 ± 0.014,0.00 ± 0.00
burst_threshold,5.0,trigger_spam,secure,253.1 ± 1.2,0.667 ± 0.067,281.6 ± 2.5,0.005 ± 0.001,0.972 ± 0.007,0.178 ± 0.040,0.00 ± 0.00
burst_threshold,10.0,trigger_spam,secure,257.1 ± 1.4,0.715 ± 0.056,282.4 ± 2.1,0.025 ± 0.003,0.851 ± 0.015,0.109 ± 0.029,0.00 ± 0.00
burst_threshold,20.0,trigger_spam,secure,263.9 ± 2.9,0.764 ± 0.042,281.8 ± 2.0,0.063 ± 0.005,0.630 ± 0.027,0.059 ± 0.021,0.00 ± 0.00
burst_threshold,40.0,trigger_spam,secure,264.2 ± 3.0,0.769 ± 0.042,282.0 ± 2.0,0.065 ± 0.005,0.620 ± 0.028,0.052 ± 0.016,0.00 ± 0.00
consistency_threshold,0.3,mixed,secure,258.2 ± 1.8,0.729 ± 0.039,281.4 ± 2.0,0.069 ± 0.023,0.665 ± 0.066,0.106 ± 0.023,0.00 ± 0.00
consistency_threshold,0.4,mixed,secure,257.4 ± 1.6,0.729 ± 0.039,281.6 ± 2.1,0.058 ± 0.021,0.716 ± 0.058,0.106 ± 0.023,0.00 ± 0.00
consistency_threshold,0.5,mixed,secure,256.7 ± 1.4,0.729 ± 0.039,281.8 ± 2.2,0.047 ± 0.015,0.769 ± 0.044,0.106 ± 0.023,0.00 ± 0.00
consistency_threshold,0.6,mixed,secure,256.6 ± 1.4,0.729 ± 0.039,281.8 ± 2.3,0.047 ± 0.015,0.769 ± 0.044,0.106 ± 0.023,0.00 ± 0.00
consistency_threshold,0.7,mixed,secure,256.5 ± 1.4,0.723 ± 0.039,281.7 ± 2.3,0.047 ± 0.015,0.771 ± 0.044,0.111 ± 0.023,0.00 ± 0.00
consistency_threshold,0.3,trigger_spam,secure,260.5 ± 2.0,0.715 ± 0.056,282.0 ± 2.0,0.046 ± 0.004,0.729 ± 0.020,0.109 ± 0.029,0.00 ± 0.00
consistency_threshold,0.4,trigger_spam,secure,258.8 ± 1.7,0.715 ± 0.056,282.1 ± 2.2,0.035 ± 0.002,0.793 ± 0.011,0.109 ± 0.029,0.00 ± 0.00
consistency_threshold,0.5,trigger_spam,secure,257.1 ± 1.4,0.715 ± 0.056,282.4 ± 2.1,0.025 ± 0.003,0.851 ± 0.015,0.109 ± 0.029,0.00 ± 0.00
consistency_threshold,0.6,trigger_spam,secure,257.1 ± 1.4,0.715 ± 0.056,282.4 ± 2.1,0.025 ± 0.003,0.852 ± 0.016,0.109 ± 0.029,0.00 ± 0.00
consistency_threshold,0.7,trigger_spam,secure,257.0 ± 1.4,0.713 ± 0.055,282.4 ± 2.1,0.025 ± 0.003,0.852 ± 0.016,0.113 ± 0.028,0.00 ± 0.00
cooldown_ms,0.0,normal,event,263.4 ± 3.0,0.962 ± 0.015,322.5 ± 61.6,n/a,n/a,n/a,0.00 ± 0.00
cooldown_ms,500.0,normal,event,261.5 ± 2.5,0.922 ± 0.027,278.9 ± 1.8,n/a,n/a,n/a,0.00 ± 0.00
cooldown_ms,1500.0,normal,event,254.8 ± 1.5,0.845 ± 0.030,278.2 ± 2.7,n/a,n/a,n/a,0.00 ± 0.00
cooldown_ms,3000.0,normal,event,252.3 ± 1.1,0.784 ± 0.034,276.8 ± 2.6,n/a,n/a,n/a,0.00 ± 0.00
cooldown_ms,6000.0,normal,event,250.7 ± 0.9,0.707 ± 0.039,278.8 ± 3.6,n/a,n/a,n/a,0.00 ± 0.00
cooldown_ms,0.0,normal,secure,261.3 ± 2.6,0.943 ± 0.017,306.5 ± 43.3,n/a,n/a,0.118 ± 0.029,0.00 ± 0.00
cooldown_ms,500.0,normal,secure,259.9 ± 2.3,0.891 ± 0.040,278.9 ± 2.0,n/a,n/a,0.103 ± 0.018,0.00 ± 0.00
cooldown_ms,1500.0,normal,secure,254.1 ± 1.4,0.822 ± 0.038,278.4 ± 2.7,n/a,n/a,0.069 ± 0.014,0.00 ± 0.00
cooldown_ms,3000.0,normal,secure,252.0 ± 1.0,0.765 ± 0.039,277.1 ± 2.6,n/a,n/a,0.040 ± 0.016,0.00 ± 0.00
cooldown_ms,6000.0,normal,secure,250.6 ± 0.9,0.697 ± 0.041,278.3 ± 3.0,n/a,n/a,0.015 ± 0.012,0.00 ± 0.00
cooldown_ms,0.0,trigger_spam,event,392.5 ± 34.9,0.966 ± 0.017,758.7 ± 52.0,0.774 ± 0.006,n/a,n/a,0.00 ± 0.00
cooldown_ms,500.0,trigger_spam,event,318.9 ± 15.6,0.904 ± 0.032,282.1 ± 0.6,0.353 ± 0.004,n/a,n/a,0.00 ± 0.00
cooldown_ms,1500.0,trigger_spam,event,281.9 ± 7.3,0.787 ± 0.035,281.5 ± 1.6,0.170 ± 0.003,n/a,n/a,0.00 ± 0.00
cooldown_ms,3000.0,trigger_spam,event,267.5 ± 4.1,0.715 ± 0.055,281.2 ± 1.4,0.096 ± 0.002,n/a,n/a,0.00 ± 0.00
cooldown_ms,6000.0,trigger_spam,event,258.6 ± 2.3,0.619 ± 0.054,282.2 ± 2.4,0.052 ± 0.002,n/a,n/a,0.00 ± 0.00
cooldown_ms,0.0,trigger_spam,secure,272.7 ± 3.3,0.852 ± 0.065,337.1 ± 21.7,0.082 ± 0.006,0.894 ± 0.009,0.232 ± 0.046,0.00 ± 0.00
cooldown_ms,500.0,trigger_spam,secure,265.9 ± 2.4,0.797 ± 0.054,281.2 ± 1.4,0.047 ± 0.005,0.867 ± 0.016,0.153 ± 0.029,0.00 ± 0.00
cooldown_ms,1500.0,trigger_spam,secure,257.1 ± 1.4,0.715 ± 0.056,282.4 ± 2.1,0.025 ± 0.003,0.851 ± 0.015,0.109 ± 0.029,0.00 ± 0.00
cooldown_ms,3000.0,trigger_spam,secure,253.6 ± 0.9,0.665 ± 0.061,279.7 ± 3.0,0.016 ± 0.001,0.837 ± 0.014,0.078 ± 0.027,0.00 ± 0.00
cooldown_ms,6000.0,trigger_spam,secure,251.2 ± 0.9,0.592 ± 0.057,279.9 ± 1.9,0.009 ± 0.002,0.832 ± 0.032,0.042 ± 0.031,0.00 ± 0.00
early_exit_threshold,0.6,busy,event,280.5 ± 2.8,0.775 ± 0.024,267.8 ± 1.7,n/a,n/a,n/a,0.00 ± 0.00
early_exit_threshold,0.7,busy,event,283.1 ± 3.0,0.782 ± 0.022,275.8 ± 1.0,n/a,n/a,n/a,0.00 ± 0.00
early_exit_threshold,0.8,busy,event,287.6 ± 3.5,0.793 ± 0.023,280.7 ± 1.0,n/a,n/a,n/a,0.00 ± 0.00
early_exit_threshold,0.9,busy,event,294.9 ± 3.9,0.802 ± 0.019,285.6 ± 1.1,n/a,n/a,n/a,0.00 ± 0.00
early_exit_threshold,0.95,busy,event,298.9 ± 4.4,0.808 ± 0.017,287.4 ± 0.9,n/a,n/a,n/a,0.00 ± 0.00
early_exit_threshold,0.6,busy,secure,277.4 ± 2.3,0.735 ± 0.029,268.7 ± 1.4,n/a,n/a,0.094 ± 0.009,0.00 ± 0.00
early_exit_threshold,0.7,busy,secure,279.8 ± 2.5,0.742 ± 0.027,276.4 ± 1.1,n/a,n/a,0.094 ± 0.009,0.00 ± 0.00
early_exit_threshold,0.8,busy,secure,283.9 ± 2.9,0.751 ± 0.027,281.4 ± 1.0,n/a,n/a,0.094 ± 0.009,0.00 ± 0.00
early_exit_threshold,0.9,busy,secure,290.4 ± 3.3,0.762 ± 0.024,285.9 ± 1.1,n/a,n/a,0.094 ± 0.009,0.00 ± 0.00
early_exit_threshold,0.95,busy,secure,294.1 ± 3.7,0.768 ± 0.022,287.7 ± 0.9,n/a,n/a,0.094 ± 0.009,0.00 ± 0.00
early_exit_threshold,0.6,normal,event,253.3 ± 1.2,0.836 ± 0.042,269.5 ± 3.3,n/a,n/a,n/a,0.00 ± 0.00
early_exit_threshold,0.7,normal,event,253.8 ± 1.3,0.845 ± 0.037,274.6 ± 1.9,n/a,n/a,n/a,0.00 ± 0.00
early_exit_threshold,0.8,normal,event,254.8 ± 1.5,0.845 ± 0.030,278.2 ± 2.7,n/a,n/a,n/a,0.00 ± 0.00
early_exit_threshold,0.9,normal,event,256.4 ± 1.8,0.859 ± 0.033,284.6 ± 1.9,n/a,n/a,n/a,0.00 ± 0.00
early_exit_threshold,0.95,normal,event,257.4 ± 1.9,0.862 ± 0.034,287.0 ± 2.1,n/a,n/a,n/a,0.00 ± 0.00
early_exit_threshold,0.6,normal,secure,252.7 ± 1.2,0.816 ± 0.050,270.0 ± 3.3,n/a,n/a,0.069 ± 0.014,0.00 ± 0.00
early_exit_threshold,0.7,normal,secure,253.3 ± 1.2,0.824 ± 0.047,274.6 ± 1.8,n/a,n/a,0.069 ± 0.014,0.00 ± 0.00
early_exit_threshold,0.8,normal,secure,254.1 ± 1.4,0.822 ± 0.038,278.4 ± 2.7,n/a,n/a,0.069 ± 0.014,0.00 ± 0.00
early_exit_threshold,0.9,normal,secure,255.7 ± 1.7,0.835 ± 0.039,284.4 ± 2.0,n/a,n/a,0.069 ± 0.014,0.00 ± 0.00
early_exit_threshold,0.95,normal,secure,256.6 ± 1.8,0.839 ± 0.039,286.8 ± 2.2,n/a,n/a,0.069 ± 0.014,0.00 ± 0.00
inference_ms,70.0,busy,always_on,1509.4 ± 0.0,0.981 ± 0.004,357.0 ± 2.9,n/a,n/a,n/a,0.00 ± 0.00
inference_ms,140.0,busy,always_on,1516.6 ± 0.0,0.981 ± 0.004,500.9 ± 9.7,n/a,n/a,n/a,0.00 ± 0.00
inference_ms,280.0,busy,always_on,1522.0 ± 0.0,0.977 ± 0.005,847.2 ± 32.1,n/a,n/a,n/a,0.00 ± 0.00
inference_ms,560.0,busy,always_on,1525.6 ± 0.0,0.947 ± 0.011,1478.8 ± 27.8,n/a,n/a,n/a,0.00 ± 0.00
inference_ms,70.0,busy,event,272.2 ± 2.3,0.793 ± 0.023,205.7 ± 1.1,n/a,n/a,n/a,0.00 ± 0.00
inference_ms,140.0,busy,event,287.6 ± 3.5,0.793 ± 0.023,280.7 ± 1.0,n/a,n/a,n/a,0.00 ± 0.00
inference_ms,280.0,busy,event,318.4 ± 5.9,0.792 ± 0.023,433.2 ± 2.2,n/a,n/a,n/a,0.00 ± 0.00
inference_ms,560.0,busy,event,380.1 ± 10.6,0.792 ± 0.023,741.1 ± 3.6,n/a,n/a,n/a,0.00 ± 0.00
inference_ms,70.0,busy,secure,269.8 ± 1.9,0.751 ± 0.027,206.1 ± 1.2,n/a,n/a,0.094 ± 0.009,0.00 ± 0.00
inference_ms,140.0,busy,secure,283.9 ± 2.9,0.751 ± 0.027,281.4 ± 1.0,n/a,n/a,0.094 ± 0.009,0.00 ± 0.00
inference_ms,280.0,busy,secure,311.9 ± 5.0,0.751 ± 0.027,434.0 ± 2.4,n/a,n/a,0.094 ± 0.009,0.00 ± 0.00
inference_ms,560.0,busy,secure,368.1 ± 9.0,0.751 ± 0.027,741.8 ± 4.3,n/a,n/a,0.094 ± 0.009,0.00 ± 0.00
inference_ms,70.0,normal,always_on,1509.6 ± 0.0,0.980 ± 0.009,352.1 ± 14.1,n/a,n/a,n/a,0.00 ± 0.00
inference_ms,140.0,normal,always_on,1516.8 ± 0.0,0.980 ± 0.009,512.6 ± 50.4,n/a,n/a,n/a,0.00 ± 0.00
inference_ms,280.0,normal,always_on,1522.3 ± 0.0,0.978 ± 0.011,838.2 ± 81.2,n/a,n/a,n/a,0.00 ± 0.00
inference_ms,560.0,normal,always_on,1525.7 ± 0.0,0.949 ± 0.027,1371.0 ± 71.5,n/a,n/a,n/a,0.00 ± 0.00
inference_ms,70.0,normal,event,251.2 ± 0.9,0.845 ± 0.030,204.1 ± 1.6,n/a,n/a,n/a,0.00 ± 0.00
inference_ms,140.0,normal,event,254.8 ± 1.5,0.845 ± 0.030,278.2 ± 2.7,n/a,n/a,n/a,0.00 ± 0.00
inference_ms,280.0,normal,event,262.0 ± 2.5,0.845 ± 0.030,430.2 ± 4.2,n/a,n/a,n/a,0.00 ± 0.00
inference_ms,560.0,normal,event,276.4 ± 4.7,0.845 ± 0.030,736.1 ± 9.9,n/a,n/a,n/a,0.00 ± 0.00
inference_ms,70.0,normal,secure,250.8 ± 0.9,0.822 ± 0.038,204.3 ± 2.0,n/a,n/a,0.069 ± 0.014,0.00 ± 0.00
inference_ms,140.0,normal,secure,254.1 ± 1.4,0.822 ± 0.038,278.4 ± 2.7,n/a,n/a,0.069 ± 0.014,0.00 ± 0.00
inference_ms,280.0,normal,secure,260.9 ± 2.4,0.822 ± 0.038,430.6 ± 4.4,n/a,n/a,0.069 ± 0.014,0.00 ± 0.00
inference_ms,560.0,normal,secure,274.4 ± 4.4,0.822 ± 0.038,737.6 ± 10.7,n/a,n/a,0.069 ± 0.014,0.00 ± 0.00
rate_limit,5.0,busy,secure,263.2 ± 0.7,0.392 ± 0.022,281.4 ± 1.6,n/a,n/a,0.578 ± 0.022,0.00 ± 0.00
rate_limit,10.0,busy,secure,275.7 ± 1.8,0.612 ± 0.029,281.5 ± 1.1,n/a,n/a,0.288 ± 0.020,0.00 ± 0.00
rate_limit,20.0,busy,secure,283.9 ± 2.9,0.751 ± 0.027,281.4 ± 1.0,n/a,n/a,0.094 ± 0.009,0.00 ± 0.00
rate_limit,40.0,busy,secure,284.0 ± 2.9,0.753 ± 0.026,281.4 ± 1.0,n/a,n/a,0.091 ± 0.009,0.00 ± 0.00
rate_limit,5.0,trigger_spam,secure,254.8 ± 1.0,0.610 ± 0.056,281.9 ± 1.9,0.021 ± 0.003,0.879 ± 0.017,0.273 ± 0.025,0.00 ± 0.00
rate_limit,10.0,trigger_spam,secure,257.1 ± 1.4,0.714 ± 0.055,282.3 ± 2.1,0.025 ± 0.003,0.852 ± 0.016,0.111 ± 0.027,0.00 ± 0.00
rate_limit,20.0,trigger_spam,secure,257.1 ± 1.4,0.715 ± 0.056,282.4 ± 2.1,0.025 ± 0.003,0.851 ± 0.015,0.109 ± 0.029,0.00 ± 0.00
rate_limit,40.0,trigger_spam,secure,257.1 ± 1.4,0.715 ± 0.056,282.4 ± 2.1,0.025 ± 0.003,0.851 ± 0.015,0.109 ± 0.029,0.00 ± 0.00
replay_window_ms,60000.0,replay,secure,256.5 ± 1.5,0.792 ± 0.054,280.0 ± 1.9,0.360 ± 0.030,0.294 ± 0.049,0.072 ± 0.016,0.00 ± 0.00
replay_window_ms,300000.0,replay,secure,256.1 ± 1.4,0.792 ± 0.054,279.9 ± 1.9,0.296 ± 0.025,0.420 ± 0.047,0.072 ± 0.016,0.00 ± 0.00
replay_window_ms,600000.0,replay,secure,255.8 ± 1.4,0.792 ± 0.054,280.0 ± 1.9,0.246 ± 0.043,0.520 ± 0.078,0.072 ± 0.016,0.00 ± 0.00
replay_window_ms,1800000.0,replay,secure,255.1 ± 1.4,0.792 ± 0.054,279.5 ± 2.0,0.151 ± 0.033,0.706 ± 0.059,0.072 ± 0.016,0.00 ± 0.00
rpc_jitter_ms,0.0,busy,event,287.6 ± 3.5,0.793 ± 0.023,280.4 ± 1.0,n/a,n/a,n/a,0.00 ± 0.00
rpc_jitter_ms,0.2,busy,event,287.6 ± 3.5,0.793 ± 0.023,280.7 ± 1.0,n/a,n/a,n/a,0.00 ± 0.00
rpc_jitter_ms,1.0,busy,event,287.6 ± 3.5,0.793 ± 0.023,282.0 ± 1.1,n/a,n/a,n/a,0.00 ± 0.00
rpc_jitter_ms,5.0,busy,event,287.7 ± 3.5,0.793 ± 0.023,289.0 ± 1.3,n/a,n/a,n/a,0.00 ± 0.00
rpc_jitter_ms,0.0,busy,secure,283.9 ± 2.9,0.751 ± 0.027,281.1 ± 1.1,n/a,n/a,0.094 ± 0.009,0.00 ± 0.00
rpc_jitter_ms,0.2,busy,secure,283.9 ± 2.9,0.751 ± 0.027,281.4 ± 1.0,n/a,n/a,0.094 ± 0.009,0.00 ± 0.00
rpc_jitter_ms,1.0,busy,secure,283.9 ± 2.9,0.751 ± 0.027,282.6 ± 1.1,n/a,n/a,0.094 ± 0.009,0.00 ± 0.00
rpc_jitter_ms,5.0,busy,secure,283.9 ± 2.9,0.751 ± 0.027,289.3 ± 1.5,n/a,n/a,0.094 ± 0.009,0.00 ± 0.00
rpc_latency_ms,0.1,busy,event,287.6 ± 3.5,0.793 ± 0.023,279.9 ± 1.0,n/a,n/a,n/a,0.00 ± 0.00
rpc_latency_ms,0.5,busy,event,287.6 ± 3.5,0.793 ± 0.023,280.7 ± 1.0,n/a,n/a,n/a,0.00 ± 0.00
rpc_latency_ms,2.0,busy,event,287.7 ± 3.5,0.793 ± 0.023,283.7 ± 1.0,n/a,n/a,n/a,0.00 ± 0.00
rpc_latency_ms,5.0,busy,event,287.7 ± 3.5,0.793 ± 0.023,289.7 ± 1.0,n/a,n/a,n/a,0.00 ± 0.00
rpc_latency_ms,10.0,busy,event,287.8 ± 3.5,0.793 ± 0.023,299.7 ± 1.0,n/a,n/a,n/a,0.00 ± 0.00
rpc_latency_ms,0.1,busy,secure,283.9 ± 2.9,0.751 ± 0.027,280.6 ± 1.0,n/a,n/a,0.094 ± 0.009,0.00 ± 0.00
rpc_latency_ms,0.5,busy,secure,283.9 ± 2.9,0.751 ± 0.027,281.4 ± 1.0,n/a,n/a,0.094 ± 0.009,0.00 ± 0.00
rpc_latency_ms,2.0,busy,secure,283.9 ± 2.9,0.751 ± 0.027,284.4 ± 1.0,n/a,n/a,0.094 ± 0.009,0.00 ± 0.00
rpc_latency_ms,5.0,busy,secure,283.9 ± 2.9,0.751 ± 0.027,290.4 ± 1.0,n/a,n/a,0.094 ± 0.009,0.00 ± 0.00
rpc_latency_ms,10.0,busy,secure,284.0 ± 3.0,0.751 ± 0.027,300.4 ± 1.0,n/a,n/a,0.094 ± 0.009,0.00 ± 0.00
rpc_loss,0.0,busy,event,287.6 ± 3.5,0.793 ± 0.023,280.7 ± 1.0,n/a,n/a,n/a,0.00 ± 0.00
rpc_loss,0.01,busy,event,287.3 ± 3.5,0.789 ± 0.022,280.8 ± 1.0,n/a,n/a,n/a,4.50 ± 1.27
rpc_loss,0.05,busy,event,285.7 ± 3.2,0.772 ± 0.023,280.6 ± 1.3,n/a,n/a,n/a,23.60 ± 3.96
rpc_loss,0.1,busy,event,283.4 ± 2.9,0.744 ± 0.025,280.4 ± 1.3,n/a,n/a,n/a,52.00 ± 8.45
rpc_loss,0.0,busy,secure,283.9 ± 2.9,0.751 ± 0.027,281.4 ± 1.0,n/a,n/a,0.094 ± 0.009,0.00 ± 0.00
rpc_loss,0.01,busy,secure,283.6 ± 2.9,0.747 ± 0.027,281.5 ± 1.0,n/a,n/a,0.094 ± 0.009,4.00 ± 1.07
rpc_loss,0.05,busy,secure,282.1 ± 2.7,0.731 ± 0.027,281.3 ± 1.1,n/a,n/a,0.094 ± 0.009,21.30 ± 3.88
rpc_loss,0.1,busy,secure,280.0 ± 2.5,0.700 ± 0.028,281.2 ± 1.3,n/a,n/a,0.094 ± 0.009,47.40 ± 7.34
rpc_loss,0.0,normal,event,254.8 ± 1.5,0.845 ± 0.030,278.2 ± 2.7,n/a,n/a,n/a,0.00 ± 0.00
rpc_loss,0.01,normal,event,254.7 ± 1.4,0.843 ± 0.030,278.1 ± 2.6,n/a,n/a,n/a,1.20 ± 0.56
rpc_loss,0.05,normal,event,254.3 ± 1.4,0.825 ± 0.029,278.2 ± 2.5,n/a,n/a,n/a,5.50 ± 1.03
rpc_loss,0.1,normal,event,253.9 ± 1.4,0.798 ± 0.032,278.3 ± 2.5,n/a,n/a,n/a,10.70 ± 1.94
rpc_loss,0.0,normal,secure,254.1 ± 1.4,0.822 ± 0.038,278.4 ± 2.7,n/a,n/a,0.069 ± 0.014,0.00 ± 0.00
rpc_loss,0.01,normal,secure,254.1 ± 1.4,0.820 ± 0.039,278.3 ± 2.6,n/a,n/a,0.069 ± 0.014,0.90 ± 0.53
rpc_loss,0.05,normal,secure,253.7 ± 1.4,0.800 ± 0.037,278.2 ± 2.5,n/a,n/a,0.069 ± 0.014,5.00 ± 1.17
rpc_loss,0.1,normal,secure,253.3 ± 1.3,0.772 ± 0.036,278.3 ± 2.4,n/a,n/a,0.069 ± 0.014,9.90 ± 1.83
rpc_queue_capacity,1.0,burst,event,303.1 ± 7.7,0.890 ± 0.020,412.6 ± 9.9,n/a,n/a,n/a,153.40 ± 47.34
rpc_queue_capacity,2.0,burst,event,307.0 ± 8.4,0.915 ± 0.017,577.7 ± 17.7,n/a,n/a,n/a,104.30 ± 39.46
rpc_queue_capacity,4.0,burst,event,309.3 ± 8.8,0.929 ± 0.014,914.8 ± 26.2,n/a,n/a,n/a,74.10 ± 33.89
rpc_queue_capacity,8.0,burst,event,311.7 ± 9.5,0.941 ± 0.012,1507.4 ± 77.1,n/a,n/a,n/a,43.90 ± 25.04
rpc_queue_capacity,1.0,burst,secure,271.3 ± 2.5,0.508 ± 0.058,362.1 ± 18.2,n/a,n/a,0.604 ± 0.047,16.90 ± 4.09
rpc_queue_capacity,2.0,burst,secure,272.3 ± 2.6,0.528 ± 0.055,444.4 ± 29.7,n/a,n/a,0.604 ± 0.047,4.80 ± 2.21
rpc_queue_capacity,4.0,burst,secure,272.7 ± 2.5,0.538 ± 0.055,504.1 ± 54.5,n/a,n/a,0.604 ± 0.047,0.20 ± 0.45
rpc_queue_capacity,8.0,burst,secure,272.7 ± 2.5,0.538 ± 0.055,505.1 ± 55.5,n/a,n/a,0.604 ± 0.047,0.00 ± 0.00
rpc_queue_capacity,1.0,busy,event,335.7 ± 8.1,0.956 ± 0.007,301.8 ± 10.3,n/a,n/a,n/a,10.10 ± 4.04
rpc_queue_capacity,2.0,busy,event,336.5 ± 8.2,0.958 ± 0.007,319.4 ± 20.8,n/a,n/a,n/a,0.90 ± 0.71
rpc_queue_capacity,4.0,busy,event,336.6 ± 8.2,0.958 ± 0.007,324.6 ± 24.8,n/a,n/a,n/a,0.00 ± 0.00
rpc_queue_capacity,8.0,busy,event,336.6 ± 8.2,0.958 ± 0.007,324.6 ± 24.8,n/a,n/a,n/a,0.00 ± 0.00
rpc_queue_capacity,1.0,busy,secure,303.3 ± 3.7,0.764 ± 0.022,287.3 ± 2.0,n/a,n/a,0.365 ± 0.023,2.80 ± 1.11
rpc_queue_capacity,2.0,busy,secure,303.5 ± 3.7,0.766 ± 0.022,288.9 ± 2.2,n/a,n/a,0.365 ± 0.023,0.10 ± 0.23
rpc_queue_capacity,4.0,busy,secure,303.5 ± 3.7,0.766 ± 0.022,288.9 ± 2.2,n/a,n/a,0.365 ± 0.023,0.00 ± 0.00
rpc_queue_capacity,8.0,busy,secure,303.5 ± 3.7,0.766 ± 0.022,288.9 ± 2.2,n/a,n/a,0.365 ± 0.023,0.00 ± 0.00
trigger_threshold,0.45,mixed,event,272.7 ± 6.7,0.797 ± 0.035,282.4 ± 1.0,0.207 ± 0.023,n/a,n/a,0.00 ± 0.00
trigger_threshold,0.5,mixed,event,272.0 ± 6.7,0.800 ± 0.033,282.1 ± 1.0,0.205 ± 0.023,n/a,n/a,0.00 ± 0.00
trigger_threshold,0.55,mixed,event,270.8 ± 6.6,0.796 ± 0.032,281.9 ± 1.6,0.197 ± 0.022,n/a,n/a,0.00 ± 0.00
trigger_threshold,0.6,mixed,event,268.4 ± 5.9,0.770 ± 0.042,280.9 ± 2.5,0.182 ± 0.020,n/a,n/a,0.00 ± 0.00
trigger_threshold,0.65,mixed,event,264.7 ± 5.0,0.702 ± 0.036,281.1 ± 2.0,0.156 ± 0.019,n/a,n/a,0.00 ± 0.00
trigger_threshold,0.45,mixed,fixed_threshold,279.1 ± 7.6,0.812 ± 0.030,288.5 ± 0.8,0.207 ± 0.023,n/a,n/a,0.00 ± 0.00
trigger_threshold,0.5,mixed,fixed_threshold,278.1 ± 7.6,0.815 ± 0.028,288.4 ± 0.9,0.205 ± 0.023,n/a,n/a,0.00 ± 0.00
trigger_threshold,0.55,mixed,fixed_threshold,276.5 ± 7.4,0.813 ± 0.031,288.3 ± 1.2,0.197 ± 0.022,n/a,n/a,0.00 ± 0.00
trigger_threshold,0.6,mixed,fixed_threshold,273.7 ± 6.9,0.789 ± 0.037,288.2 ± 1.6,0.182 ± 0.020,n/a,n/a,0.00 ± 0.00
trigger_threshold,0.65,mixed,fixed_threshold,269.2 ± 5.7,0.727 ± 0.037,288.7 ± 1.6,0.156 ± 0.019,n/a,n/a,0.00 ± 0.00
trigger_threshold,0.45,mixed,secure,256.6 ± 1.1,0.723 ± 0.050,281.4 ± 1.9,0.032 ± 0.015,0.852 ± 0.048,0.115 ± 0.030,0.00 ± 0.00
trigger_threshold,0.5,mixed,secure,256.2 ± 1.2,0.723 ± 0.048,282.0 ± 2.5,0.035 ± 0.015,0.839 ± 0.047,0.117 ± 0.029,0.00 ± 0.00
trigger_threshold,0.55,mixed,secure,256.7 ± 1.4,0.729 ± 0.039,281.8 ± 2.2,0.047 ± 0.015,0.769 ± 0.044,0.106 ± 0.023,0.00 ± 0.00
trigger_threshold,0.6,mixed,secure,258.6 ± 2.4,0.726 ± 0.050,280.3 ± 2.7,0.076 ± 0.014,0.587 ± 0.041,0.090 ± 0.023,0.00 ± 0.00
trigger_threshold,0.65,mixed,secure,259.7 ± 3.4,0.683 ± 0.040,280.3 ± 2.5,0.095 ± 0.007,0.382 ± 0.057,0.054 ± 0.017,0.00 ± 0.00
trigger_threshold,0.45,noisy,event,252.7 ± 1.6,0.744 ± 0.046,285.3 ± 2.8,n/a,n/a,n/a,0.00 ± 0.00
trigger_threshold,0.5,noisy,event,251.0 ± 1.4,0.630 ± 0.047,285.4 ± 3.3,n/a,n/a,n/a,0.00 ± 0.00
trigger_threshold,0.55,noisy,event,249.1 ± 1.0,0.486 ± 0.049,283.5 ± 4.1,n/a,n/a,n/a,0.00 ± 0.00
trigger_threshold,0.6,noisy,event,247.3 ± 0.5,0.330 ± 0.033,281.2 ± 4.0,n/a,n/a,n/a,0.00 ± 0.00
trigger_threshold,0.65,noisy,event,246.0 ± 0.3,0.173 ± 0.032,277.3 ± 6.8,n/a,n/a,n/a,0.00 ± 0.00
trigger_threshold,0.45,noisy,fixed_threshold,257.3 ± 2.4,0.834 ± 0.030,287.9 ± 2.5,n/a,n/a,n/a,0.00 ± 0.00
trigger_threshold,0.5,noisy,fixed_threshold,256.1 ± 2.3,0.814 ± 0.030,288.4 ± 2.2,n/a,n/a,n/a,0.00 ± 0.00
trigger_threshold,0.55,noisy,fixed_threshold,255.1 ± 2.0,0.799 ± 0.035,288.1 ± 2.7,n/a,n/a,n/a,0.00 ± 0.00
trigger_threshold,0.6,noisy,fixed_threshold,253.4 ± 1.8,0.724 ± 0.052,289.3 ± 2.2,n/a,n/a,n/a,0.00 ± 0.00
trigger_threshold,0.65,noisy,fixed_threshold,251.4 ± 1.4,0.607 ± 0.040,287.4 ± 3.3,n/a,n/a,n/a,0.00 ± 0.00
trigger_threshold,0.45,noisy,secure,252.2 ± 1.5,0.721 ± 0.045,286.1 ± 2.9,n/a,n/a,0.070 ± 0.015,0.00 ± 0.00
trigger_threshold,0.5,noisy,secure,250.6 ± 1.2,0.618 ± 0.048,286.5 ± 3.5,n/a,n/a,0.056 ± 0.022,0.00 ± 0.00
trigger_threshold,0.55,noisy,secure,248.8 ± 0.9,0.478 ± 0.049,284.5 ± 4.5,n/a,n/a,0.061 ± 0.022,0.00 ± 0.00
trigger_threshold,0.6,noisy,secure,247.2 ± 0.4,0.327 ± 0.031,281.8 ± 4.0,n/a,n/a,0.032 ± 0.020,0.00 ± 0.00
trigger_threshold,0.65,noisy,secure,246.0 ± 0.3,0.169 ± 0.037,277.9 ± 6.9,n/a,n/a,0.066 ± 0.087,0.00 ± 0.00
trigger_threshold,0.45,normal,event,256.3 ± 1.5,0.850 ± 0.035,278.0 ± 2.4,n/a,n/a,n/a,0.00 ± 0.00
trigger_threshold,0.5,normal,event,255.6 ± 1.5,0.852 ± 0.035,278.2 ± 2.5,n/a,n/a,n/a,0.00 ± 0.00
trigger_threshold,0.55,normal,event,254.8 ± 1.5,0.845 ± 0.030,278.2 ± 2.7,n/a,n/a,n/a,0.00 ± 0.00
trigger_threshold,0.6,normal,event,253.6 ± 1.4,0.806 ± 0.031,278.4 ± 2.5,n/a,n/a,n/a,0.00 ± 0.00
trigger_threshold,0.65,normal,event,251.9 ± 1.1,0.737 ± 0.025,278.2 ± 2.3,n/a,n/a,n/a,0.00 ± 0.00
trigger_threshold,0.45,normal,fixed_threshold,260.0 ± 2.1,0.870 ± 0.038,287.6 ± 2.2,n/a,n/a,n/a,0.00 ± 0.00
trigger_threshold,0.5,normal,fixed_threshold,259.1 ± 2.0,0.872 ± 0.038,288.3 ± 2.2,n/a,n/a,n/a,0.00 ± 0.00
trigger_threshold,0.55,normal,fixed_threshold,258.1 ± 1.9,0.865 ± 0.035,288.5 ± 2.3,n/a,n/a,n/a,0.00 ± 0.00
trigger_threshold,0.6,normal,fixed_threshold,256.6 ± 1.8,0.827 ± 0.035,287.7 ± 1.6,n/a,n/a,n/a,0.00 ± 0.00
trigger_threshold,0.65,normal,fixed_threshold,254.6 ± 1.5,0.764 ± 0.036,287.8 ± 1.9,n/a,n/a,n/a,0.00 ± 0.00
trigger_threshold,0.45,normal,secure,255.6 ± 1.4,0.827 ± 0.044,277.7 ± 2.6,n/a,n/a,0.076 ± 0.017,0.00 ± 0.00
trigger_threshold,0.5,normal,secure,254.9 ± 1.3,0.829 ± 0.044,278.2 ± 2.7,n/a,n/a,0.076 ± 0.017,0.00 ± 0.00
trigger_threshold,0.55,normal,secure,254.1 ± 1.4,0.822 ± 0.038,278.4 ± 2.7,n/a,n/a,0.069 ± 0.014,0.00 ± 0.00
trigger_threshold,0.6,normal,secure,253.2 ± 1.3,0.795 ± 0.038,278.1 ± 2.9,n/a,n/a,0.055 ± 0.014,0.00 ± 0.00
trigger_threshold,0.65,normal,secure,251.7 ± 1.1,0.730 ± 0.029,278.7 ± 2.5,n/a,n/a,0.039 ± 0.013,0.00 ± 0.00
