p_trigger_threshold,p_cooldown_ms,p_adaptive_gain,p_rate_limit,p_burst_threshold,p_replay_feature_eps,p_consistency_threshold,UR_timely,UR_track,UR_burst,UR_frame,timely_recall,duty,energy_per_min_mJ,noisy_UR_timely,SUR,SUR_min,FRR,attack_success,duty_attack
0.4,500.0,2.0,10,60,0.01,0.5,0.450402144772118,0.6876310272536688,0.5,0.09705769965609476,0.3442622950819672,0.06608302093358999,5676.182100144369,0.5229357798165137,1.0466666666666666,0.9777777777777779,0.5392921415716857,0.03570042685292976,0.036340211742059675
0.4,500.0,2.0,120,60,0.01,0.0,0.6836461126005362,0.8071278825995807,0.7393939393939394,0.15521589606419564,0.5225409836065574,0.12304758060635226,7044.339784432146,0.7844036697247706,1.0114285714285713,0.9857142857142857,0.3311337732453509,0.04850601474582848,0.0472311780558229
0.4,500.0,2.0,10,10,0.01,0.0,0.46648793565683644,0.4444444444444444,0.5212121212121212,0.027512418800152847,0.35655737704918034,0.02675811116458133,4740.312038907603,0.4954128440366973,1.0054545454545454,0.9909090909090909,0.7768446310737852,0.02677532013969732,0.023184794610202116
0.4,500.0,2.0,60,60,0.005,0.3,0.6487935656836461,0.7861635220125787,0.7,0.149942682460833,0.4959016393442623,0.1163130666506256,6882.3907756256,0.7247706422018348,1.0085714285714285,0.9857142857142857,0.3473305338932214,0.04540162980209546,0.04674688585178056
0.4,500.0,2.0,60,10,0.005,0.0,0.46648793565683644,0.4444444444444444,0.5212121212121212,0.027512418800152847,0.35655737704918034,0.02675811116458133,4740.312038907603,0.4954128440366973,1.0072727272727273,0.9909090909090909,0.7768446310737852,0.02871556072953046,0.02348215283926853
0.4,500.0,2.0,20,30,0.03,0.5,0.4155495978552279,0.6268343815513627,0.4636363636363636,0.06748184944593046,0.3176229508196721,0.04713558950914341,5224.275587439845,0.463302752293578,1.0333333333333334,0.9777777777777779,0.6124775044991002,0.03143189755529686,0.033709008662175174
0.4,500.0,2.0,10,60,0.03,0.0,0.6300268096514745,0.7148846960167715,0.7,0.10454719144058082,0.48155737704918034,0.08236980389797884,6069.466917228104,0.6926605504587156,1.002857142857143,0.9857142857142857,0.4385122975404919,0.045013581684128834,0.046031861020211735
0.4,500.0,2.0,120,60,0.005,0.5,0.4745308310991957,0.7127882599580713,0.5181818181818182,0.11379442109285441,0.36270491803278687,0.0830995969682387,6084.960658180942,0.5642201834862385,1.051111111111111,0.9777777777777779,0.49610077984403117,0.037252619324796274,0.036688978633301256
0.4,500.0,2.0,120,10,0.005,0.0,0.46648793565683644,0.4444444444444444,0.5212121212121212,0.027512418800152847,0.35655737704918034,0.02675811116458133,4740.312038907603,0.4954128440366973,1.0072727272727273,0.9909090909090909,0.7768446310737852,0.02871556072953046,0.02348215283926853
0.4,500.0,2.0,20,10,0.005,0.5,0.28418230563002683,0.27253668763102723,0.3181818181818182,0.013679786014520443,0.21721311475409835,0.012865415062560155,4406.975074807507,0.3211009174311927,1.06,0.9833333333333334,0.8788242351529694,0.01823826154443151,0.013193336669874878
0.4,500.0,2.0,120,30,0.01,0.3,0.5871313672922251,0.689727463312369,0.6424242424242425,0.09293083683607184,0.4487704918032787,0.0688630907122233,5745.539424037536,0.6192660550458715,1.002857142857143,0.9857142857142857,0.486502699460108,0.042297244858362434,0.04471303407122233
0.4,500.0,2.0,60,30,0.03,0.0,0.6219839142091153,0.710691823899371,0.6818181818181818,0.09950324799388613,0.47540983606557374,0.07510631015399423,5895.259561645812,0.6788990825688074,1.0014285714285713,0.9857142857142857,0.47450509898020393,0.04346138921226232,0.04447277382098172
0.4,500.0,2.0,120,30,0.005,0.3,0.5871313672922251,0.689727463312369,0.6424242424242425,0.09293083683607184,0.4487704918032787,0.0688630907122233,5745.539424037536,0.6192660550458715,1.0057142857142858,0.9857142857142857,0.48530293941211755,0.043849437330228946,0.04506180134744948
0.4,500.0,2.0,120,30,0.01,0.5,0.4155495978552279,0.6268343815513627,0.4636363636363636,0.0680932365303783,0.3176229508196721,0.04765424927815207,5236.722618479307,0.463302752293578,1.0422222222222222,0.9777777777777779,0.6064787042591482,0.03414823438106325,0.034655129547641966
0.4,500.0,2.0,120,30,0.03,0.0,0.6219839142091153,0.710691823899371,0.6818181818181818,0.09950324799388613,0.47540983606557374,0.07510631015399423,5895.259561645812,0.6788990825688074,1.0014285714285713,0.9857142857142857,0.47450509898020393,0.04346138921226232,0.04447277382098172
0.4,500.0,2.0,10,30,0.03,0.3,0.579088471849866,0.6645702306079665,0.6424242424242425,0.08024455483377914,0.4426229508196721,0.0622119104908566,5587.006929716073,0.6055045871559633,0.9971428571428571,0.9857142857142857,0.5086982603479304,0.03958090803259604,0.043766912800769976
0.4,500.0,2.0,20,10,0.01,0.0,0.46648793565683644,0.4444444444444444,0.5212121212121212,0.027512418800152847,0.35655737704918034,0.02675811116458133,4740.312038907603,0.4954128440366973,1.0054545454545454,0.9909090909090909,0.7768446310737852,0.02677532013969732,0.023184794610202116
0.4,500.0,2.0,20,60,0.01,0.5,0.4745308310991957,0.7127882599580713,0.5181818181818182,0.11119602598395109,0.36270491803278687,0.08070671438883542,6027.427674037536,0.5642201834862385,1.0466666666666666,0.9777777777777779,0.5026994601079784,0.03570042685292976,0.036340211742059675
0.4,500.0,2.0,10,10,0.03,0.5,0.28418230563002683,0.27253668763102723,0.3181818181818182,0.013679786014520443,0.21721311475409835,0.012865415062560155,4406.975074807507,0.3211009174311927,1.0533333333333332,0.9833333333333334,0.8800239952009599,0.015133876600698487,0.012585418286814245
0.4,500.0,2.0,60,30,0.01,0.3,0.5871313672922251,0.689727463312369,0.6424242424242425,0.09293083683607184,0.4487704918032787,0.0688630907122233,5745.539424037536,0.6192660550458715,1.002857142857143,0.9857142857142857,0.486502699460108,0.042297244858362434,0.04471303407122233
0.4,500.0,2.0,10,60,0.01,0.3,0.6058981233243967,0.7127882599580713,0.6666666666666666,0.10363011081390906,0.46311475409836067,0.07809780678537055,5965.936989268527,0.6513761467889908,1.0057142857142858,0.9857142857142857,0.4439112177564487,0.043849437330228946,0.046274783830606354
0.4,500.0,2.0,20,30,0.01,0.5,0.4155495978552279,0.6268343815513627,0.4636363636363636,0.0680932365303783,0.3176229508196721,0.04765424927815207,5236.722618479307,0.463302752293578,1.0422222222222222,0.9777777777777779,0.6064787042591482,0.03414823438106325,0.034655129547641966
0.4,500.0,2.0,120,10,0.03,0.5,0.28418230563002683,0.27253668763102723,0.3181818181818182,0.013679786014520443,0.21721311475409835,0.012865415062560155,4406.975074807507,0.3211009174311927,1.0533333333333332,0.9833333333333334,0.8800239952009599,0.015133876600698487,0.012585418286814245
0.4,500.0,2.0,120,60,0.03,0.5,0.46648793565683644,0.7127882599580713,0.5121212121212121,0.1034772640427971,0.35655737704918034,0.0744574386429259,5877.691238257939,0.5504587155963303,1.0355555555555556,0.9777777777777779,0.5230953809238152,0.03298409002716337,0.03533655591915304
0.4,500.0,2.0,20,30,0.005,0.3,0.5871313672922251,0.689727463312369,0.6424242424242425,0.09293083683607184,0.4487704918032787,0.0688630907122233,5745.539424037536,0.6192660550458715,1.0057142857142858,0.9857142857142857,0.48530293941211755,0.043849437330228946,0.04506180134744948
0.4,500.0,2.0,20,30,0.03,0.3,0.5871313672922251,0.689727463312369,0.6424242424242425,0.092319449751624,0.4487704918032787,0.06834443214629451,5733.092393142444,0.6192660550458715,0.9971428571428571,0.9857142857142857,0.49250149970005996,0.03958090803259604,0.043766912800769976
0.4,500.0,2.0,10,30,0.005,0.3,0.579088471849866,0.6645702306079665,0.6424242424242425,0.08024455483377914,0.4426229508196721,0.0622119104908566,5587.006929716073,0.6055045871559633,1.0057142857142858,0.9857142857142857,0.5032993401319736,0.043849437330228946,0.04499333782483158
0.4,500.0,2.0,120,60,0.03,0.0,0.67828418230563,0.8071278825995807,0.7363636363636363,0.1468857470385938,0.5184426229508197,0.11629473532242542,6882.529716410009,0.7752293577981652,1.002857142857143,0.9857142857142857,0.35272945410917816,0.045013581684128834,0.04610032415784408
0.4,500.0,2.0,10,60,0.03,0.3,0.6085790884718498,0.7169811320754716,0.6666666666666666,0.10340084065724112,0.4651639344262295,0.078236802213667,5969.411708373435,0.6559633027522935,0.9985714285714286,0.9857142857142857,0.4487102579484103,0.041133100504462554,0.045326
0.4,500.0,2.0,60,60,0.01,0.0,0.6836461126005362,0.8071278825995807,0.7393939393939394,0.15521589606419564,0.5225409836065574,0.12304758060635226,7044.339784432146,0.7844036697247706,1.0114285714285713,0.9857142857142857,0.3311337732453509,0.04850601474582848,0.0472311780558229
0.4,500.0,2.0,10,10,0.005,0.5,0.28418230563002683,0.27253668763102723,0.3181818181818182,0.013679786014520443,0.21721311475409835,0.012865415062560155,4406.975074807507,0.3211009174311927,1.06,0.9833333333333334,0.8788242351529694,0.01823826154443151,0.013193336669874878
0.4,500.0,2.0,20,60,0.005,0.5,0.4745308310991957,0.7127882599580713,0.5181818181818182,0.11379442109285441,0.36270491803278687,0.0830995969682387,6084.960658180942,0.5642201834862385,1.051111111111111,0.9777777777777779,0.49610077984403117,0.037252619324796274,0.036688978633301256
0.4,500.0,2.0,120,60,0.005,0.0,0.6836461126005362,0.8071278825995807,0.7393939393939394,0.15781429117309898,0.5225409836065574,0.1254404643888354,7101.872768575553,0.7844036697247706,1.0142857142857142,0.9857142857142857,0.3245350929814037,0.05044625533566162,0.04764075033686236
0.4,500.0,2.0,10,30,0.01,0.3,0.579088471849866,0.6645702306079665,0.6424242424242425,0.08024455483377914,0.4426229508196721,0.0622119104908566,5587.006929716073,0.6055045871559633,1.002857142857143,0.9857142857142857,0.504499100179964,0.042297244858362434,0.044644570548604434
0.4,500.0,2.0,20,60,0.01,0.0,0.67828418230563,0.8029350104821803,0.7393939393939394,0.14795567443637753,0.5184426229508197,0.11494387512030799,6849.619081977863,0.7752293577981652,1.0114285714285713,0.9857142857142857,0.34913017396520696,0.04850601474582848,0.0472311780558229
0.4,500.0,2.0,60,60,0.03,0.5,0.46648793565683644,0.7127882599580713,0.5121212121212121,0.1034772640427971,0.35655737704918034,0.0744574386429259,5877.691238257939,0.5504587155963303,1.0355555555555556,0.9777777777777779,0.5230953809238152,0.03298409002716337,0.03533655591915304
0.4,500.0,2.0,120,10,0.01,0.0,0.46648793565683644,0.4444444444444444,0.5212121212121212,0.027512418800152847,0.35655737704918034,0.02675811116458133,4740.312038907603,0.4954128440366973,1.0054545454545454,0.9909090909090909,0.7768446310737852,0.02677532013969732,0.023184794610202116
0.4,500.0,2.0,120,10,0.03,0.0,0.46648793565683644,0.4444444444444444,0.5212121212121212,0.027512418800152847,0.35655737704918034,0.02675811116458133,4740.312038907603,0.4954128440366973,1.0018181818181817,0.9818181818181817,0.7780443911217756,0.024447031431897557,0.022686232531280076
0.4,500.0,2.0,120,10,0.01,0.3,0.43967828418230565,0.4088050314465409,0.4909090909090909,0.02392051967902178,0.3360655737704918,0.023305151588065447,4657.66371280077,0.44954128440366975,0.9981818181818181,0.9818181818181817,0.7870425914817036,0.022506790842064417,0.022415683926852743
0.4,500.0,2.0,20,10,0.03,0.5,0.28418230563002683,0.27253668763102723,0.3181818181818182,0.013679786014520443,0.21721311475409835,0.012865415062560155,4406.975074807507,0.3211009174311927,1.0533333333333332,0.9833333333333334,0.8800239952009599,0.015133876600698487,0.012585418286814245
