p_trigger_threshold,p_cooldown_ms,p_adaptive_gain,UR_timely,UR_track,UR_burst,UR_frame,timely_recall,duty,energy_per_min_mJ,noisy_UR_timely
0.25,300,0.25,0.9897610921501706,0.9896373056994818,1.005791505791506,0.5865333781900322,0.7313997477931904,0.563840450136966,17623.62108103946,1.011600928074246
0.25,300,0.5,0.9863481228668942,0.977979274611399,1.001930501930502,0.5774979574181766,0.7288776796973518,0.5571762426889761,17465.624295876212,1.0
0.25,300,1.0,0.9709897610921502,0.9740932642487047,0.9903474903474904,0.5510164848368337,0.7175283732660782,0.5278843392315096,16760.799056859403,1.0069605568445477
0.25,300,2.0,0.9556313993174061,0.9365284974093264,0.9787644787644788,0.4709472773585813,0.7061790668348046,0.4471262589768268,14824.119550736654,1.0
0.25,500,0.25,0.9215017064846417,0.9935233160621761,0.9227799227799228,0.35598596626135437,0.6809583858764187,0.3446241556230103,12364.095345865106,0.9535962877030162
0.25,500,0.5,0.9163822525597269,0.9818652849740933,0.9208494208494209,0.3530061998365935,0.6771752837326608,0.34118204338491154,12281.906667372476,0.9396751740139211
0.25,500,1.0,0.9112627986348123,0.977979274611399,0.918918918918919,0.34219253135963856,0.6733921815889029,0.3295854941881987,12003.728271977494,0.9396751740139211
0.25,500,2.0,0.8890784982935154,0.9365284974093264,0.9054054054054054,0.3000913154226943,0.6569987389659521,0.2904293632931073,11067.678341911604,0.9373549883990719
0.25,1000,0.25,0.7901023890784983,0.9805699481865285,0.7953667953667953,0.1796991397125967,0.5838587641866331,0.17944372103353817,8403.236198637744,0.8236658932714617
0.25,1000,0.5,0.7918088737201365,0.9689119170984456,0.7992277992277992,0.17825731724900273,0.5851197982345523,0.177232226253054,8350.068961368179,0.8190255220417634
0.25,1000,1.0,0.7747440273037542,0.9650259067357513,0.7876447876447876,0.17426827509972606,0.5725094577553594,0.17044630932109278,8186.2734129710525,0.802784222737819
0.25,1000,2.0,0.7320819112627986,0.9248704663212435,0.7606177606177607,0.15658191954630654,0.5409836065573771,0.15441109276671358,7802.47504815281,0.7865429234338747
0.25,2000,0.25,0.6143344709897611,0.9533678756476683,0.6332046332046332,0.09117124044792618,0.45397225725094575,0.09703228326053158,6427.1763284963345,0.6403712296983759
0.25,2000,0.5,0.6126279863481229,0.9378238341968912,0.6312741312741312,0.09011390397462392,0.4527112232030265,0.09540176723180573,6387.919675309097,0.6380510440835266
0.25,2000,1.0,0.6092150170648464,0.9339378238341969,0.6274131274131274,0.08891238525496227,0.4501891551071879,0.09305022877026727,6331.019563781742,0.6403712296983759
0.25,2000,2.0,0.5853242320819113,0.8847150259067358,0.61003861003861,0.08069399721247657,0.43253467843631777,0.08453649959280372,6126.749716191603,0.62877030162413
0.3,300,0.25,0.9931740614334471,0.977979274611399,1.0096525096525097,0.5753352237227856,0.733921815889029,0.5549157066706153,17412.05811129044,1.0092807424593968
0.3,300,0.5,0.9880546075085325,0.977979274611399,1.0038610038610039,0.5671648964290864,0.7301387137452712,0.5396203346412971,17042.60245568964,1.0092807424593968
0.3,300,1.0,0.9692832764505119,0.9689119170984456,0.9884169884169884,0.5325130965540443,0.7162673392181589,0.5015778388983491,16128.443817117046,1.011600928074246
0.3,300,2.0,0.947098976109215,0.9326424870466321,0.974903474903475,0.44715720670928055,0.699873896595208,0.4229790330939513,14244.986701665803,1.0023201856148491
0.3,500,0.25,0.9112627986348123,0.9818652849740933,0.916988416988417,0.35377517181717694,0.6733921815889029,0.3407556592877767,12272.03614808618,0.9327146171693735
0.3,500,0.5,0.9129692832764505,0.9818652849740933,0.916988416988417,0.35060316239727013,0.6746532156368222,0.3358912682312875,12155.079354571704,0.9350348027842227
0.3,500,1.0,0.89419795221843,0.9727979274611399,0.9015444015444015,0.33301292834142354,0.6607818411097099,0.3165250040719627,11690.666984630192,0.9373549883990719
0.3,500,2.0,0.8805460750853242,0.9300518134715026,0.9015444015444015,0.2862017590234056,0.6506935687263556,0.2746732464647961,10688.481329340342,0.9327146171693735
0.3,1000,0.25,0.7866894197952219,0.9689119170984456,0.7915057915057915,0.17840149949536213,0.5813366960907944,0.17790825201747246,8366.612257274006,0.8120649651972158
0.3,1000,0.5,0.7798634812286689,0.9689119170984456,0.7857142857142857,0.17820925650021627,0.5762925598991173,0.17541656918634785,8306.380542311394,0.802784222737819
0.3,1000,1.0,0.7662116040955631,0.9585492227979274,0.7837837837837838,0.17100014418224635,0.5662042875157629,0.16483114533205007,8050.986516221219,0.7911832946635731
0.3,1000,2.0,0.7167235494880546,0.9145077720207254,0.7432432432432432,0.1508146296919306,0.5296343001261034,0.14906623010290962,7674.586119908196,0.7726218097447796
0.3,2000,0.25,0.6092150170648464,0.9417098445595855,0.6254826254826255,0.09073869370884799,0.4501891551071879,0.09589740652994744,6399.8889201451075,0.6334106728538283
0.3,2000,0.5,0.6109215017064846,0.9378238341968912,0.6254826254826255,0.09054645071370213,0.4514501891551072,0.09501234841193455,6378.3289234471,0.6357308584686775
0.3,2000,1.0,0.6006825938566553,0.927461139896373,0.6274131274131274,0.08713413754986303,0.44388398486759145,0.09021656474420671,6262.671805537867,0.62877030162413
0.3,2000,2.0,0.5733788395904437,0.8730569948186528,0.6081081081081081,0.07819483827558034,0.42370744010088274,0.0812808329014585,6048.40073803213,0.6194895591647331
0.4,300,0.25,0.9744027303754266,0.9676165803108808,0.9942084942084942,0.5514970923246985,0.7200504413619168,0.5080985155845118,16283.43791043163,1.011600928074246
0.4,300,0.5,0.9539249146757679,0.9676165803108808,0.971042471042471,0.5335223722785601,0.7049180327868853,0.4881216132375805,15803.793585474197,0.9907192575406032
0.4,300,1.0,0.9283276450511946,0.9676165803108808,0.9420849420849421,0.4952660162445331,0.6860025220680959,0.4526488161693936,14950.85407369512,0.9837587006960556
0.4,300,2.0,0.89419795221843,0.9183937823834197,0.9266409266409267,0.38078531263517085,0.6607818411097099,0.3568680580439772,12658.27732421707,0.9721577726218097
0.4,500,0.25,0.9044368600682594,0.9715025906735751,0.915057915057915,0.34526841928197244,0.6683480453972257,0.32053722736358925,11784.929400844008,0.9373549883990719
0.4,500,0.5,0.8890784982935154,0.9702072538860104,0.8996138996138996,0.33094631614360553,0.6569987389659521,0.30901866365588215,11508.93566315244,0.9234338747099768
0.4,500,1.0,0.8754266211604096,0.9702072538860104,0.8803088803088803,0.31301965684625366,0.6469104665825978,0.29076383134670913,11070.784239401792,0.9187935034802784
0.4,500,2.0,0.8378839590443686,0.9093264248704663,0.8667953667953668,0.25034844042870186,0.6191677175283733,0.23586988080254684,9755.291772651217,0.8955916473317865
0.4,1000,0.25,0.7491467576791809,0.9572538860103627,0.7799227799227799,0.1760465228048253,0.5535939470365699,0.16836172503146515,8134.624590908419,0.7819025522041764
0.4,1000,0.5,0.7303754266211604,0.9533678756476683,0.7702702702702703,0.17234584514826742,0.5397225725094578,0.16375375805138076,8024.175284652403,0.7494199535962877
0.4,1000,1.0,0.7013651877133106,0.9572538860103627,0.7316602316602316,0.1628298168885471,0.5182849936948297,0.15531573184274822,7821.466222077443,0.7517401392111369
0.4,1000,2.0,0.6877133105802048,0.8756476683937824,0.7181467181467182,0.13759792377565241,0.5081967213114754,0.1324551958243874,7274.286478374176,0.7540603248259861
0.4,2000,0.25,0.5887372013651877,0.927461139896373,0.6177606177606177,0.08977747873311866,0.43505674653215637,0.09187385429777153,6301.930489583179,0.6264501160092807
0.4,2000,0.5,0.5784982935153583,0.9235751295336787,0.611969111969112,0.08809535252559235,0.4274905422446406,0.08961997927000814,6247.512358347522,0.605568445475638
0.4,2000,1.0,0.5614334470989761,0.9209844559585493,0.5926640926640927,0.08516364684961791,0.41488020176544765,0.08579824609461761,6155.383772147775,0.6032482598607889
0.4,2000,2.0,0.5443686006825939,0.844559585492228,0.5926640926640927,0.07329264189936079,0.40226986128625475,0.07414179610572297,5875.8600182127775,0.5870069605568445
0.5,300,0.25,0.9266211604095563,0.9624352331606217,0.9401544401544402,0.5068486567020715,0.6847414880201765,0.4502447471681351,14889.712103205746,0.9814385150812065
0.5,300,0.5,0.909556313993174,0.9624352331606217,0.9247104247104247,0.48680732445811503,0.6721311475409836,0.429779444732361,14397.266466543275,0.9651972157772621
0.5,300,1.0,0.9027303754266212,0.961139896373057,0.9305019305019305,0.449368001153458,0.6670870113493065,0.3967988272747464,13607.624887613829,0.9489559164733179
0.5,300,2.0,0.8020477815699659,0.8769430051813472,0.8416988416988417,0.324602297303792,0.592686002522068,0.29081758347523506,11069.88908533353,0.888631090487239
0.5,500,0.25,0.8805460750853242,0.9702072538860104,0.8841698841698842,0.3207574374008747,0.6506935687263556,0.29151538609609834,11087.545908210557,0.9118329466357309
0.5,500,0.5,0.8668941979522184,0.966321243523316,0.8725868725868726,0.30994376892391984,0.6406052963430012,0.28106472569778634,10836.357502850375,0.9071925754060325
0.5,500,1.0,0.8293515358361775,0.9650259067357513,0.8436293436293436,0.28913346469938,0.6128625472887768,0.26119979936329313,10359.451218079514,0.877030162412993
0.5,500,2.0,0.7406143344709898,0.8691709844559585,0.7741312741312741,0.21699428077089442,0.5472887767969735,0.19973099652032275,8887.839929784555,0.8259860788863109
0.5,1000,0.25,0.7064846416382252,0.9533678756476683,0.7335907335907336,0.1668188590378238,0.5220680958385876,0.15731669356629896,7869.950423943141,0.7308584686774942
0.5,1000,0.5,0.7150170648464164,0.9533678756476683,0.7432432432432432,0.16210890565675012,0.5283732660781841,0.15263510698156513,7757.983189738654,0.7424593967517401
0.5,1000,1.0,0.6996587030716723,0.9468911917098446,0.7316602316602316,0.15408276060941029,0.5170239596469105,0.1446691004664248,7566.405543451544,0.7424593967517401
0.5,1000,2.0,0.621160409556314,0.8549222797927462,0.6583011583011583,0.12404479261786899,0.45901639344262296,0.11790731472569779,6926.15093798771,0.6774941995359629
0.5,2000,0.25,0.5631399317406144,0.9183937823834197,0.5945945945945946,0.08583649733262844,0.416141235813367,0.08569213592951803,6152.361597912195,0.5916473317865429
0.5,2000,0.5,0.5494880546075085,0.9145077720207254,0.584942084942085,0.08525976834719085,0.4060529634300126,0.0836589435107722,6103.618493092472,0.580046403712297
0.5,2000,1.0,0.5324232081911263,0.9145077720207254,0.5714285714285714,0.08160715143941942,0.39344262295081966,0.08077224106019103,6034.280843769898,0.5707656612529002
0.5,2000,2.0,0.5238907849829352,0.8264248704663213,0.5656370656370656,0.06867881001586004,0.3871374527112232,0.06887243799511365,5750.182648212038,0.5661252900232019
0.6,300,0.25,0.8873720136518771,0.966321243523316,0.9015444015444015,0.4562887489787091,0.6557377049180327,0.393212190715925,13518.877285067003,0.9350348027842227
0.6,300,0.5,0.8907849829351536,0.9650259067357513,0.9073359073359073,0.4377372999471332,0.6582597730138714,0.3773275864366625,13139.039118856886,0.925754060324826
0.6,300,1.0,0.810580204778157,0.961139896373057,0.8378378378378378,0.38150622386696786,0.5989911727616646,0.3248173695121048,11880.711597778929,0.8932714617169374
0.6,300,2.0,0.6860068259385665,0.8341968911917098,0.7355212355212355,0.2323256596337771,0.5069356872635561,0.20462935811060928,9002.445233567778,0.8213457076566125
0.6,500,0.25,0.8191126279863481,0.966321243523316,0.8262548262548263,0.29360311433652136,0.605296343001261,0.26071595246909013,10347.13933757311,0.877030162412993
0.6,500,0.5,0.8174061433447098,0.9637305699481865,0.8281853281853282,0.28384678233286875,0.6040353089533418,0.25178163248685864,10132.741845309838,0.8677494199535963
0.6,500,1.0,0.7764505119453925,0.9572538860103627,0.8011583011583011,0.2538568750901139,0.5737704918032787,0.21895844376989707,9344.273100510845,0.8468677494199536
0.6,500,2.0,0.6484641638225256,0.8251295336787565,0.693050193050193,0.16359878886913057,0.4791929382093317,0.1466810276153106,7613.758983149477,0.777262180974478
0.6,1000,0.25,0.6928327645051194,0.9559585492227979,0.722007722007722,0.1587446532416975,0.5119798234552333,0.14765214629451398,7638.557305471237,0.740139211136891
0.6,1000,0.5,0.6791808873720137,0.9546632124352331,0.7065637065637066,0.1550439755851396,0.501891551071879,0.14338211149774194,7536.183117094839,0.7215777262180975
0.6,1000,1.0,0.6296928327645052,0.9481865284974094,0.667953667953668,0.14269236314701783,0.46532156368221944,0.1286027526467758,7180.7766120382,0.6890951276102089
0.6,1000,2.0,0.5494880546075085,0.8186528497409327,0.5868725868725869,0.09967799298313068,0.4060529634300126,0.09043323980158437,6265.539039312948,0.6566125290023201
0.6,2000,0.25,0.5255972696245734,0.9222797927461139,0.5733590733590733,0.0839140673811698,0.3883984867591425,0.08171549937069668,6057.090440305027,0.5614849187935035
0.6,2000,0.5,0.5204778156996587,0.9235751295336787,0.5617760617760618,0.08155909069063295,0.38461538461538464,0.07994909972606798,6014.94155981343,0.5614849187935035
0.6,2000,1.0,0.5068259385665529,0.9287564766839378,0.5444015444015444,0.07800259528043448,0.3745271122320303,0.07432429184867105,5880.001226075367,0.5568445475638051
0.6,2000,2.0,0.4539249146757679,0.7797927461139896,0.4922779922779923,0.05829768827798337,0.3354350567465322,0.05531205449026431,5423.971795957651,0.5406032482598608
