p_motion_threshold,p_cooldown_ms,UR_timely,UR_track,UR_burst,UR_frame,timely_recall,duty,energy_per_min_mJ,noisy_UR_timely
0.1,300,1.0187713310580204,0.9935233160621761,1.0328185328185329,0.6398808093430096,0.7528373266078184,0.8096504249648332,23669.552822625305,1.023201856148492
0.1,500,0.9539249146757679,0.9922279792746114,0.9594594594594594,0.39025328014610466,0.7049180327868853,0.4979302228474125,16131.94963999408,0.962877030162413
0.1,1000,0.7969283276450512,0.9857512953367875,0.8397683397683398,0.19853895323689144,0.5889029003783102,0.2560641511808692,10286.402899385503,0.7981438515081206
0.1,2000,0.6245733788395904,0.9637305699481865,0.6640926640926641,0.10155236218580285,0.46153846153846156,0.13464075294291847,7351.7872354630945,0.6403712296983759
0.2,300,1.015358361774744,0.9935233160621761,1.0347490347490347,0.6233959725092517,0.7503152585119798,0.7627614177833716,22532.778129088623,1.0185614849187936
0.2,500,0.9522184300341296,0.9935233160621761,0.9633204633204633,0.38150622386696786,0.7036569987389659,0.47336819278892434,15536.784516709859,0.9675174013921114
0.2,1000,0.7952218430034129,0.9857512953367875,0.8397683397683398,0.19464603258518767,0.587641866330391,0.24533061745761456,10026.455654845637,0.802784222737819
0.2,2000,0.621160409556314,0.9624352331606217,0.6640926640926641,0.10063920795886,0.45901639344262296,0.13174717257718221,7281.7098383801,0.6357308584686775
0.3,300,1.0102389078498293,0.9818652849740933,1.0328185328185329,0.6084971403854472,0.7465321563682219,0.7369369800844007,21907.24065669653,1.025522041763341
0.3,500,0.9351535836177475,0.9805699481865285,0.9498069498069498,0.3760272985053107,0.691046658259773,0.4603179758643666,15220.884401791665,0.9582366589327146
0.3,1000,0.78839590443686,0.9740932642487047,0.8378378378378378,0.1923391166434373,0.5825977301387137,0.23986967720441257,9894.488011756866,0.8074245939675174
0.3,2000,0.6143344709897611,0.9494818652849741,0.6602316602316602,0.09943768923919835,0.45397225725094575,0.1286398223143555,7206.497710150294,0.6334106728538283
0.4,300,0.9880546075085325,0.9650259067357513,1.0154440154440154,0.5978757149036382,0.7301387137452712,0.7193489568371955,21482.49621340046,1.0162412993039442
0.4,500,0.9197952218430034,0.9624352331606217,0.9401544401544402,0.36862594319219494,0.6796973518284993,0.452049700155475,15021.726964522102,0.9582366589327146
0.4,1000,0.7866894197952219,0.9572538860103627,0.8359073359073359,0.19046474744076514,0.5813366960907944,0.23596619604649444,9800.202987532391,0.8190255220417634
0.4,2000,0.6092150170648464,0.9326424870466321,0.6563706563706564,0.09814004902196376,0.4501891551071879,0.1270700525653365,7168.812373139855,0.6403712296983759
0.55,300,0.9812286689419796,0.9650259067357513,1.0077220077220077,0.5752391022252127,0.725094577553594,0.6885192596431481,20736.46611528837,1.013921113689095
0.55,500,0.9180887372013652,0.9637305699481865,0.9362934362934363,0.3578603354640265,0.6784363177805801,0.43878265862145543,14700.950435714814,0.9489559164733179
0.55,1000,0.78839590443686,0.9546632124352331,0.833976833976834,0.18762916326236362,0.5825977301387137,0.23258643222033024,9718.669847131117,0.8167053364269141
0.55,2000,0.6109215017064846,0.939119170984456,0.6544401544401545,0.09761138078531263,0.4514501891551072,0.12596259050862516,7142.078809032354,0.6380510440835266
0.7,300,0.9641638225255973,0.9650259067357513,0.9884169884169884,0.5389051761426443,0.712484237074401,0.6525524372547569,19867.685213963126,1.0046403712296983
0.7,500,0.9044368600682594,0.9637305699481865,0.9208494208494209,0.3422886528572115,0.6683480453972257,0.42164973495224706,14287.0240066336,0.9443155452436195
0.7,1000,0.7662116040955631,0.9559585492227979,0.803088803088803,0.18123708367376365,0.5662042875157629,0.22559819352928115,9549.786805360183,0.7935034802784223
0.7,2000,0.5989761092150171,0.9326424870466321,0.6467181467181468,0.09458355361176528,0.4426229508196721,0.12353453912785961,7083.4140576589925,0.62877030162413
