mode,scenario,intensity,seed,segment,frames,seconds,moving_tracks,tracks_detected,tracks_timely,burst_tracks,burst_detected,burst_timely,track_latency_sum_ms,track_latency_n,track_latency_p95_ms,frame_hits,frame_instances,attack_frames,attack_started,spam_frames,spam_started,replay_frames,replay_started,replay_exact_frames,replay_exact_started,replay_pert_frames,replay_pert_started,replay_shift_frames,replay_shift_started,attack_sessions,attack_sessions_reached,spoofed_detections,legit_gate_evaluated,legit_gate_blocked,legit_obj_gate_evaluated,legit_obj_gate_blocked,attack_gate_evaluated,attack_gate_blocked,triggers,processed,second_passes,m7_active_ms,wakes,energy_mJ,energy_m7_mJ,rpc_queue_full,trigger_latency_sum_ms,trigger_latency_n,trigger_latency_p95_ms,block_rate_limit,block_replay,block_duplicate,block_burst,block_consistency_failure,block_content_rate,config_sha256
always_on,clean,1.0,1001,0006_0000,182,18.2,11,11,11,11,11,11,3412.9440000000004,11,461.72400000000016,189,334,0,0,0,0,0,0,0,0,0,0,0,0,0,0,0,0,0,0,0,0,0,,95,35,18200.0,1,7610.9800000000005,7519.9800000000005,0,0.0,0,,0,0,0,0,0,0,92753cb655b9910e
always_on,clean,1.0,1002,0006_0000,182,18.2,11,11,11,11,11,11,3043.982999999998,11,452.84549999999945,188,334,0,0,0,0,0,0,0,0,0,0,0,0,0,0,0,0,0,0,0,0,0,,94,33,18200.0,1,7612.599999999999,7521.599999999999,0,0.0,0,,0,0,0,0,0,0,5ce814371f6ac55e
always_on,clean,1.0,1003,0006_0000,182,18.2,11,11,10,11,11,10,3705.442000000002,11,810.1315000000002,188,334,0,0,0,0,0,0,0,0,0,0,0,0,0,0,0,0,0,0,0,0,0,,96,32,18200.0,1,7610.080000000001,7519.080000000001,0,0.0,0,,0,0,0,0,0,0,955b5180cf005dd5
always_on,noisy,1.0,1001,0006_0000,182,18.2,11,11,10,11,11,10,4742.522,11,1079.2394999999997,160,334,0,0,0,0,0,0,0,0,0,0,0,0,0,0,0,0,0,0,0,0,0,,88,42,18200.0,1,7618.9,7527.9,0,0.0,0,,0,0,0,0,0,0,571d4c7da4644569
always_on,noisy,1.0,1002,0006_0000,182,18.2,11,11,9,11,11,9,6167.419,11,1947.6889999999999,156,334,0,0,0,0,0,0,0,0,0,0,0,0,0,0,0,0,0,0,0,0,0,,87,45,18200.0,1,7619.9800000000005,7528.9800000000005,0,0.0,0,,0,0,0,0,0,0,bd489d0a170d9bd4
always_on,noisy,1.0,1003,0006_0000,182,18.2,11,11,9,11,11,9,5872.397000000001,11,1573.166,160,334,0,0,0,0,0,0,0,0,0,0,0,0,0,0,0,0,0,0,0,0,0,,89,43,18200.0,1,7615.3,7524.3,0,0.0,0,,0,0,0,0,0,0,f5cb5cd8e5e21083
always_on,noisy,1.0,1004,0006_0000,182,18.2,11,11,10,11,11,10,4338.603,11,1035.1650000000004,162,334,0,0,0,0,0,0,0,0,0,0,0,0,0,0,0,0,0,0,0,0,0,,89,42,18200.0,1,7617.82,7526.82,0,0.0,0,,0,0,0,0,0,0,a70905705480dd43
always_on,noisy,1.0,1005,0006_0000,182,18.2,11,11,9,11,11,9,6771.225,11,2118.0210000000006,154,334,0,0,0,0,0,0,0,0,0,0,0,0,0,0,0,0,0,0,0,0,0,,87,44,18200.0,1,7620.34,7529.34,0,0.0,0,,0,0,0,0,0,0,f417276733768ba8
always_on,spam,1.0,1001,0006_0000,182,18.2,11,11,11,11,11,11,3412.9440000000004,11,461.72400000000016,189,334,4,2,4,2,0,0,0,0,0,0,0,0,2,2,0,0,0,0,0,0,0,,95,35,18200.0,1,7610.799999999999,7519.799999999999,0,0.0,0,,0,0,0,0,0,0,317dc5ca8d6c555b
always_on,spam,1.0,1002,0006_0000,182,18.2,11,11,11,11,11,11,3033.482999999998,11,451.34549999999945,188,334,11,7,11,7,0,0,0,0,0,0,0,0,4,4,0,0,0,0,0,0,0,,94,33,18200.0,1,7612.780000000001,7521.780000000001,0,0.0,0,,0,0,0,0,0,0,bdd9c8ae90e43ea7
always_on,spam,1.0,1003,0006_0000,182,18.2,11,11,10,11,11,10,3720.442000000002,11,811.6315000000002,188,334,11,5,11,5,0,0,0,0,0,0,0,0,5,5,0,0,0,0,0,0,0,,96,32,18200.0,1,7609.900000000001,7518.900000000001,0,0.0,0,,0,0,0,0,0,0,3e04d21b1ace615d
always_on,spam,1.0,1004,0006_0000,182,18.2,11,11,10,11,11,10,3646.5640000000003,11,782.0779999999999,192,334,9,6,9,6,0,0,0,0,0,0,0,0,3,3,0,0,0,0,0,0,0,,97,33,18200.0,1,7608.820000000001,7517.820000000001,0,0.0,0,,0,0,0,0,0,0,df35dbeaacb3e2ac
always_on,spam,1.0,1005,0006_0000,182,18.2,11,11,11,11,11,11,3254.567999999999,11,460.22749999999996,186,334,7,4,7,4,0,0,0,0,0,0,0,0,3,3,0,0,0,0,0,0,0,,95,34,18200.0,1,7611.34,7520.34,0,0.0,0,,0,0,0,0,0,0,7ad6920fcd4cd57b
always_on,spam,8.0,1001,0006_0000,182,18.2,11,11,11,11,11,11,2867.005000000001,11,377.98300000000035,189,334,42,19,42,19,0,0,0,0,0,0,0,0,20,15,0,0,0,0,0,0,0,,95,35,18200.0,1,7610.8,7519.8,0,0.0,0,,0,0,0,0,0,0,57ccd5c181bfae97
always_on,spam,8.0,1002,0006_0000,182,18.2,11,11,11,11,11,11,3028.676,11,450.47849999999926,187,334,46,27,46,27,0,0,0,0,0,0,0,0,24,23,0,0,0,0,0,0,0,,94,33,18200.0,1,7612.499605,7521.499605,0,0.0,0,,0,0,0,0,0,0,a8a21d64d2231273
always_on,spam,8.0,1003,0006_0000,182,18.2,11,11,10,11,11,10,3735.866000000002,11,777.059,180,334,52,28,52,28,0,0,0,0,0,0,0,0,25,23,0,0,0,0,0,0,0,,94,36,18200.0,1,7613.32,7522.32,0,0.0,0,,0,0,0,0,0,0,d5a2da21794cfd4c
always_on,spam,8.0,1004,0006_0000,182,18.2,11,11,10,11,11,10,3646.5640000000003,11,782.0779999999999,191,334,45,25,45,25,0,0,0,0,0,0,0,0,24,17,0,0,0,0,0,0,0,,95,33,18200.0,1,7610.44,7519.44,0,0.0,0,,0,0,0,0,0,0,abf33ad532c78cf5
always_on,spam,8.0,1005,0006_0000,182,18.2,11,11,11,11,11,11,3245.567999999999,11,456.47749999999996,178,334,53,30,53,30,0,0,0,0,0,0,0,0,23,21,0,0,0,0,0,0,0,,94,36,18200.0,1,7612.42,7521.42,0,0.0,0,,0,0,0,0,0,0,6adf865466a3a317
always_on,replay_exact,1.0,1001,0006_0000,182,18.2,11,11,11,11,11,11,3412.9440000000004,11,461.72400000000016,189,334,0,0,0,0,0,0,0,0,0,0,0,0,0,0,0,0,0,0,0,0,0,,95,35,18200.0,1,7610.9800000000005,7519.9800000000005,0,0.0,0,,0,0,0,0,0,0,1b827e76e03a2e64
always_on,replay_exact,1.0,1002,0006_0000,182,18.2,11,11,11,11,11,11,3043.982999999998,11,452.84549999999945,188,334,0,0,0,0,0,0,0,0,0,0,0,0,0,0,0,0,0,0,0,0,0,,94,33,18200.0,1,7612.599999999999,7521.599999999999,0,0.0,0,,0,0,0,0,0,0,cb628e62c1ebc48f
always_on,replay_exact,1.0,1003,0006_0000,182,18.2,11,11,10,11,11,10,4245.516999999999,11,1043.7525,176,312,8,3,0,0,8,3,8,3,0,0,0,0,1,1,3,0,0,0,0,0,0,,95,34,18200.0,1,7612.96,7521.96,0,0.0,0,,0,0,0,0,0,0,7c45156934de64ce
always_on,replay_exact,1.0,1004,0006_0000,182,18.2,11,11,10,11,11,10,3830.767,11,829.9894999999997,143,261,27,16,0,0,27,16,27,16,0,0,0,0,3,3,16,0,0,0,0,0,0,,96,33,18200.0,1,7613.860000000001,7522.860000000001,0,0.0,0,,0,0,0,0,0,0,66748d0b371593f0
always_on,replay_exact,1.0,1005,0006_0000,182,18.2,11,11,11,11,11,11,3191.6349999999998,11,477.9490000000005,180,321,5,2,0,0,5,2,5,2,0,0,0,0,1,1,2,0,0,0,0,0,0,,95,34,18200.0,1,7611.5199999999995,7520.5199999999995,0,0.0,0,,0,0,0,0,0,0,54b5b0d512732a91
always_on,replay_perturbed,1.0,1001,0006_0000,182,18.2,11,11,10,11,11,10,4350.740000000001,11,890.2205000000004,145,252,36,20,0,0,36,20,0,0,36,20,13,8,3,3,19,0,0,0,0,0,0,,96,32,18200.0,1,7607.38,7516.38,0,0.0,0,,0,0,0,0,0,0,bffbbf6f43fb9f00
always_on,replay_perturbed,1.0,1002,0006_0000,182,18.2,11,11,11,11,11,11,4789.629000000001,11,909.4735000000005,124,234,35,17,0,0,35,17,0,0,35,17,12,5,3,3,16,0,0,0,0,0,0,,87,44,18200.0,1,7630.06,7539.06,0,0.0,0,,0,0,0,0,0,0,7c5c755c35c357df
always_on,replay_perturbed,1.0,1003,0006_0000,182,18.2,11,11,10,11,11,10,3705.442000000002,11,810.1315000000002,188,334,0,0,0,0,0,0,0,0,0,0,0,0,0,0,0,0,0,0,0,0,0,,96,32,18200.0,1,7610.080000000001,7519.080000000001,0,0.0,0,,0,0,0,0,0,0,786d640a15130e06
always_on,replay_perturbed,1.0,1004,0006_0000,182,18.2,11,11,10,11,11,10,3646.5640000000003,11,782.0779999999999,192,334,0,0,0,0,0,0,0,0,0,0,0,0,0,0,0,0,0,0,0,0,0,,97,33,18200.0,1,7608.820000000001,7517.820000000001,0,0.0,0,,0,0,0,0,0,0,a29ff6e8dd7ed78a
always_on,replay_perturbed,1.0,1005,0006_0000,182,18.2,11,11,11,11,11,11,3254.567999999999,11,460.22749999999996,176,312,14,8,0,0,14,8,0,0,14,8,14,8,1,1,8,0,0,0,0,0,0,,96,32,18200.0,1,7612.06,7521.06,0,0.0,0,,0,0,0,0,0,0,00878d6a26b8c404
always_on,mixed,1.0,1001,0006_0000,182,18.2,11,11,11,11,11,11,3991.513000000001,11,651.4859999999999,175,307,16,7,0,0,16,7,7,4,9,3,0,0,2,2,7,0,0,0,0,0,0,,94,35,18200.0,1,7614.58,7523.58,0,0.0,0,,0,0,0,0,0,0,719a57fbc10d1ae9
always_on,mixed,1.0,1002,0006_0000,182,18.2,11,11,11,11,11,11,3043.982999999998,11,452.84549999999945,188,334,4,1,3,1,1,0,0,0,1,0,1,0,2,1,0,0,0,0,0,0,0,,94,33,18200.0,1,7612.419999999999,7521.419999999999,0,0.0,0,,0,0,0,0,0,0,9796031b3632f9ff
always_on,mixed,1.0,1003,0006_0000,182,18.2,11,11,10,11,11,10,3705.442000000002,11,810.1315000000002,187,331,9,5,3,2,6,3,6,3,0,0,0,0,2,2,3,0,0,0,0,0,0,,97,31,18200.0,1,7607.74,7516.74,0,0.0,0,,0,0,0,0,0,0,2ca42d2e8400b7c0
always_on,mixed,1.0,1004,0006_0000,182,18.2,11,11,9,11,11,9,5293.643000000002,11,1446.1850000000004,154,276,33,18,3,2,30,16,21,12,9,4,9,4,4,4,16,0,0,0,0,0,0,,94,37,18200.0,1,7619.08,7528.08,0,0.0,0,,0,0,0,0,0,0,d59cc73857c90cb3
always_on,mixed,1.0,1005,0006_0000,182,18.2,11,11,11,11,11,11,3254.567999999999,11,460.22749999999996,185,334,3,1,3,1,0,0,0,0,0,0,0,0,2,1,0,0,0,0,0,0,0,,95,34,18200.0,1,7611.160000000001,7520.160000000001,0,0.0,0,,0,0,0,0,0,0,bc49f932f80dcd47
always_on,clean,1.0,1001,0012_0000,78,7.8,2,2,1,2,2,1,4682.241,2,4310.87625,17,97,0,0,0,0,0,0,0,0,0,0,0,0,0,0,0,0,0,0,0,0,0,,32,27,7800.0,1,3280.08,3241.08,0,0.0,0,,0,0,0,0,0,0,7e5d5892caae238b
always_on,clean,1.0,1002,0012_0000,78,7.8,2,1,1,2,1,1,149.403,1,149.403,15,97,0,0,0,0,0,0,0,0,0,0,0,0,0,0,0,0,0,0,0,0,0,,31,27,7800.0,1,3280.2599999999998,3241.2599999999998,0,0.0,0,,0,0,0,0,0,0,2d469005a086e588
always_on,clean,1.0,1003,0012_0000,78,7.8,2,2,1,2,2,1,3236.1569999999997,2,2934.5944499999996,16,97,0,0,0,0,0,0,0,0,0,0,0,0,0,0,0,0,0,0,0,0,0,,32,28,7800.0,1,3279.36,3240.36,0,0.0,0,,0,0,0,0,0,0,88c1c34d2b4f53ee
always_on,noisy,1.0,1001,0012_0000,78,7.8,2,1,1,2,1,1,278.63,1,278.63,13,97,0,0,0,0,0,0,0,0,0,0,0,0,0,0,0,0,0,0,0,0,0,,30,30,7800.0,1,3288.9,3249.9,0,0.0,0,,0,0,0,0,0,0,9b9d73424d27d5a0
always_on,noisy,1.0,1002,0012_0000,78,7.8,2,1,1,2,1,1,250.503,1,250.503,12,97,0,0,0,0,0,0,0,0,0,0,0,0,0,0,0,0,0,0,0,0,0,,30,29,7800.0,1,3288.36,3249.36,0,0.0,0,,0,0,0,0,0,0,04e1b15b02c61fe3
always_on,noisy,1.0,1003,0012_0000,78,7.8,2,1,1,2,1,1,267.895,1,267.895,12,97,0,0,0,0,0,0,0,0,0,0,0,0,0,0,0,0,0,0,0,0,0,,31,29,7800.0,1,3287.28,3248.28,0,0.0,0,,0,0,0,0,0,0,154e60612dcaf712
always_on,noisy,1.0,1004,0012_0000,78,7.8,2,1,1,2,1,1,260.357,1,260.357,11,97,0,0,0,0,0,0,0,0,0,0,0,0,0,0,0,0,0,0,0,0,0,,30,30,7800.0,1,3287.46,3248.46,0,0.0,0,,0,0,0,0,0,0,6c849bc1febd8ec2
always_on,noisy,1.0,1005,0012_0000,78,7.8,2,1,1,2,1,1,260.406,1,260.406,13,97,0,0,0,0,0,0,0,0,0,0,0,0,0,0,0,0,0,0,0,0,0,,31,29,7800.0,1,3288.0,3249.0,0,0.0,0,,0,0,0,0,0,0,0c3e41ceda982f1a
always_on,spam,1.0,1001,0012_0000,78,7.8,2,2,1,2,2,1,4682.241,2,4310.87625,17,97,0,0,0,0,0,0,0,0,0,0,0,0,0,0,0,0,0,0,0,0,0,,32,27,7800.0,1,3280.08,3241.08,0,0.0,0,,0,0,0,0,0,0,284f07c5f90ee38d
always_on,spam,1.0,1002,0012_0000,78,7.8,2,1,1,2,1,1,149.403,1,149.403,15,97,1,1,1,1,0,0,0,0,0,0,0,0,1,1,0,0,0,0,0,0,0,,31,27,7800.0,1,3280.2599999999998,3241.2599999999998,0,0.0,0,,0,0,0,0,0,0,8351d577dd6121e9
always_on,spam,1.0,1003,0012_0000,78,7.8,2,2,1,2,2,1,3236.1569999999997,2,2934.5944499999996,16,97,4,1,4,1,0,0,0,0,0,0,0,0,2,1,0,0,0,0,0,0,0,,32,28,7800.0,1,3279.36,3240.36,0,0.0,0,,0,0,0,0,0,0,8850d801abe8c8e6
always_on,spam,1.0,1004,0012_0000,78,7.8,2,2,1,2,2,1,4707.2029999999995,2,4342.98355,16,97,4,1,4,1,0,0,0,0,0,0,0,0,2,1,0,0,0,0,0,0,0,,31,28,7800.0,1,3280.62,3241.62,0,0.0,0,,0,0,0,0,0,0,e9306a0fac84981e
always_on,spam,1.0,1005,0012_0000,78,7.8,2,2,1,2,2,1,3310.331,2,3013.2065500000003,15,97,8,4,8,4,0,0,0,0,0,0,0,0,3,3,0,0,0,0,0,0,0,,31,28,7800.0,1,3280.8,3241.8,0,0.0,0,,0,0,0,0,0,0,94175050e450c89f
always_on,spam,8.0,1001,0012_0000,78,7.8,2,2,1,2,2,1,4680.741,2,4309.45125,17,97,25,10,25,10,0,0,0,0,0,0,0,0,11,9,0,0,0,0,0,0,0,,32,27,7800.0,1,3280.44,3241.44,0,0.0,0,,0,0,0,0,0,0,a51ab66fc515b86a
always_on,spam,8.0,1002,0012_0000,78,7.8,2,1,1,2,1,1,149.403,1,149.403,15,97,26,11,26,11,0,0,0,0,0,0,0,0,14,11,0,0,0,0,0,0,0,,31,27,7800.0,1,3280.2599999999998,3241.2599999999998,0,0.0,0,,0,0,0,0,0,0,fa610afeeb0da311
always_on,spam,8.0,1003,0012_0000,78,7.8,2,2,1,2,2,1,3233.1569999999997,2,2931.7444499999997,15,97,15,6,15,6,0,0,0,0,0,0,0,0,8,6,0,0,0,0,0,0,0,,32,28,7800.0,1,3279.9,3240.9,0,0.0,0,,0,0,0,0,0,0,536dca4178d3fc70
always_on,spam,8.0,1004,0012_0000,78,7.8,2,2,1,2,2,1,3365.857,2,2961.8928499999997,14,97,35,16,35,16,0,0,0,0,0,0,0,0,19,15,0,0,0,0,0,0,0,,30,30,7800.0,1,3281.88,3242.88,0,0.0,0,,0,0,0,0,0,0,8880cb5adcd34a07
always_on,spam,8.0,1005,0012_0000,78,7.8,2,2,1,2,2,1,3310.331,2,3013.2065500000003,15,97,27,12,27,12,0,0,0,0,0,0,0,0,13,10,0,0,0,0,0,0,0,,31,28,7800.0,1,3280.8,3241.8,0,0.0,0,,0,0,0,0,0,0,4d7e8735083f557e
always_on,replay_exact,1.0,1001,0012_0000,78,7.8,2,2,1,2,2,1,4682.241,2,4310.87625,17,94,4,2,0,0,4,2,4,2,0,0,0,0,1,1,1,0,0,0,0,0,0,,32,27,7800.0,1,3279.72,3240.72,0,0.0,0,,0,0,0,0,0,0,e5762df6f81baa4c
always_on,replay_exact,1.0,1002,0012_0000,78,7.8,2,1,1,2,1,1,149.403,1,149.403,15,90,7,5,0,0,7,5,7,5,0,0,0,0,1,1,5,0,0,0,0,0,0,,33,25,7800.0,1,3278.1,3239.1,0,0.0,0,,0,0,0,0,0,0,8aee1fee4e41a119
always_on,replay_exact,1.0,1003,0012_0000,78,7.8,2,2,1,2,2,1,3236.1569999999997,2,2934.5944499999996,16,97,0,0,0,0,0,0,0,0,0,0,0,0,0,0,0,0,0,0,0,0,0,,32,28,7800.0,1,3279.36,3240.36,0,0.0,0,,0,0,0,0,0,0,6c506ff225cd5431
always_on,replay_exact,1.0,1004,0012_0000,78,7.8,2,2,1,2,2,1,4707.2029999999995,2,4342.98355,16,97,0,0,0,0,0,0,0,0,0,0,0,0,0,0,0,0,0,0,0,0,0,,31,28,7800.0,1,3280.62,3241.62,0,0.0,0,,0,0,0,0,0,0,274baf82c46c0def
always_on,replay_exact,1.0,1005,0012_0000,78,7.8,2,2,1,2,2,1,3311.831,2,3014.63155,15,97,0,0,0,0,0,0,0,0,0,0,0,0,0,0,0,0,0,0,0,0,0,,31,28,7800.0,1,3280.62,3241.62,0,0.0,0,,0,0,0,0,0,0,c816d6c2d778b90b
always_on,replay_perturbed,1.0,1001,0012_0000,78,7.8,2,2,1,2,2,1,4682.241,2,4310.87625,17,97,0,0,0,0,0,0,0,0,0,0,0,0,0,0,0,0,0,0,0,0,0,,32,27,7800.0,1,3280.08,3241.08,0,0.0,0,,0,0,0,0,0,0,1b9536a726ffce3f
always_on,replay_perturbed,1.0,1002,0012_0000,78,7.8,2,1,1,2,1,1,149.403,1,149.403,15,97,0,0,0,0,0,0,0,0,0,0,0,0,0,0,0,0,0,0,0,0,0,,31,27,7800.0,1,3280.2599999999998,3241.2599999999998,0,0.0,0,,0,0,0,0,0,0,d55ec907741374b5
always_on,replay_perturbed,1.0,1003,0012_0000,78,7.8,2,1,1,2,1,1,155.283,1,155.283,15,76,21,8,0,0,21,8,0,0,21,8,6,2,2,2,8,0,0,0,0,0,0,,32,27,7800.0,1,3279.1800000000003,3240.1800000000003,0,0.0,0,,0,0,0,0,0,0,be3f1d428a35e68f
always_on,replay_perturbed,1.0,1004,0012_0000,78,7.8,2,2,1,2,2,1,4707.2029999999995,2,4342.98355,16,97,0,0,0,0,0,0,0,0,0,0,0,0,0,0,0,0,0,0,0,0,0,,31,28,7800.0,1,3280.62,3241.62,0,0.0,0,,0,0,0,0,0,0,36d61c3651de2523
always_on,replay_perturbed,1.0,1005,0012_0000,78,7.8,2,2,1,2,2,1,3311.831,2,3014.63155,15,97,0,0,0,0,0,0,0,0,0,0,0,0,0,0,0,0,0,0,0,0,0,,31,28,7800.0,1,3280.62,3241.62,0,0.0,0,,0,0,0,0,0,0,95b229f155d40823
always_on,mixed,1.0,1001,0012_0000,78,7.8,2,2,1,2,2,1,4682.241,2,4310.87625,17,97,0,0,0,0,0,0,0,0,0,0,0,0,0,0,0,0,0,0,0,0,0,,32,27,7800.0,1,3280.08,3241.08,0,0.0,0,,0,0,0,0,0,0,61882bf79235a6f7
always_on,mixed,1.0,1002,0012_0000,78,7.8,2,1,1,2,1,1,149.403,1,149.403,15,97,1,1,1,1,0,0,0,0,0,0,0,0,1,1,0,0,0,0,0,0,0,,31,27,7800.0,1,3280.2599999999998,3241.2599999999998,0,0.0,0,,0,0,0,0,0,0,c60c8c000d7e8dc9
always_on,mixed,1.0,1003,0012_0000,78,7.8,2,2,1,2,2,1,3236.1569999999997,2,2934.5944499999996,16,97,1,1,1,1,0,0,0,0,0,0,0,0,1,1,0,0,0,0,0,0,0,,32,28,7800.0,1,3279.36,3240.36,0,0.0,0,,0,0,0,0,0,0,20a027a913977dbf
always_on,mixed,1.0,1004,0012_0000,78,7.8,2,2,1,2,2,1,4707.2029999999995,2,4342.98355,16,97,0,0,0,0,0,0,0,0,0,0,0,0,0,0,0,0,0,0,0,0,0,,31,28,7800.0,1,3280.62,3241.62,0,0.0,0,,0,0,0,0,0,0,f2dc1ff2a8ecfd31
always_on,mixed,1.0,1005,0012_0000,78,7.8,2,2,1,2,2,1,3311.831,2,3014.63155,15,97,1,1,1,1,0,0,0,0,0,0,0,0,1,1,0,0,0,0,0,0,0,,31,28,7800.0,1,3280.62,3241.62,0,0.0,0,,0,0,0,0,0,0,6c5a8dcc42ac69e5
always_on,clean,1.0,1001,0015_0090,286,28.6,10,10,10,8,8,8,2516.6230000000014,10,550.2919499999995,325,618,0,0,0,0,0,0,0,0,0,0,0,0,0,0,0,0,0,0,0,0,0,,187,0,28600.0,1,11906.960000000001,11763.960000000001,0,0.0,0,,0,0,0,0,0,0,a224f2aeeb4492dd
always_on,clean,1.0,1002,0015_0090,286,28.6,10,10,10,8,8,8,2651.4290000000024,10,536.4907499999995,322,618,0,0,0,0,0,0,0,0,0,0,0,0,0,0,0,0,0,0,0,0,0,,187,0,28600.0,1,11906.42,11763.42,0,0.0,0,,0,0,0,0,0,0,de694d98a908ba8c
always_on,clean,1.0,1003,0015_0090,286,28.6,10,10,10,8,8,8,2490.9689999999996,10,539.2740999999996,327,618,0,0,0,0,0,0,0,0,0,0,0,0,0,0,0,0,0,0,0,0,0,,189,0,28600.0,1,11903.539999999999,11760.539999999999,0,0.0,0,,0,0,0,0,0,0,5d5e892ffa6d76ff
always_on,noisy,1.0,1001,0015_0090,286,28.6,10,10,8,8,8,6,8349.914999999999,10,3167.283999999997,255,618,0,0,0,0,0,0,0,0,0,0,0,0,0,0,0,0,0,0,0,0,0,,186,2,28600.0,1,11924.42,11781.42,0,0.0,0,,0,0,0,0,0,0,36d746b02beca4db
always_on,noisy,1.0,1002,0015_0090,286,28.6,10,10,8,8,8,6,5887.123999999998,10,1779.9530999999993,259,618,0,0,0,0,0,0,0,0,0,0,0,0,0,0,0,0,0,0,0,0,0,,186,4,28600.0,1,11923.7,11780.7,0,0.0,0,,0,0,0,0,0,0,3bdc916b1431ec5f
always_on,noisy,1.0,1003,0015_0090,286,28.6,10,10,8,8,8,6,5725.6950000000015,10,1800.5172499999992,266,618,0,0,0,0,0,0,0,0,0,0,0,0,0,0,0,0,0,0,0,0,0,,190,0,28600.0,1,11917.58,11774.58,0,0.0,0,,0,0,0,0,0,0,7573273a4fab5390
always_on,noisy,1.0,1004,0015_0090,286,28.6,10,10,8,8,8,6,5252.728000000001,10,1436.8700999999996,269,618,0,0,0,0,0,0,0,0,0,0,0,0,0,0,0,0,0,0,0,0,0,,188,2,28600.0,1,11919.020000000002,11776.020000000002,0,0.0,0,,0,0,0,0,0,0,36c0714ad20604ef
always_on,noisy,1.0,1005,0015_0090,286,28.6,10,10,8,8,8,6,8898.669,10,3311.472899999998,268,618,0,0,0,0,0,0,0,0,0,0,0,0,0,0,0,0,0,0,0,0,0,,187,2,28600.0,1,11921.18,11778.18,0,0.0,0,,0,0,0,0,0,0,c99ee3d1aaeec75d
always_on,spam,1.0,1001,0015_0090,286,28.6,10,10,10,8,8,8,2406.2090000000007,10,549.6169499999994,322,618,14,9,14,9,0,0,0,0,0,0,0,0,7,6,0,0,0,0,0,0,0,,188,0,28600.0,1,11906.960000000001,11763.960000000001,0,0.0,0,,0,0,0,0,0,0,fb161184674c30f4
always_on,spam,1.0,1002,0015_0090,286,28.6,10,10,10,8,8,8,2651.4290000000024,10,536.4907499999995,322,618,17,10,17,10,0,0,0,0,0,0,0,0,8,7,0,0,0,0,0,0,0,,187,0,28600.0,1,11906.42,11763.42,0,0.0,0,,0,0,0,0,0,0,c193d6a34c12b281
always_on,spam,1.0,1003,0015_0090,286,28.6,10,10,10,8,8,8,2490.9689999999996,10,539.2740999999996,326,618,11,8,11,8,0,0,0,0,0,0,0,0,5,5,0,0,0,0,0,0,0,,189,0,28600.0,1,11903.539999999999,11760.539999999999,0,0.0,0,,0,0,0,0,0,0,3db8721b8d1b7929
always_on,spam,1.0,1004,0015_0090,286,28.6,10,10,10,8,8,8,2700.3489999999993,10,592.6972499999995,326,618,3,2,3,2,0,0,0,0,0,0,0,0,2,1,0,0,0,0,0,0,0,,189,0,28600.0,1,11904.62,11761.62,0,0.0,0,,0,0,0,0,0,0,6c92ffaecfa9f108
always_on,spam,1.0,1005,0015_0090,286,28.6,10,10,10,8,8,8,2560.3070000000002,10,548.7902999999995,325,618,10,8,10,8,0,0,0,0,0,0,0,0,4,4,0,0,0,0,0,0,0,,189,0,28600.0,1,11905.7,11762.7,0,0.0,0,,0,0,0,0,0,0,17c7ae0690c975e4
always_on,spam,8.0,1001,0015_0090,286,28.6,10,10,10,8,8,8,2367.948999999998,10,546.1657499999993,319,618,80,53,80,53,0,0,0,0,0,0,0,0,43,37,0,0,0,0,0,0,0,,189,0,28600.0,1,11907.320000000002,11764.320000000002,0,0.0,0,,0,0,0,0,0,0,4b1c068433693abe
always_on,spam,8.0,1002,0015_0090,286,28.6,10,10,10,8,8,8,2512.813999999996,10,536.4907499999995,317,618,72,47,72,47,0,0,0,0,0,0,0,0,37,34,0,0,0,0,0,0,0,,186,0,28600.0,1,11909.66,11766.66,0,0.0,0,,0,0,0,0,0,0,09664107a84c93d7
always_on,spam,8.0,1003,0015_0090,286,28.6,10,10,10,8,8,8,2598.5330000000017,10,583.97755,321,618,79,53,79,53,0,0,0,0,0,0,0,0,40,36,0,0,0,0,0,0,0,,189,0,28600.0,1,11905.88,11762.88,0,0.0,0,,0,0,0,0,0,0,9a0b5eb34ba81aff
always_on,spam,8.0,1004,0015_0090,286,28.6,10,10,10,8,8,8,2341.8640000000023,10,405.9686999999999,323,618,69,46,69,46,0,0,0,0,0,0,0,0,37,33,0,0,0,0,0,0,0,,189,0,28600.0,1,11904.98,11761.98,0,0.0,0,,0,0,0,0,0,0,3eeda18733c204d7
always_on,spam,8.0,1005,0015_0090,286,28.6,10,10,10,8,8,8,2521.9239999999995,10,547.2902999999995,328,618,79,50,79,50,0,0,0,0,0,0,0,0,38,36,0,0,0,0,0,0,0,,189,0,28600.0,1,11906.24,11763.24,0,0.0,0,,0,0,0,0,0,0,947a75cf416355fa
always_on,replay_exact,1.0,1001,0015_0090,286,28.6,10,10,10,8,8,8,3026.1629999999986,10,782.3476499999996,286,562,30,22,0,0,30,22,30,22,0,0,0,0,3,3,22,0,0,0,0,0,0,,188,0,28600.0,1,11906.960000000001,11763.960000000001,0,0.0,0,,0,0,0,0,0,0,98ea4e89d35fef57
always_on,replay_exact,1.0,1002,0015_0090,286,28.6,10,10,10,8,8,8,2678.2389999999964,10,536.4907499999995,303,570,29,18,0,0,29,18,29,18,0,0,0,0,3,3,18,0,0,0,0,0,0,,187,0,28600.0,1,11899.4,11756.4,0,0.0,0,,0,0,0,0,0,0,bd6c6eec9a348dda
always_on,replay_exact,1.0,1003,0015_0090,286,28.6,10,10,10,8,8,8,2532.735,10,548.881599999999,314,589,24,16,0,0,24,16,24,16,0,0,0,0,3,3,16,0,0,0,0,0,0,,189,0,28600.0,1,11894.9,11751.9,0,0.0,0,,0,0,0,0,0,0,1bb13ab107a3dbc8
always_on,replay_exact,1.0,1004,0015_0090,286,28.6,10,10,10,8,8,8,2505.2310000000043,10,592.6972499999995,271,511,40,26,0,0,40,26,40,26,0,0,0,0,4,4,26,0,0,0,0,0,0,,189,0,28600.0,1,11894.36,11751.36,0,0.0,0,,0,0,0,0,0,0,78c4a33ab604b736
always_on,replay_exact,1.0,1005,0015_0090,286,28.6,10,10,10,8,8,8,2640.9649999999997,10,548.7902999999995,320,603,21,14,0,0,21,14,21,14,0,0,0,0,3,3,14,0,0,0,0,0,0,,189,0,28600.0,1,11903.179999999998,11760.179999999998,0,0.0,0,,0,0,0,0,0,0,12d44e72d1d0a307
always_on,replay_perturbed,1.0,1001,0015_0090,286,28.6,10,10,10,8,8,8,3178.646999999999,10,807.7103500000003,321,612,8,5,0,0,8,5,0,0,8,5,8,5,1,1,5,0,0,0,0,0,0,,187,0,28600.0,1,11903.720000000001,11760.720000000001,0,0.0,0,,0,0,0,0,0,0,3f95488b1a2aa5ed
always_on,replay_perturbed,1.0,1002,0015_0090,286,28.6,10,10,10,8,8,8,3296.476000000002,10,877.3577999999995,300,561,40,26,0,0,40,26,0,0,40,26,12,8,4,4,26,0,0,0,0,0,0,,186,0,28600.0,1,11897.42,11754.42,0,0.0,0,,0,0,0,0,0,0,ffb64dbf76be74c5
always_on,replay_perturbed,1.0,1003,0015_0090,286,28.6,10,10,10,8,8,8,2904.1570000000015,10,734.2334499999995,298,568,21,14,0,0,21,14,0,0,21,14,0,0,2,2,14,0,0,0,0,0,0,,189,0,28600.0,1,11904.08,11761.08,0,0.0,0,,0,0,0,0,0,0,880728d0383984e4
always_on,replay_perturbed,1.0,1004,0015_0090,286,28.6,10,10,9,8,8,8,3448.4580000000005,10,942.2168999999998,312,593,13,9,0,0,13,9,0,0,13,9,0,0,1,1,9,0,0,0,0,0,0,,188,0,28600.0,1,11899.94,11756.94,0,0.0,0,,0,0,0,0,0,0,931daa826338b80d
always_on,replay_perturbed,1.0,1005,0015_0090,286,28.6,10,10,10,8,8,8,2572.3070000000002,10,548.7902999999995,327,618,0,0,0,0,0,0,0,0,0,0,0,0,0,0,0,0,0,0,0,0,0,,189,0,28600.0,1,11904.98,11761.98,0,0.0,0,,0,0,0,0,0,0,d792b16c9a2aee11
always_on,mixed,1.0,1001,0015_0090,286,28.6,10,10,10,8,8,8,2516.6230000000014,10,550.2919499999995,323,618,6,4,6,4,0,0,0,0,0,0,0,0,3,2,0,0,0,0,0,0,0,,187,0,28600.0,1,11907.5,11764.5,0,0.0,0,,0,0,0,0,0,0,a2bf31852fe041e6
always_on,mixed,1.0,1002,0015_0090,286,28.6,10,10,9,8,8,7,3776.641000000002,10,1077.3317499999987,302,588,22,14,4,2,18,12,18,12,0,0,0,0,5,4,12,0,0,0,0,0,0,,187,0,28600.0,1,11906.960000000001,11763.960000000001,0,0.0,0,,0,0,0,0,0,0,497b01df55f46832
always_on,mixed,1.0,1003,0015_0090,286,28.6,10,10,10,8,8,8,2467.863,10,537.8286999999998,325,618,10,6,3,2,7,4,7,4,0,0,0,0,2,2,4,0,0,0,0,0,0,,189,0,28600.0,1,11900.3,11757.3,0,0.0,0,,0,0,0,0,0,0,12f5ff7e9398d6d6
always_on,mixed,1.0,1004,0015_0090,286,28.6,10,10,10,8,8,8,2697.3489999999993,10,592.6972499999995,326,618,5,4,5,4,0,0,0,0,0,0,0,0,2,2,0,0,0,0,0,0,0,,189,0,28600.0,1,11904.8,11761.8,0,0.0,0,,0,0,0,0,0,0,71ce2e443a46312f
always_on,mixed,1.0,1005,0015_0090,286,28.6,10,10,10,8,8,8,2582.0930000000003,10,548.7902999999995,316,598,30,20,14,10,16,10,0,0,16,10,0,0,8,8,10,0,0,0,0,0,0,,189,0,28600.0,1,11900.84,11757.84,0,0.0,0,,0,0,0,0,0,0,a123b9c31f269bb4
always_on,clean,1.0,1001,0016_0000,209,20.9,16,16,10,14,14,8,23222.759,16,4866.26275,608,1652,0,0,0,0,0,0,0,0,0,0,0,0,0,0,0,0,0,0,0,0,0,,107,34,20900.0,1,8627.8,8523.3,0,0.0,0,,0,0,0,0,0,0,04d1925c5eccbb68
always_on,clean,1.0,1002,0016_0000,209,20.9,16,16,10,14,14,8,23434.445,16,4840.88925,602,1652,0,0,0,0,0,0,0,0,0,0,0,0,0,0,0,0,0,0,0,0,0,,106,34,20900.0,1,8628.88,8524.38,0,0.0,0,,0,0,0,0,0,0,ffc179d389a2a34a
always_on,clean,1.0,1003,0016_0000,209,20.9,16,16,10,14,14,8,22638.131,16,4821.87175,606,1652,0,0,0,0,0,0,0,0,0,0,0,0,0,0,0,0,0,0,0,0,0,,105,37,20900.0,1,8627.62,8523.12,0,0.0,0,,0,0,0,0,0,0,c0fa26c2583470bf
always_on,noisy,1.0,1001,0016_0000,209,20.9,16,16,11,14,14,9,22052.362999999998,16,4833.31375,535,1652,0,0,0,0,0,0,0,0,0,0,0,0,0,0,0,0,0,0,0,0,0,,100,46,20900.0,1,8677.3,8572.8,0,0.0,0,,0,0,0,0,0,0,35c794770ccd4192
always_on,noisy,1.0,1002,0016_0000,209,20.9,16,16,11,14,14,9,19704.69,16,4481.59175,537,1652,0,0,0,0,0,0,0,0,0,0,0,0,0,0,0,0,0,0,0,0,0,,101,44,20900.0,1,8677.66,8573.16,0,0.0,0,,0,0,0,0,0,0,a68084fcfce009f1
always_on,noisy,1.0,1003,0016_0000,209,20.9,16,16,10,14,14,8,29411.423000000003,16,6161.0405,516,1652,0,0,0,0,0,0,0,0,0,0,0,0,0,0,0,0,0,0,0,0,0,,96,52,20900.0,1,8680.54,8576.04,0,0.0,0,,0,0,0,0,0,0,b0a073945206cbd5
always_on,noisy,1.0,1004,0016_0000,209,20.9,16,16,10,14,14,8,27219.309,16,5913.04025,524,1652,0,0,0,0,0,0,0,0,0,0,0,0,0,0,0,0,0,0,0,0,0,,98,49,20900.0,1,8679.82,8575.32,0,0.0,0,,0,0,0,0,0,0,1b3d3d76d30386b1
always_on,noisy,1.0,1005,0016_0000,209,20.9,16,16,11,14,14,9,27465.589000000004,16,6021.705750000001,503,1652,0,0,0,0,0,0,0,0,0,0,0,0,0,0,0,0,0,0,0,0,0,,96,51,20900.0,1,8682.52,8578.02,0,0.0,0,,0,0,0,0,0,0,abfb767bc82b2ec3
always_on,spam,1.0,1001,0016_0000,209,20.9,16,16,10,14,14,8,23181.176,16,4865.51275,593,1652,10,5,10,5,0,0,0,0,0,0,0,0,4,4,0,0,0,0,0,0,0,,103,37,20900.0,1,8635.54,8531.04,0,0.0,0,,0,0,0,0,0,0,c76ea5329d292cc0
always_on,spam,1.0,1002,0016_0000,209,20.9,16,16,11,14,14,9,22984.822,16,4842.575000000001,606,1652,10,3,10,3,0,0,0,0,0,0,0,0,5,3,0,0,0,0,0,0,0,,105,36,20900.0,1,8631.220000000001,8526.720000000001,0,0.0,0,,0,0,0,0,0,0,293ba1c5e7def811
always_on,spam,1.0,1003,0016_0000,209,20.9,16,16,10,14,14,8,22850.345,16,4863.1235,597,1652,10,5,10,5,0,0,0,0,0,0,0,0,5,4,0,0,0,0,0,0,0,,104,38,20900.0,1,8629.24,8524.74,0,0.0,0,,0,0,0,0,0,0,f327d8135a81981c
always_on,spam,1.0,1004,0016_0000,209,20.9,16,16,11,14,14,9,25741.549000000003,16,5996.47975,588,1652,17,9,17,9,0,0,0,0,0,0,0,0,8,7,0,0,0,0,0,0,0,,104,38,20900.0,1,8634.64,8530.14,0,0.0,0,,0,0,0,0,0,0,8e0aea23e1cd5556
always_on,spam,1.0,1005,0016_0000,209,20.9,16,16,10,14,14,8,27774.484,16,6130.753,612,1652,8,5,8,5,0,0,0,0,0,0,0,0,5,5,0,0,0,0,0,0,0,,105,37,20900.0,1,8628.16,8523.66,0,0.0,0,,0,0,0,0,0,0,99534fa11e50da95
always_on,spam,8.0,1001,0016_0000,209,20.9,16,16,11,14,14,9,22915.529000000002,16,4853.29175,606,1652,53,22,53,22,0,0,0,0,0,0,0,0,27,17,0,0,0,0,0,0,0,,104,35,20900.0,1,8633.92,8529.42,0,0.0,0,,0,0,0,0,0,0,fb42f2b585f7e02a
always_on,spam,8.0,1002,0016_0000,209,20.9,16,16,10,14,14,8,23698.357,16,4847.305,594,1652,54,27,54,27,0,0,0,0,0,0,0,0,32,23,0,0,0,0,0,0,0,,104,39,20900.0,1,8633.92,8529.42,0,0.0,0,,0,0,0,0,0,0,0174a217951ea69f
always_on,spam,8.0,1003,0016_0000,209,20.9,16,16,10,14,14,8,23219.887000000002,16,5960.295250000001,597,1652,66,32,66,32,0,0,0,0,0,0,0,0,33,29,0,0,0,0,0,0,0,,105,37,20900.0,1,8630.5,8526.0,0,0.0,0,,0,0,0,0,0,0,11450c606141489d
always_on,spam,8.0,1004,0016_0000,209,20.9,16,16,11,14,14,9,25451.869000000002,16,5795.29975,582,1652,65,29,65,29,0,0,0,0,0,0,0,0,33,23,0,0,0,0,0,0,0,,103,38,20900.0,1,8635.658574,8531.158574,0,0.0,0,,0,0,0,0,0,0,ba3b10946b5bf1d6
always_on,spam,8.0,1005,0016_0000,209,20.9,16,16,10,14,14,8,27658.068000000003,16,6124.39775,599,1652,59,30,59,30,0,0,0,0,0,0,0,0,29,22,0,0,0,0,0,0,0,,105,36,20900.0,1,8632.3,8527.8,0,0.0,0,,0,0,0,0,0,0,950b55d376cb1877
always_on,replay_exact,1.0,1001,0016_0000,209,20.9,16,16,10,14,14,8,23170.852,16,4866.26275,559,1503,25,13,0,0,25,13,25,13,0,0,0,0,2,2,13,0,0,0,0,0,0,,107,32,20900.0,1,8621.68,8517.18,0,0.0,0,,0,0,0,0,0,0,6fa4b2c29012b700
always_on,replay_exact,1.0,1002,0016_0000,209,20.9,16,16,9,14,14,8,24932.378,16,4840.88925,549,1492,15,9,0,0,15,9,15,9,0,0,0,0,1,1,9,0,0,0,0,0,0,,105,36,20900.0,1,8629.999353,8525.499353,0,0.0,0,,0,0,0,0,0,0,8adb4959b4500ef8
always_on,replay_exact,1.0,1003,0016_0000,209,20.9,16,16,10,14,14,8,22653.692,16,4821.87175,549,1498,19,10,0,0,19,10,19,10,0,0,0,0,2,2,10,0,0,0,0,0,0,,104,38,20900.0,1,8627.08,8522.58,0,0.0,0,,0,0,0,0,0,0,90ea96fe808b1bd6
always_on,replay_exact,1.0,1004,0016_0000,209,20.9,16,16,11,14,14,9,25465.466,16,5800.17475,597,1652,0,0,0,0,0,0,0,0,0,0,0,0,0,0,0,0,0,0,0,0,0,,103,39,20900.0,1,8633.56,8529.06,0,0.0,0,,0,0,0,0,0,0,3b49320dcf586ab3
always_on,replay_exact,1.0,1005,0016_0000,209,20.9,16,16,10,14,14,8,24603.826,16,5659.370999999999,552,1477,24,13,0,0,24,13,24,13,0,0,0,0,2,2,13,0,0,0,0,0,0,,108,33,20900.0,1,8625.1,8520.6,0,0.0,0,,0,0,0,0,0,0,73da5eba407ace45
always_on,replay_perturbed,1.0,1001,0016_0000,209,20.9,16,16,9,14,14,7,30640.369,16,6374.02625,441,1225,44,24,0,0,44,24,0,0,44,24,3,2,5,5,24,0,0,0,0,0,0,,106,34,20900.0,1,8631.76,8527.26,0,0.0,0,,0,0,0,0,0,0,c8c076d9b2ac0eea
always_on,replay_perturbed,1.0,1002,0016_0000,209,20.9,16,15,9,14,14,8,22884.98,15,4899.1783,582,1563,15,7,0,0,15,7,0,0,15,7,8,4,2,2,6,0,0,0,0,0,0,,106,35,20900.0,1,8625.460000000001,8520.960000000001,0,0.0,0,,0,0,0,0,0,0,e020720fba8a2f05
always_on,replay_perturbed,1.0,1003,0016_0000,209,20.9,16,16,10,14,14,8,22638.131,16,4821.87175,603,1635,7,3,0,0,7,3,0,0,7,3,7,3,1,1,2,0,0,0,0,0,0,,105,36,20900.0,1,8626.18,8521.68,0,0.0,0,,0,0,0,0,0,0,1904e4c1d05db42d
always_on,replay_perturbed,1.0,1004,0016_0000,209,20.9,16,16,11,14,14,9,25465.466,16,5800.17475,597,1652,0,0,0,0,0,0,0,0,0,0,0,0,0,0,0,0,0,0,0,0,0,,103,39,20900.0,1,8633.56,8529.06,0,0.0,0,,0,0,0,0,0,0,86ab7055caa5285f
always_on,replay_perturbed,1.0,1005,0016_0000,209,20.9,16,16,10,14,14,8,27731.552,16,6126.802,584,1587,8,3,0,0,8,3,0,0,8,3,0,0,1,1,3,0,0,0,0,0,0,,104,38,20900.0,1,8632.3,8527.8,0,0.0,0,,0,0,0,0,0,0,fb3bffcbc9af10b5
always_on,mixed,1.0,1001,0016_0000,209,20.9,16,16,10,14,14,8,23225.762,16,4860.33275,595,1652,15,8,15,8,0,0,0,0,0,0,0,0,7,6,0,0,0,0,0,0,0,,103,37,20900.0,1,8634.099999999999,8529.599999999999,0,0.0,0,,0,0,0,0,0,0,20bab9443e939538
always_on,mixed,1.0,1002,0016_0000,209,20.9,16,16,10,14,14,8,23436.594,16,4842.38925,602,1652,5,4,5,4,0,0,0,0,0,0,0,0,2,2,0,0,0,0,0,0,0,,106,34,20900.0,1,8628.7,8524.2,0,0.0,0,,0,0,0,0,0,0,ee47bdadf0d8341d
always_on,mixed,1.0,1003,0016_0000,209,20.9,16,16,10,14,14,8,22639.631,16,4821.87175,607,1652,5,2,5,2,0,0,0,0,0,0,0,0,2,2,0,0,0,0,0,0,0,,105,37,20900.0,1,8627.44,8522.94,0,0.0,0,,0,0,0,0,0,0,72b763a15226d243
always_on,mixed,1.0,1004,0016_0000,209,20.9,16,16,11,14,14,9,25462.466,16,5800.17475,597,1652,6,3,6,3,0,0,0,0,0,0,0,0,4,3,0,0,0,0,0,0,0,,103,39,20900.0,1,8633.92,8529.42,0,0.0,0,,0,0,0,0,0,0,e06373d2bebce403
always_on,mixed,1.0,1005,0016_0000,209,20.9,16,16,10,14,14,8,23304.263000000003,16,4797.815,598,1652,0,0,0,0,0,0,0,0,0,0,0,0,0,0,0,0,0,0,0,0,0,,104,37,20900.0,1,8633.74,8529.24,0,0.0,0,,0,0,0,0,0,0,e712c200285c0687
always_on,clean,1.0,1001,0017_0000,145,14.5,9,9,8,9,9,8,3284.198,9,887.1723999999997,316,718,0,0,0,0,0,0,0,0,0,0,0,0,0,0,0,0,0,0,0,0,0,,79,22,14500.0,1,6029.48,5956.98,0,0.0,0,,0,0,0,0,0,0,63acb4158466eb93
always_on,clean,1.0,1002,0017_0000,145,14.5,9,9,8,9,9,8,3391.446,9,923.3623999999999,314,718,0,0,0,0,0,0,0,0,0,0,0,0,0,0,0,0,0,0,0,0,0,,77,23,14500.0,1,6032.0,5959.5,0,0.0,0,,0,0,0,0,0,0,b6655ffd60ae3fd3
always_on,clean,1.0,1003,0017_0000,145,14.5,9,9,8,9,9,8,3673.842,9,917.0179999999998,316,718,0,0,0,0,0,0,0,0,0,0,0,0,0,0,0,0,0,0,0,0,0,,79,22,14500.0,1,6031.1,5958.6,0,0.0,0,,0,0,0,0,0,0,6ffcd055e782e733
always_on,noisy,1.0,1001,0017_0000,145,14.5,9,9,4,9,9,4,10252.759999999998,9,2835.626799999999,277,718,0,0,0,0,0,0,0,0,0,0,0,0,0,0,0,0,0,0,0,0,0,,77,25,14500.0,1,6046.580000000001,5974.080000000001,0,0.0,0,,0,0,0,0,0,0,fc8c568c137ea528
always_on,noisy,1.0,1002,0017_0000,145,14.5,9,9,5,9,9,5,14134.433,9,4783.2968,271,718,0,0,0,0,0,0,0,0,0,0,0,0,0,0,0,0,0,0,0,0,0,,77,24,14500.0,1,6047.48,5974.98,0,0.0,0,,0,0,0,0,0,0,837b438da86715ae
always_on,noisy,1.0,1003,0017_0000,145,14.5,9,9,5,9,9,5,12075.733,9,3719.962599999999,271,718,0,0,0,0,0,0,0,0,0,0,0,0,0,0,0,0,0,0,0,0,0,,75,28,14500.0,1,6049.639999999999,5977.139999999999,0,0.0,0,,0,0,0,0,0,0,8ba819b8f2d1aae6
always_on,noisy,1.0,1004,0017_0000,145,14.5,9,9,4,9,9,4,14077.046,9,3990.6018,272,718,0,0,0,0,0,0,0,0,0,0,0,0,0,0,0,0,0,0,0,0,0,,78,24,14500.0,1,6046.400000000001,5973.900000000001,0,0.0,0,,0,0,0,0,0,0,6483046ce0e2a1da
always_on,noisy,1.0,1005,0017_0000,145,14.5,9,9,5,9,9,5,11603.336,9,3559.805199999999,269,718,0,0,0,0,0,0,0,0,0,0,0,0,0,0,0,0,0,0,0,0,0,,76,24,14500.0,1,6048.74,5976.24,0,0.0,0,,0,0,0,0,0,0,b81bb5e5545794cb
always_on,spam,1.0,1001,0017_0000,145,14.5,9,9,8,9,9,8,3284.198,9,887.1723999999997,316,718,6,3,6,3,0,0,0,0,0,0,0,0,2,2,0,0,0,0,0,0,0,,79,22,14500.0,1,6029.48,5956.98,0,0.0,0,,0,0,0,0,0,0,3c4b34eca6f9eaaf
always_on,spam,1.0,1002,0017_0000,145,14.5,9,9,7,9,9,7,4243.435,9,1109.2992,321,718,3,2,3,2,0,0,0,0,0,0,0,0,1,1,0,0,0,0,0,0,0,,80,18,14500.0,1,6029.660000000001,5957.160000000001,0,0.0,0,,0,0,0,0,0,0,8c5b82e8bbe49ad6
always_on,spam,1.0,1003,0017_0000,145,14.5,9,9,8,9,9,8,3673.842,9,917.0179999999998,316,718,3,2,3,2,0,0,0,0,0,0,0,0,1,1,0,0,0,0,0,0,0,,78,23,14500.0,1,6031.460000000001,5958.960000000001,0,0.0,0,,0,0,0,0,0,0,8a148c2dd4c308f3
always_on,spam,1.0,1004,0017_0000,145,14.5,9,9,8,9,9,8,3546.1080000000006,9,915.5099999999999,312,718,7,6,7,6,0,0,0,0,0,0,0,0,3,3,0,0,0,0,0,0,0,,79,22,14500.0,1,6030.56,5958.06,0,0.0,0,,0,0,0,0,0,0,b17b1e68f80dc9e9
always_on,spam,1.0,1005,0017_0000,145,14.5,9,9,8,9,9,8,3646.1629999999996,9,901.7579999999999,314,718,6,3,6,3,0,0,0,0,0,0,0,0,2,2,0,0,0,0,0,0,0,,77,23,14500.0,1,6032.18,5959.68,0,0.0,0,,0,0,0,0,0,0,307e008f75735fb1
always_on,spam,8.0,1001,0017_0000,145,14.5,9,9,9,9,9,9,3353.0409999999997,9,685.3692000000001,325,718,32,16,32,16,0,0,0,0,0,0,0,0,15,14,0,0,0,0,0,0,0,,80,21,14500.0,1,6028.4,5955.9,0,0.0,0,,0,0,0,0,0,0,d487177dee22423c
always_on,spam,8.0,1002,0017_0000,145,14.5,9,9,8,9,9,8,3391.446,9,923.3623999999999,321,718,52,29,52,29,0,0,0,0,0,0,0,0,26,22,0,0,0,0,0,0,0,,79,19,14500.0,1,6031.28,5958.78,0,0.0,0,,0,0,0,0,0,0,801bd8a859161e17
always_on,spam,8.0,1003,0017_0000,145,14.5,9,9,8,9,9,8,3773.248,9,916.1179999999998,316,718,39,25,39,25,0,0,0,0,0,0,0,0,22,20,0,0,0,0,0,0,0,,78,23,14500.0,1,6033.62,5961.12,0,0.0,0,,0,0,0,0,0,0,b29dcfa932d42470
always_on,spam,8.0,1004,0017_0000,145,14.5,9,9,8,9,9,8,3546.1080000000006,9,915.5099999999999,318,718,45,25,45,25,0,0,0,0,0,0,0,0,22,19,0,0,0,0,0,0,0,,80,20,14500.0,1,6030.56,5958.06,0,0.0,0,,0,0,0,0,0,0,c222a1cc6319fd88
always_on,spam,8.0,1005,0017_0000,145,14.5,9,9,8,9,9,8,3436.428,9,986.7045999999998,327,718,36,22,36,22,0,0,0,0,0,0,0,0,20,16,0,0,0,0,0,0,0,,80,19,14500.0,1,6028.94,5956.44,0,0.0,0,,0,0,0,0,0,0,37a425566634482d
always_on,replay_exact,1.0,1001,0017_0000,145,14.5,9,9,8,9,9,8,3284.198,9,887.1723999999997,316,718,0,0,0,0,0,0,0,0,0,0,0,0,0,0,0,0,0,0,0,0,0,,79,22,14500.0,1,6029.48,5956.98,0,0.0,0,,0,0,0,0,0,0,55d06c23a30c3c27
always_on,replay_exact,1.0,1002,0017_0000,145,14.5,9,9,8,9,9,8,3391.446,9,923.3623999999999,299,664,11,5,0,0,11,5,11,5,0,0,0,0,1,1,5,0,0,0,0,0,0,,78,21,14500.0,1,6033.26,5960.76,0,0.0,0,,0,0,0,0,0,0,1f38266b24e445c2
always_on,replay_exact,1.0,1003,0017_0000,145,14.5,9,9,8,9,9,8,3673.842,9,917.0179999999998,316,718,0,0,0,0,0,0,0,0,0,0,0,0,0,0,0,0,0,0,0,0,0,,79,22,14500.0,1,6031.1,5958.6,0,0.0,0,,0,0,0,0,0,0,cd54a640500779b2
always_on,replay_exact,1.0,1004,0017_0000,145,14.5,9,9,8,9,9,8,3546.1080000000006,9,915.5099999999999,312,718,0,0,0,0,0,0,0,0,0,0,0,0,0,0,0,0,0,0,0,0,0,,79,22,14500.0,1,6030.38,5957.88,0,0.0,0,,0,0,0,0,0,0,efdb802bf65379d6
always_on,replay_exact,1.0,1005,0017_0000,145,14.5,9,9,8,9,9,8,3646.1629999999996,9,901.7579999999999,314,718,0,0,0,0,0,0,0,0,0,0,0,0,0,0,0,0,0,0,0,0,0,,77,23,14500.0,1,6031.82,5959.32,0,0.0,0,,0,0,0,0,0,0,87287fdf98ac6fc6
always_on,replay_perturbed,1.0,1001,0017_0000,145,14.5,9,9,8,9,9,8,3284.198,9,887.1723999999997,306,697,8,5,0,0,8,5,0,0,8,5,0,0,1,1,4,0,0,0,0,0,0,,79,22,14500.0,1,6026.06,5953.56,0,0.0,0,,0,0,0,0,0,0,526c79c93a2d6ee3
always_on,replay_perturbed,1.0,1002,0017_0000,145,14.5,9,9,8,9,9,8,3391.446,9,923.3623999999999,280,637,22,12,0,0,22,12,0,0,22,12,22,12,2,2,12,0,0,0,0,0,0,,79,19,14500.0,1,6026.780000000001,5954.280000000001,0,0.0,0,,0,0,0,0,0,0,bf591a28d0bd2012
always_on,replay_perturbed,1.0,1003,0017_0000,145,14.5,9,9,8,9,9,8,3673.842,9,917.0179999999998,298,662,14,7,0,0,14,7,0,0,14,7,14,7,1,1,7,0,0,0,0,0,0,,81,17,14500.0,1,6028.58,5956.08,0,0.0,0,,0,0,0,0,0,0,73175e8674065370
always_on,replay_perturbed,1.0,1004,0017_0000,145,14.5,9,9,8,9,9,8,3546.1080000000006,9,915.5099999999999,286,658,15,8,0,0,15,8,0,0,15,8,0,0,1,1,8,0,0,0,0,0,0,,80,20,14500.0,1,6028.760000000001,5956.260000000001,0,0.0,0,,0,0,0,0,0,0,8fb62b5e5e364322
always_on,replay_perturbed,1.0,1005,0017_0000,145,14.5,9,9,8,9,9,8,3646.1629999999996,9,901.7579999999999,295,673,12,5,0,0,12,5,0,0,12,5,0,0,1,1,5,0,0,0,0,0,0,,77,23,14500.0,1,6035.78,5963.28,0,0.0,0,,0,0,0,0,0,0,469a3be58e98850e
always_on,mixed,1.0,1001,0017_0000,145,14.5,9,9,8,9,9,8,3284.198,9,887.1723999999997,316,718,0,0,0,0,0,0,0,0,0,0,0,0,0,0,0,0,0,0,0,0,0,,79,22,14500.0,1,6029.48,5956.98,0,0.0,0,,0,0,0,0,0,0,deccc2da116a4987
always_on,mixed,1.0,1002,0017_0000,145,14.5,9,9,8,9,9,8,3391.446,9,923.3623999999999,314,718,3,2,3,2,0,0,0,0,0,0,0,0,2,2,0,0,0,0,0,0,0,,77,23,14500.0,1,6032.0,5959.5,0,0.0,0,,0,0,0,0,0,0,b517e84583521619
always_on,mixed,1.0,1003,0017_0000,145,14.5,9,9,8,9,9,8,3673.842,9,917.0179999999998,320,718,6,3,6,3,0,0,0,0,0,0,0,0,2,2,0,0,0,0,0,0,0,,79,22,14500.0,1,6029.48,5956.98,0,0.0,0,,0,0,0,0,0,0,b63db0d6d947be84
always_on,mixed,1.0,1004,0017_0000,145,14.5,9,9,8,9,9,8,3546.1080000000006,9,915.5099999999999,294,682,14,6,2,1,12,5,12,5,0,0,0,0,2,2,5,0,0,0,0,0,0,,78,23,14500.0,1,6030.92,5958.42,0,0.0,0,,0,0,0,0,0,0,e4c602eef1f38756
always_on,mixed,1.0,1005,0017_0000,145,14.5,9,9,8,9,9,8,3646.1629999999996,9,901.7579999999999,314,718,1,1,1,1,0,0,0,0,0,0,0,0,1,1,0,0,0,0,0,0,0,,77,23,14500.0,1,6031.82,5959.32,0,0.0,0,,0,0,0,0,0,0,a88112ec9d7ae64d
always_on,clean,1.0,1001,0019_0618,89,8.9,11,11,10,9,9,8,4943.524000000001,11,1260.978,301,592,0,0,0,0,0,0,0,0,0,0,0,0,0,0,0,0,0,0,0,0,0,,54,2,8900.0,1,3663.34,3618.84,0,0.0,0,,0,0,0,0,0,0,7730c6ce5516e488
always_on,clean,1.0,1002,0019_0618,89,8.9,11,11,10,9,9,8,4919.4039999999995,11,1363.892,301,592,0,0,0,0,0,0,0,0,0,0,0,0,0,0,0,0,0,0,0,0,0,,54,1,8900.0,1,3662.9800000000005,3618.4800000000005,0,0.0,0,,0,0,0,0,0,0,95280ef4813cc7d6
always_on,clean,1.0,1003,0019_0618,89,8.9,11,11,10,9,9,8,5003.268000000001,11,1297.307,305,592,0,0,0,0,0,0,0,0,0,0,0,0,0,0,0,0,0,0,0,0,0,,55,1,8900.0,1,3660.8199999999997,3616.3199999999997,0,0.0,0,,0,0,0,0,0,0,26c71e5e422e8c64
always_on,noisy,1.0,1001,0019_0618,89,8.9,11,10,8,9,9,7,6428.553000000001,10,1937.1252999999995,262,592,0,0,0,0,0,0,0,0,0,0,0,0,0,0,0,0,0,0,0,0,0,,52,5,8900.0,1,3683.3199999999997,3638.8199999999997,0,0.0,0,,0,0,0,0,0,0,645627cd45e4628d
always_on,noisy,1.0,1002,0019_0618,89,8.9,11,10,8,9,9,7,5929.282,10,1878.5857999999994,255,592,0,0,0,0,0,0,0,0,0,0,0,0,0,0,0,0,0,0,0,0,0,,52,5,8900.0,1,3683.14,3638.64,0,0.0,0,,0,0,0,0,0,0,4699c52afb5717db
always_on,noisy,1.0,1003,0019_0618,89,8.9,11,10,8,9,9,7,7037.524999999999,10,2271.7641999999983,255,592,0,0,0,0,0,0,0,0,0,0,0,0,0,0,0,0,0,0,0,0,0,,50,10,8900.0,1,3685.8399999999997,3641.3399999999997,0,0.0,0,,0,0,0,0,0,0,b7909df007a1a644
always_on,noisy,1.0,1004,0019_0618,89,8.9,11,10,8,9,9,7,6427.688,10,1950.5053499999995,262,592,0,0,0,0,0,0,0,0,0,0,0,0,0,0,0,0,0,0,0,0,0,,50,7,8900.0,1,3684.7599999999998,3640.2599999999998,0,0.0,0,,0,0,0,0,0,0,b67634d83192088e
always_on,noisy,1.0,1005,0019_0618,89,8.9,11,10,8,9,9,7,6039.533,10,1843.2758999999994,273,592,0,0,0,0,0,0,0,0,0,0,0,0,0,0,0,0,0,0,0,0,0,,52,6,8900.0,1,3682.2400000000002,3637.7400000000002,0,0.0,0,,0,0,0,0,0,0,91dcd28a4ae3d223
always_on,spam,1.0,1001,0019_0618,89,8.9,11,11,10,9,9,8,4943.524000000001,11,1260.978,301,592,2,1,2,1,0,0,0,0,0,0,0,0,1,1,0,0,0,0,0,0,0,,54,2,8900.0,1,3663.34,3618.84,0,0.0,0,,0,0,0,0,0,0,eaf3dba7a74531fd
always_on,spam,1.0,1002,0019_0618,89,8.9,11,11,10,9,9,8,4870.549,11,1327.5715,302,592,7,5,7,5,0,0,0,0,0,0,0,0,4,4,0,0,0,0,0,0,0,,54,2,8900.0,1,3662.98,3618.48,0,0.0,0,,0,0,0,0,0,0,09c1634402d3edb7
always_on,spam,1.0,1003,0019_0618,89,8.9,11,11,10,9,9,8,5001.768000000001,11,1297.307,305,592,5,2,5,2,0,0,0,0,0,0,0,0,2,2,0,0,0,0,0,0,0,,55,1,8900.0,1,3661.0,3616.5,0,0.0,0,,0,0,0,0,0,0,9ac057d6855ae168
always_on,spam,1.0,1004,0019_0618,89,8.9,11,10,9,9,9,8,4776.083,10,1340.5829999999983,293,592,10,6,10,6,0,0,0,0,0,0,0,0,5,4,0,0,0,0,0,0,0,,53,2,8900.0,1,3663.633774,3619.133774,0,0.0,0,,0,0,0,0,0,0,3ecac659613eeb5c
always_on,spam,1.0,1005,0019_0618,89,8.9,11,11,10,9,9,8,4919.965999999999,11,1300.2759999999998,307,592,2,2,2,2,0,0,0,0,0,0,0,0,1,1,0,0,0,0,0,0,0,,55,1,8900.0,1,3661.3599999999997,3616.8599999999997,0,0.0,0,,0,0,0,0,0,0,d640c9b7a844f04f
always_on,spam,8.0,1001,0019_0618,89,8.9,11,11,10,9,9,8,4956.499999999998,11,1262.3135,294,592,24,18,24,18,0,0,0,0,0,0,0,0,14,12,0,0,0,0,0,0,0,,54,3,8900.0,1,3664.6,3620.1,0,0.0,0,,0,0,0,0,0,0,5eeeebc4ec280759
always_on,spam,8.0,1002,0019_0618,89,8.9,11,11,10,9,9,8,4212.147000000001,11,826.888,294,592,31,20,31,20,0,0,0,0,0,0,0,0,16,14,0,0,0,0,0,0,0,,54,3,8900.0,1,3665.1400000000003,3620.6400000000003,0,0.0,0,,0,0,0,0,0,0,26e265859d730dbb
always_on,spam,8.0,1003,0019_0618,89,8.9,11,11,10,9,9,8,4989.768000000001,11,1297.307,301,592,25,16,25,16,0,0,0,0,0,0,0,0,13,12,0,0,0,0,0,0,0,,55,1,8900.0,1,3661.72,3617.22,0,0.0,0,,0,0,0,0,0,0,1868208519288cdd
always_on,spam,8.0,1004,0019_0618,89,8.9,11,11,10,9,9,8,5043.571999999999,11,1251.837,291,592,27,16,27,16,0,0,0,0,0,0,0,0,14,11,0,0,0,0,0,0,0,,54,2,8900.0,1,3663.7,3619.2,0,0.0,0,,0,0,0,0,0,0,40f6ef26bd0d78e0
always_on,spam,8.0,1005,0019_0618,89,8.9,11,11,10,9,9,8,5057.336999999999,11,1265.9155,301,592,39,21,39,21,0,0,0,0,0,0,0,0,19,15,0,0,0,0,0,0,0,,53,3,8900.0,1,3662.9800000000005,3618.4800000000005,0,0.0,0,,0,0,0,0,0,0,287d3710259dbc0b
always_on,replay_exact,1.0,1001,0019_0618,89,8.9,11,11,10,9,9,8,4943.524000000001,11,1260.978,301,592,0,0,0,0,0,0,0,0,0,0,0,0,0,0,0,0,0,0,0,0,0,,54,2,8900.0,1,3663.34,3618.84,0,0.0,0,,0,0,0,0,0,0,6ac3f9d15d532111
always_on,replay_exact,1.0,1002,0019_0618,89,8.9,11,11,10,9,9,8,4919.4039999999995,11,1363.892,301,592,0,0,0,0,0,0,0,0,0,0,0,0,0,0,0,0,0,0,0,0,0,,54,1,8900.0,1,3662.9800000000005,3618.4800000000005,0,0.0,0,,0,0,0,0,0,0,9812503147a4bbab
always_on,replay_exact,1.0,1003,0019_0618,89,8.9,11,11,10,9,9,8,5003.268000000001,11,1297.307,305,592,0,0,0,0,0,0,0,0,0,0,0,0,0,0,0,0,0,0,0,0,0,,55,1,8900.0,1,3660.8199999999997,3616.3199999999997,0,0.0,0,,0,0,0,0,0,0,a712c2544a4c284c
always_on,replay_exact,1.0,1004,0019_0618,89,8.9,11,10,9,9,9,8,4777.583,10,1341.407999999998,293,592,0,0,0,0,0,0,0,0,0,0,0,0,0,0,0,0,0,0,0,0,0,,53,2,8900.0,1,3663.633774,3619.133774,0,0.0,0,,0,0,0,0,0,0,4f3d3a2248eb7f46
always_on,replay_exact,1.0,1005,0019_0618,89,8.9,11,11,10,9,9,8,4922.965999999999,11,1300.2759999999998,307,592,0,0,0,0,0,0,0,0,0,0,0,0,0,0,0,0,0,0,0,0,0,,55,1,8900.0,1,3661.0,3616.5,0,0.0,0,,0,0,0,0,0,0,bdf5135b407b49ce
always_on,replay_perturbed,1.0,1001,0019_0618,89,8.9,11,11,10,9,9,8,4943.524000000001,11,1260.978,301,592,0,0,0,0,0,0,0,0,0,0,0,0,0,0,0,0,0,0,0,0,0,,54,2,8900.0,1,3663.34,3618.84,0,0.0,0,,0,0,0,0,0,0,eeb6ff933a56a140
always_on,replay_perturbed,1.0,1002,0019_0618,89,8.9,11,11,10,9,9,8,4920.177000000001,11,1363.892,288,565,6,3,0,0,6,3,0,0,6,3,6,3,1,1,3,0,0,0,0,0,0,,54,1,8900.0,1,3660.6400000000003,3616.1400000000003,0,0.0,0,,0,0,0,0,0,0,d51e878804700a35
always_on,replay_perturbed,1.0,1003,0019_0618,89,8.9,11,11,10,9,9,8,5371.634,11,1441.418,267,532,9,5,0,0,9,5,0,0,9,5,9,5,1,1,5,0,0,0,0,0,0,,54,2,8900.0,1,3660.022386,3615.522386,0,0.0,0,,0,0,0,0,0,0,6265521e56dd4040
always_on,replay_perturbed,1.0,1004,0019_0618,89,8.9,11,11,10,9,9,8,4983.231999999999,11,1254.837,266,536,11,6,0,0,11,6,0,0,11,6,11,6,1,1,6,0,0,0,0,0,0,,53,2,8900.0,1,3659.9199999999996,3615.4199999999996,0,0.0,0,,0,0,0,0,0,0,c1ec840f18f2378f
always_on,replay_perturbed,1.0,1005,0019_0618,89,8.9,11,10,8,9,9,8,5592.784,10,1700.1604999999988,260,477,22,13,0,0,22,13,0,0,22,13,12,7,3,3,12,0,0,0,0,0,0,,53,3,8900.0,1,3654.88,3610.38,0,0.0,0,,0,0,0,0,0,0,9e40534c70fbc6f3
always_on,mixed,1.0,1001,0019_0618,89,8.9,11,11,10,9,9,8,4943.524000000001,11,1260.978,301,592,3,2,3,2,0,0,0,0,0,0,0,0,1,1,0,0,0,0,0,0,0,,54,2,8900.0,1,3663.34,3618.84,0,0.0,0,,0,0,0,0,0,0,9a1284754e44adbb
always_on,mixed,1.0,1002,0019_0618,89,8.9,11,11,10,9,9,8,4919.4039999999995,11,1363.892,301,592,2,1,2,1,0,0,0,0,0,0,0,0,1,1,0,0,0,0,0,0,0,,54,1,8900.0,1,3662.9800000000005,3618.4800000000005,0,0.0,0,,0,0,0,0,0,0,4ce77eb22233d48c
always_on,mixed,1.0,1003,0019_0618,89,8.9,11,11,10,9,9,8,5003.268000000001,11,1297.307,305,592,0,0,0,0,0,0,0,0,0,0,0,0,0,0,0,0,0,0,0,0,0,,55,1,8900.0,1,3660.8199999999997,3616.3199999999997,0,0.0,0,,0,0,0,0,0,0,aac57487bc32ca8a
always_on,mixed,1.0,1004,0019_0618,89,8.9,11,10,9,9,9,8,4777.583,10,1341.407999999998,293,592,0,0,0,0,0,0,0,0,0,0,0,0,0,0,0,0,0,0,0,0,0,,53,2,8900.0,1,3663.633774,3619.133774,0,0.0,0,,0,0,0,0,0,0,8a7928b1f7e2fc93
always_on,mixed,1.0,1005,0019_0618,89,8.9,11,11,10,9,9,8,4922.965999999999,11,1300.2759999999998,307,592,0,0,0,0,0,0,0,0,0,0,0,0,0,0,0,0,0,0,0,0,0,,55,1,8900.0,1,3661.0,3616.5,0,0.0,0,,0,0,0,0,0,0,291f384a3bd128d4
always_on,clean,1.0,1001,0019_1003,50,5.0,2,2,2,2,2,2,302.006,2,151.003,51,97,0,0,0,0,0,0,0,0,0,0,0,0,0,0,0,0,0,0,0,0,0,,27,8,5000.0,1,2093.86,2068.86,0,0.0,0,,0,0,0,0,0,0,e4c28aeaee8566cd
always_on,clean,1.0,1002,0019_1003,50,5.0,2,2,2,2,2,2,295.806,2,147.903,49,97,0,0,0,0,0,0,0,0,0,0,0,0,0,0,0,0,0,0,0,0,0,,27,8,5000.0,1,2094.4,2069.4,0,0.0,0,,0,0,0,0,0,0,ad48155f039b4c62
always_on,clean,1.0,1003,0019_1003,50,5.0,2,2,2,2,2,2,307.566,2,153.783,49,97,0,0,0,0,0,0,0,0,0,0,0,0,0,0,0,0,0,0,0,0,0,,27,9,5000.0,1,2094.22,2069.22,0,0.0,0,,0,0,0,0,0,0,2478f0d2e83077bf
always_on,noisy,1.0,1001,0019_1003,50,5.0,2,2,2,2,2,2,302.006,2,151.003,45,97,0,0,0,0,0,0,0,0,0,0,0,0,0,0,0,0,0,0,0,0,0,,24,11,5000.0,1,2099.0800000000004,2074.0800000000004,0,0.0,0,,0,0,0,0,0,0,dcfccba5fa00522f
always_on,noisy,1.0,1002,0019_1003,50,5.0,2,2,2,2,2,2,295.806,2,147.903,45,97,0,0,0,0,0,0,0,0,0,0,0,0,0,0,0,0,0,0,0,0,0,,25,11,5000.0,1,2097.82,2072.82,0,0.0,0,,0,0,0,0,0,0,f7773c7d9b282256
always_on,noisy,1.0,1003,0019_1003,50,5.0,2,2,2,2,2,2,307.566,2,153.783,46,97,0,0,0,0,0,0,0,0,0,0,0,0,0,0,0,0,0,0,0,0,0,,25,12,5000.0,1,2098.0,2073.0,0,0.0,0,,0,0,0,0,0,0,ca925e173e8fd158
always_on,noisy,1.0,1004,0019_1003,50,5.0,2,2,2,2,2,2,283.354,2,141.677,48,97,0,0,0,0,0,0,0,0,0,0,0,0,0,0,0,0,0,0,0,0,0,,26,10,5000.0,1,2096.92,2071.92,0,0.0,0,,0,0,0,0,0,0,a3bcd097f4e963a8
always_on,noisy,1.0,1005,0019_1003,50,5.0,2,2,2,2,2,2,289.462,2,144.731,44,97,0,0,0,0,0,0,0,0,0,0,0,0,0,0,0,0,0,0,0,0,0,,24,11,5000.0,1,2098.9,2073.9,0,0.0,0,,0,0,0,0,0,0,c4898ad2f1e7e2aa
always_on,spam,1.0,1001,0019_1003,50,5.0,2,2,2,2,2,2,302.006,2,151.003,51,97,4,3,4,3,0,0,0,0,0,0,0,0,3,3,0,0,0,0,0,0,0,,27,8,5000.0,1,2093.86,2068.86,0,0.0,0,,0,0,0,0,0,0,ce1c1650cf980364
always_on,spam,1.0,1002,0019_1003,50,5.0,2,2,2,2,2,2,295.806,2,147.903,49,97,1,0,1,0,0,0,0,0,0,0,0,0,1,0,0,0,0,0,0,0,0,,27,8,5000.0,1,2094.4,2069.4,0,0.0,0,,0,0,0,0,0,0,30b9a8c32f1e8a3b
always_on,spam,1.0,1003,0019_1003,50,5.0,2,2,2,2,2,2,307.566,2,153.783,49,97,0,0,0,0,0,0,0,0,0,0,0,0,0,0,0,0,0,0,0,0,0,,27,9,5000.0,1,2094.22,2069.22,0,0.0,0,,0,0,0,0,0,0,652c9ddd806387a1
always_on,spam,1.0,1004,0019_1003,50,5.0,2,2,2,2,2,2,283.354,2,141.677,50,97,3,2,3,2,0,0,0,0,0,0,0,0,1,1,0,0,0,0,0,0,0,,27,7,5000.0,1,2094.4,2069.4,0,0.0,0,,0,0,0,0,0,0,94f60b996a592857
always_on,spam,1.0,1005,0019_1003,50,5.0,2,2,2,2,2,2,289.462,2,144.731,50,97,8,5,8,5,0,0,0,0,0,0,0,0,4,4,0,0,0,0,0,0,0,,27,7,5000.0,1,2094.94,2069.94,0,0.0,0,,0,0,0,0,0,0,556df0f9cd6ea887
always_on,spam,8.0,1001,0019_1003,50,5.0,2,2,2,2,2,2,302.006,2,151.003,50,97,14,8,14,8,0,0,0,0,0,0,0,0,7,5,0,0,0,0,0,0,0,,26,9,5000.0,1,2096.2,2071.2,0,0.0,0,,0,0,0,0,0,0,9328dc1a7be2c0a6
always_on,spam,8.0,1002,0019_1003,50,5.0,2,2,2,2,2,2,295.806,2,147.903,50,97,18,12,18,12,0,0,0,0,0,0,0,0,9,8,0,0,0,0,0,0,0,,27,8,5000.0,1,2094.5800000000004,2069.5800000000004,0,0.0,0,,0,0,0,0,0,0,8c87a6894bf24bd3
always_on,spam,8.0,1003,0019_1003,50,5.0,2,2,2,2,2,2,307.566,2,153.783,48,97,12,7,12,7,0,0,0,0,0,0,0,0,7,5,0,0,0,0,0,0,0,,26,9,5000.0,1,2095.3,2070.3,0,0.0,0,,0,0,0,0,0,0,026204e681efffb2
always_on,spam,8.0,1004,0019_1003,50,5.0,2,2,2,2,2,2,283.354,2,141.677,52,97,9,4,9,4,0,0,0,0,0,0,0,0,3,3,0,0,0,0,0,0,0,,28,5,5000.0,1,2093.6800000000003,2068.6800000000003,0,0.0,0,,0,0,0,0,0,0,ec3cccd43addf85b
always_on,spam,8.0,1005,0019_1003,50,5.0,2,2,2,2,2,2,289.462,2,144.731,45,97,10,6,10,6,0,0,0,0,0,0,0,0,6,5,0,0,0,0,0,0,0,,24,10,5000.0,1,2097.1,2072.1,0,0.0,0,,0,0,0,0,0,0,0d6aee16ab2e4ccc
always_on,replay_exact,1.0,1001,0019_1003,50,5.0,2,2,2,2,2,2,302.006,2,151.003,51,97,0,0,0,0,0,0,0,0,0,0,0,0,0,0,0,0,0,0,0,0,0,,27,8,5000.0,1,2093.86,2068.86,0,0.0,0,,0,0,0,0,0,0,69c452ad2afa1c6d
always_on,replay_exact,1.0,1002,0019_1003,50,5.0,2,2,2,2,2,2,295.806,2,147.903,49,97,0,0,0,0,0,0,0,0,0,0,0,0,0,0,0,0,0,0,0,0,0,,27,8,5000.0,1,2094.4,2069.4,0,0.0,0,,0,0,0,0,0,0,4aa10a60612e0994
always_on,replay_exact,1.0,1003,0019_1003,50,5.0,2,2,2,2,2,2,307.566,2,153.783,49,97,0,0,0,0,0,0,0,0,0,0,0,0,0,0,0,0,0,0,0,0,0,,27,9,5000.0,1,2094.22,2069.22,0,0.0,0,,0,0,0,0,0,0,09ef192197f8d056
always_on,replay_exact,1.0,1004,0019_1003,50,5.0,2,2,2,2,2,2,283.354,2,141.677,50,97,0,0,0,0,0,0,0,0,0,0,0,0,0,0,0,0,0,0,0,0,0,,27,7,5000.0,1,2094.4,2069.4,0,0.0,0,,0,0,0,0,0,0,7714e5ab056239e4
always_on,replay_exact,1.0,1005,0019_1003,50,5.0,2,2,2,2,2,2,289.462,2,144.731,48,90,5,3,0,0,5,3,5,3,0,0,0,0,1,1,2,0,0,0,0,0,0,,28,7,5000.0,1,2093.32,2068.32,0,0.0,0,,0,0,0,0,0,0,d3b4919fd821b59b
always_on,replay_perturbed,1.0,1001,0019_1003,50,5.0,2,2,2,2,2,2,302.006,2,151.003,51,97,0,0,0,0,0,0,0,0,0,0,0,0,0,0,0,0,0,0,0,0,0,,27,8,5000.0,1,2093.86,2068.86,0,0.0,0,,0,0,0,0,0,0,44c12f5acfba01cf
always_on,replay_perturbed,1.0,1002,0019_1003,50,5.0,2,2,2,2,2,2,295.806,2,147.903,49,97,0,0,0,0,0,0,0,0,0,0,0,0,0,0,0,0,0,0,0,0,0,,27,8,5000.0,1,2094.4,2069.4,0,0.0,0,,0,0,0,0,0,0,f7f80cc2a9cd9a5e
always_on,replay_perturbed,1.0,1003,0019_1003,50,5.0,2,2,2,2,2,2,307.566,2,153.783,49,97,0,0,0,0,0,0,0,0,0,0,0,0,0,0,0,0,0,0,0,0,0,,27,9,5000.0,1,2094.22,2069.22,0,0.0,0,,0,0,0,0,0,0,5c3acc0841282bcf
always_on,replay_perturbed,1.0,1004,0019_1003,50,5.0,2,2,2,2,2,2,283.354,2,141.677,50,97,0,0,0,0,0,0,0,0,0,0,0,0,0,0,0,0,0,0,0,0,0,,27,7,5000.0,1,2094.4,2069.4,0,0.0,0,,0,0,0,0,0,0,ea238579b0d1e5f4
always_on,replay_perturbed,1.0,1005,0019_1003,50,5.0,2,2,2,2,2,2,289.462,2,144.731,45,83,7,4,0,0,7,4,0,0,7,4,0,0,1,1,4,0,0,0,0,0,0,,27,7,5000.0,1,2094.04,2069.04,0,0.0,0,,0,0,0,0,0,0,1a7b72d74926f0fa
always_on,mixed,1.0,1001,0019_1003,50,5.0,2,2,2,2,2,2,302.006,2,151.003,51,97,0,0,0,0,0,0,0,0,0,0,0,0,0,0,0,0,0,0,0,0,0,,27,8,5000.0,1,2093.86,2068.86,0,0.0,0,,0,0,0,0,0,0,625cc5dfa63d2709
always_on,mixed,1.0,1002,0019_1003,50,5.0,2,2,2,2,2,2,295.806,2,147.903,49,97,1,0,1,0,0,0,0,0,0,0,0,0,1,0,0,0,0,0,0,0,0,,27,8,5000.0,1,2094.4,2069.4,0,0.0,0,,0,0,0,0,0,0,631f22c9b9c3bebe
always_on,mixed,1.0,1003,0019_1003,50,5.0,2,2,2,2,2,2,307.566,2,153.783,49,97,0,0,0,0,0,0,0,0,0,0,0,0,0,0,0,0,0,0,0,0,0,,27,9,5000.0,1,2094.22,2069.22,0,0.0,0,,0,0,0,0,0,0,a828585ce05ad145
always_on,mixed,1.0,1004,0019_1003,50,5.0,2,2,2,2,2,2,283.354,2,141.677,50,97,1,0,1,0,0,0,0,0,0,0,0,0,1,0,0,0,0,0,0,0,0,,27,7,5000.0,1,2094.4,2069.4,0,0.0,0,,0,0,0,0,0,0,39271687db9316c5
always_on,mixed,1.0,1005,0019_1003,50,5.0,2,2,2,2,2,2,289.462,2,144.731,50,97,1,1,1,1,0,0,0,0,0,0,0,0,1,1,0,0,0,0,0,0,0,,27,7,5000.0,1,2094.58,2069.58,0,0.0,0,,0,0,0,0,0,0,b270a2b0ae4e6809
