p_trigger_threshold,p_cooldown_ms,UR_timely,UR_track,UR_burst,UR_frame,timely_recall,duty,energy_per_min_mJ,noisy_UR_timely
0.7,2000,0.49829351535836175,0.9300518134715026,0.5424710424710425,0.08723025904743596,0.3682219419924338,0.10988547864070483,6752.986531605834,0.5452436194895591
0.6,2000,0.5614334470989761,0.9222797927461139,0.61003861003861,0.09025808622098332,0.41488020176544765,0.11790337084474718,6947.279356467017,0.5846867749419954
0.55,2000,0.5938566552901023,0.9222797927461139,0.6332046332046332,0.09270918440909309,0.43883984867591425,0.1214088183904642,7031.989333841711,0.6009280742459396
0.45,2000,0.6040955631399317,0.9365284974093264,0.6447876447876448,0.09564089008506753,0.44640605296343,0.12579332938476345,7137.728745198786,0.6194895591647331
0.4,2000,0.6092150170648464,0.939119170984456,0.6544401544401545,0.0973710770413803,0.4501891551071879,0.12777578218701416,7186.05573618124,0.6334106728538283
0.3,2000,0.6194539249146758,0.9650259067357513,0.6640926640926641,0.10083145095400586,0.45775535939470363,0.13328876878655516,7319.351503324204,0.6334106728538283
0.7,1000,0.6484641638225256,0.9507772020725389,0.6853281853281853,0.16268563464218772,0.4791929382093317,0.18942211445916932,8673.343500821795,0.6867749419953596
0.6,1000,0.7252559726962458,0.9507772020725389,0.7799227799227799,0.17484500408516365,0.5359394703656999,0.21070321611016504,9188.767761442214,0.7517401392111369
0.55,1000,0.7542662116040956,0.9520725388601037,0.7953667953667953,0.17835343874657567,0.5573770491803278,0.21758758569630562,9355.683346753536,0.7633410672853829
0.5,1000,0.7593856655290102,0.9546632124352331,0.805019305019305,0.184985822079108,0.5611601513240857,0.2259630473088029,9557.69772939957,0.777262180974478
0.45,1000,0.7798634812286689,0.9598445595854922,0.8243243243243243,0.18849425674052,0.5762925598991173,0.23275125194343677,9721.509249204117,0.7888631090487239
0.4,1000,0.7969283276450512,0.961139896373057,0.8436293436293436,0.19075311193348393,0.5889029003783102,0.2369469023469313,9823.32359902273,0.8190255220417634
0.25,1000,0.8003412969283277,0.9883419689119171,0.8359073359073359,0.19820252799538618,0.5914249684741488,0.2568125460872141,10305.22191093507,0.802784222737819
0.6,500,0.8515358361774744,0.9559585492227979,0.8764478764478765,0.3280146104676311,0.6292559899117276,0.3804595868808765,13288.21305647442,0.8932714617169374
0.55,500,0.8754266211604096,0.9572538860103627,0.8957528957528957,0.3402701014081799,0.6469104665825978,0.4010989131561414,13788.006946709114,0.9118329466357309
0.5,500,0.8856655290102389,0.9637305699481865,0.9015444015444015,0.35473638679290626,0.6544766708701135,0.42030292366920846,14252.141296897904,0.9187935034802784
0.45,500,0.9129692832764505,0.9689119170984456,0.9227799227799228,0.3633392608256837,0.6746532156368222,0.43688323239801585,14652.565925979121,0.9419953596287703
0.4,500,0.9368600682593856,0.9702072538860104,0.9478764478764479,0.3709328591339453,0.6923076923076923,0.45060440882505365,14985.26315261716,0.9675174013921114
0.35,500,0.9385665529010239,0.9805699481865285,0.9478764478764479,0.3761234200028836,0.6935687263556116,0.4630765106981565,15287.619824950027,0.9698375870069605
0.3,500,0.9436860068259386,0.9935233160621761,0.9536679536679536,0.38347671456721294,0.6973518284993695,0.4803002124824165,15704.953139009403,0.962877030162413
0.25,500,0.9488054607508533,0.9922279792746114,0.9536679536679536,0.3883789109434325,0.7011349306431274,0.4988080728511142,16153.99383056193,0.962877030162413
0.5,300,0.9658703071672355,0.9637305699481865,0.9903474903474904,0.5724035180468112,0.7137452711223203,0.6580771614718294,19995.51213773599,1.0
0.45,300,0.984641638225256,0.9689119170984456,1.0038610038610039,0.59105108857596,0.7276166456494325,0.6896642163322722,20759.020261967868,1.0046403712296983
0.4,300,1.0051194539249146,0.9715025906735751,1.0231660231660231,0.6007112990820397,0.742749054224464,0.7184903553712889,21459.458543925375,1.0324825986078887
0.3,300,1.0085324232081911,0.9935233160621761,1.027027027027027,0.6275291969048877,0.7452711223203027,0.7803484215591916,22958.479137276972,1.023201856148492
0.25,300,1.015358361774744,0.9935233160621761,1.028957528957529,0.6384389868794156,0.7503152585119798,0.8134724106019101,23762.979153742504,1.025522041763341
