                  epoch,         train/box_loss,         train/cls_loss,         train/dfl_loss,   metrics/precision(B),      metrics/recall(B),       metrics/mAP50(B),    metrics/mAP50-95(B),           val/box_loss,           val/cls_loss,           val/dfl_loss,                 lr/pg0,                 lr/pg1,                 lr/pg2
                      1,                 3.9921,                 4.4348,                 2.0025,                      0,                      0,                      0,                      0,                      0,                      0,                      0,                0.07038,              0.0032911,              0.0032911
                      2,                 3.7907,                 4.1119,                 1.7854,                      0,                      0,                      0,                      0,                      0,                      0,                      0,               0.040161,              0.0064059,              0.0064059
                      3,                 3.1362,                 3.7001,                 1.4664,                      0,                      0,                      0,                      0,                      0,                      0,                      0,              0.0097225,              0.0093006,              0.0093006
                      4,                  2.763,                 3.3895,                 1.3302,                      0,                      0,                      0,                      0,                      0,                      0,                      0,                0.00901,                0.00901,                0.00901
                      5,                 2.5459,                 3.1955,                  1.275,                      0,                      0,                      0,                      0,                      0,                      0,                      0,                0.00901,                0.00901,                0.00901
                      6,                 2.4628,                 3.0669,                 1.2523,                      0,                      0,                      0,                      0,                      0,                      0,                      0,                0.00868,                0.00868,                0.00868
                      7,                 2.3828,                 2.9835,                 1.2294,                      0,                      0,                      0,                      0,                      0,                      0,                      0,                0.00835,                0.00835,                0.00835
                      8,                   2.33,                 2.9144,                 1.2177,                      0,                      0,                      0,                      0,                      0,                      0,                      0,                0.00802,                0.00802,                0.00802
                      9,                 2.3057,                  2.841,                 1.2091,                      0,                      0,                      0,                      0,                      0,                      0,                      0,                0.00769,                0.00769,                0.00769
                     10,                 2.2721,                 2.8096,                 1.1997,                      0,                      0,                      0,                      0,                      0,                      0,                      0,                0.00736,                0.00736,                0.00736
                     11,                 2.2512,                 2.7464,                 1.1946,                      0,                      0,                      0,                      0,                      0,                      0,                      0,                0.00703,                0.00703,                0.00703
                     12,                 2.2184,                 2.7095,                 1.1817,                      0,                      0,                      0,                      0,                      0,                      0,                      0,                 0.0067,                 0.0067,                 0.0067
                     13,                 2.2018,                 2.6574,                 1.1758,                      0,                      0,                      0,                      0,                      0,                      0,                      0,                0.00637,                0.00637,                0.00637
                     14,                 2.1759,                  2.625,                 1.1741,                      0,                      0,                      0,                      0,                      0,                      0,                      0,                0.00604,                0.00604,                0.00604
                     15,                 2.1553,                  2.603,                 1.1628,                      0,                      0,                      0,                      0,                      0,                      0,                      0,                0.00571,                0.00571,                0.00571
                     16,                 2.1413,                 2.5755,                 1.1604,                      0,                      0,                      0,                      0,                      0,                      0,                      0,                0.00538,                0.00538,                0.00538
                     17,                 2.1279,                 2.5389,                 1.1603,                      0,                      0,                      0,                      0,                      0,                      0,                      0,                0.00505,                0.00505,                0.00505
                     18,                 2.1004,                 2.5048,                 1.1484,                      0,                      0,                      0,                      0,                      0,                      0,                      0,                0.00472,                0.00472,                0.00472
                     19,                 2.0951,                 2.4897,                 1.1503,                      0,                      0,                      0,                      0,                      0,                      0,                      0,                0.00439,                0.00439,                0.00439
                     20,                 2.0791,                 2.4552,                  1.148,                      0,                      0,                      0,                      0,                      0,                      0,                      0,                0.00406,                0.00406,                0.00406
                     21,                 2.2582,                 2.5117,                 1.1143,                      0,                      0,                      0,                      0,                      0,                      0,                      0,                0.00373,                0.00373,                0.00373
                     22,                 2.2383,                 2.4167,                 1.1067,                      0,                      0,                      0,                      0,                      0,                      0,                      0,                 0.0034,                 0.0034,                 0.0034
                     23,                 2.2067,                 2.3771,                 1.0964,                      0,                      0,                      0,                      0,                      0,                      0,                      0,                0.00307,                0.00307,                0.00307
                     24,                 2.1857,                 2.3192,                 1.0931,                      0,                      0,                      0,                      0,                      0,                      0,                      0,                0.00274,                0.00274,                0.00274
                     25,                 2.1766,                 2.2957,                 1.0806,                      0,                      0,                      0,                      0,                      0,                      0,                      0,                0.00241,                0.00241,                0.00241
                     26,                  2.171,                  2.282,                 1.0802,                      0,                      0,                      0,                      0,                      0,                      0,                      0,                0.00208,                0.00208,                0.00208
                     27,                 2.1456,                 2.2577,                  1.076,                      0,                      0,                      0,                      0,                      0,                      0,                      0,                0.00175,                0.00175,                0.00175
                     28,                 2.1238,                 2.2188,                 1.0741,                      0,                      0,                      0,                      0,                      0,                      0,                      0,                0.00142,                0.00142,                0.00142
                     29,                 2.1259,                 2.2088,                 1.0716,                      0,                      0,                      0,                      0,                      0,                      0,                      0,                0.00109,                0.00109,                0.00109
                     30,                 2.1124,                 2.1863,                 1.0635,                0.38665,                 0.2944,                0.24984,                0.12246,                 2.1252,                 2.1947,                 1.0504,                0.00076,                0.00076,                0.00076
