model,detector,role,precision,input,parameters,model_bytes,MACs,dataset,images,gt_boxes,gt_boxes_non_ignored,pred_boxes,mAP50,mAP50_95,P@0.5,R@0.5,F1@0.5,host_ms_median,portenta_ms
EfficientDet-Lite0,efficientdet_lite0_fp32,host_reference,FP32,320x320,3315980,13836895,973589696.0,PASCAL VOC 2007 test,4952,14976,12032,282769,0.713988946167901,0.47168891781014155,0.912090712192636,0.5949966755319149,0.7201851013530507,27.962301500053854,NOT MEASURED
EfficientDet-Lite0,efficientdet_lite0_int8,host_reference_primary,"INT8 (post-training quantized weights/activations, float I/O decode)",320x320,3323396,4602795,973589696.0,PASCAL VOC 2007 test,4952,14976,12032,279652,0.7075564205113882,0.45929746961109463,0.8979566563467493,0.6026429521276596,0.7212413587307903,15.320672999962426,NOT MEASURED
EfficientDet-Lite2,efficientdet_lite2_int8,host_reference_upper,INT8,448x448,5523644,7515971,3371304384.0,PASCAL VOC 2007 test,4952,14976,12032,260503,0.7656721240734836,0.5333179309171822,0.8922025810649604,0.6837599734042553,0.774196584011669,55.47209899987138,NOT MEASURED
SSD MobileNetV2 (RetinaNet-style head),ssd_mobilenet_v2_fp32,host_reference,FP32,256x256,2725825,11316189,742691840.0,PASCAL VOC 2007 test,4952,14976,12032,298467,0.6654265507942873,0.42794881297353154,0.9178365597753805,0.5162067819148937,0.6607798287142933,17.93482250013767,NOT MEASURED
TinyissimoYOLO v8 (scale b),tinyissimo_v8b_256_fp32,mcu_target,FP32,256x256,839392,3409099,184900608.0,PASCAL VOC 2007 test,4952,14976,12032,262359,0.25750258822874456,0.11771465524857383,0.8986842105263158,0.11353058510638298,0.20159386068476975,9.440754000024754,NOT MEASURED
TinyissimoYOLO v8 (scale b),tinyissimo_v8b_256_int8,mcu_target,INT8,256x256,839392,1086800,184900608.0,PASCAL VOC 2007 test,4952,14976,12032,262615,0.25690974055990234,0.11826967246301928,0.8969771745835904,0.12084441489361702,0.21299348128616422,12.857202001214318,NOT MEASURED
EfficientDet-Lite0,efficientdet_lite0_int8,host_reference_primary,INT8,320x320,3323396,4602795,973589696.0,"KITTI tracking static segments (validation, original frames)",327,3716,1052,13386,0.2965571442346939,0.1672423113465855,0.9876543209876543,0.07604562737642585,0.14121800529567521,26.79253,NOT MEASURED
EfficientDet-Lite0,efficientdet_lite0_int8,host_reference_primary,INT8,320x320,3323396,4602795,973589696.0,"KITTI tracking static segments (test, original frames)",712,10555,4206,42095,0.2314822145355219,0.06780548459815086,0.994475138121547,0.042796005706134094,0.08206063369044904,37.90959,NOT MEASURED
EfficientDet-Lite2,efficientdet_lite2_int8,host_reference_upper,INT8,448x448,5523644,7515971,3371304384.0,"KITTI tracking static segments (validation, original frames)",327,3716,1052,14615,0.34625843015698077,0.20920669168472533,0.9841269841269841,0.11787072243346007,0.2105263157894737,114.26511,NOT MEASURED
EfficientDet-Lite2,efficientdet_lite2_int8,host_reference_upper,INT8,448x448,5523644,7515971,3371304384.0,"KITTI tracking static segments (test, original frames)",712,10555,4206,36220,0.24013642439708632,0.07837061023496958,0.9367816091954023,0.07750832144555397,0.14317083882301274,133.43920500000002,NOT MEASURED
