scenario,mode,rpc_latency_ms_mean__n,rpc_latency_ms_mean__mean,rpc_latency_ms_mean__std,rpc_latency_ms_mean__median,rpc_latency_ms_mean__ci95_low,rpc_latency_ms_mean__ci95_high,rpc_latency_ms_median__n,rpc_latency_ms_median__mean,rpc_latency_ms_median__std,rpc_latency_ms_median__median,rpc_latency_ms_median__ci95_low,rpc_latency_ms_median__ci95_high,rpc_latency_ms_p95__n,rpc_latency_ms_p95__mean,rpc_latency_ms_p95__std,rpc_latency_ms_p95__median,rpc_latency_ms_p95__ci95_low,rpc_latency_ms_p95__ci95_high,rpc_latency_ms_p99__n,rpc_latency_ms_p99__mean,rpc_latency_ms_p99__std,rpc_latency_ms_p99__median,rpc_latency_ms_p99__ci95_low,rpc_latency_ms_p99__ci95_high,queue_delay_ms_mean__n,queue_delay_ms_mean__mean,queue_delay_ms_mean__std,queue_delay_ms_mean__median,queue_delay_ms_mean__ci95_low,queue_delay_ms_mean__ci95_high,queue_delay_ms_p95__n,queue_delay_ms_p95__mean,queue_delay_ms_p95__std,queue_delay_ms_p95__median,queue_delay_ms_p95__ci95_low,queue_delay_ms_p95__ci95_high,rpc_drops__n,rpc_drops__mean,rpc_drops__std,rpc_drops__median,rpc_drops__ci95_low,rpc_drops__ci95_high,rpc_drops_loss__n,rpc_drops_loss__mean,rpc_drops_loss__std,rpc_drops_loss__median,rpc_drops_loss__ci95_low,rpc_drops_loss__ci95_high,rpc_drops_queue_full__n,rpc_drops_queue_full__mean,rpc_drops_queue_full__std,rpc_drops_queue_full__median,rpc_drops_queue_full__ci95_low,rpc_drops_queue_full__ci95_high
quiet,always_on,0,,,,,,0,,,,,,0,,,,,,0,,,,,,0,,,,,,0,,,,,,10,0.0,0.0,0.0,0.0,0.0,10,0.0,0.0,0.0,0.0,0.0,10,0.0,0.0,0.0,0.0,0.0
quiet,motion_only,10,0.6706279792509162,0.0313084213493965,0.673622440087146,0.6482312838235861,0.6930246746782464,10,0.6552950000000001,0.03633925372253961,0.6505000000000001,0.6292994638917612,0.681290536108239,10,0.8955635000000001,0.07092343179835253,0.8876499999999999,0.8448279332679092,0.946299066732091,10,0.9554264,0.08229307299078503,0.9597485,0.896557481922494,1.014295318077506,10,0.0,0.0,0.0,0.0,0.0,10,0.0,0.0,0.0,0.0,0.0,10,0.0,0.0,0.0,0.0,0.0,10,0.0,0.0,0.0,0.0,0.0,10,0.0,0.0,0.0,0.0,0.0
quiet,fixed_threshold,10,0.6649432452153743,0.02672476718289985,0.6717997536945812,0.6458254984506286,0.6840609919801199,10,0.645625,0.03598076067690743,0.6394500000000001,0.6198859143676966,0.6713640856323034,10,0.89796,0.050715110119612675,0.8957899999999999,0.8616805957388723,0.9342394042611276,10,0.9575118999999999,0.07097017899473303,0.9591555,0.9067428923381434,1.0082809076618564,10,0.0,0.0,0.0,0.0,0.0,10,0.0,0.0,0.0,0.0,0.0,10,0.0,0.0,0.0,0.0,0.0,10,0.0,0.0,0.0,0.0,0.0,10,0.0,0.0,0.0,0.0,0.0
quiet,event,10,0.6649432452153743,0.02672476718289985,0.6717997536945812,0.6458254984506286,0.6840609919801199,10,0.645625,0.03598076067690743,0.6394500000000001,0.6198859143676966,0.6713640856323034,10,0.89796,0.050715110119612675,0.8957899999999999,0.8616805957388723,0.9342394042611276,10,0.9575118999999999,0.07097017899473303,0.9591555,0.9067428923381434,1.0082809076618564,10,0.0,0.0,0.0,0.0,0.0,10,0.0,0.0,0.0,0.0,0.0,10,0.0,0.0,0.0,0.0,0.0,10,0.0,0.0,0.0,0.0,0.0,10,0.0,0.0,0.0,0.0,0.0
quiet,event_no_early_exit,10,0.6649432452153743,0.02672476718289985,0.6717997536945812,0.6458254984506286,0.6840609919801199,10,0.645625,0.03598076067690743,0.6394500000000001,0.6198859143676966,0.6713640856323034,10,0.89796,0.050715110119612675,0.8957899999999999,0.8616805957388723,0.9342394042611276,10,0.9575118999999999,0.07097017899473303,0.9591555,0.9067428923381434,1.0082809076618564,10,0.0,0.0,0.0,0.0,0.0,10,0.0,0.0,0.0,0.0,0.0,10,0.0,0.0,0.0,0.0,0.0,10,0.0,0.0,0.0,0.0,0.0,10,0.0,0.0,0.0,0.0,0.0
quiet,secure,10,0.6638081700875753,0.024327666416375224,0.6730241071428571,0.6464052059104707,0.6812111342646799,10,0.64134,0.031196792926339225,0.6386000000000001,0.6190231587360064,0.6636568412639936,10,0.9010674999999999,0.05145100680636761,0.8980275,0.8642616669619212,0.9378733330380786,10,0.9579295999999999,0.07105411715211625,0.9596295,0.9071005465975849,1.0087586534024149,10,0.0,0.0,0.0,0.0,0.0,10,0.0,0.0,0.0,0.0,0.0,10,0.0,0.0,0.0,0.0,0.0,10,0.0,0.0,0.0,0.0,0.0,10,0.0,0.0,0.0,0.0,0.0
normal,always_on,0,,,,,,0,,,,,,0,,,,,,0,,,,,,0,,,,,,0,,,,,,10,0.0,0.0,0.0,0.0,0.0,10,0.0,0.0,0.0,0.0,0.0,10,0.0,0.0,0.0,0.0,0.0
normal,motion_only,10,0.6560815889049918,0.009465474060950184,0.6584486214605065,0.6493103966672049,0.6628527811427787,10,0.6345700000000001,0.009151447972861996,0.632275,0.628023448492982,0.6411165515070182,10,0.8793110000000001,0.04782760551071828,0.8952450000000001,0.8450971921018671,0.9135248078981331,10,0.9757058999999995,0.04926981648805542,0.9578745,0.9404603965193616,1.0109514034806373,10,0.0,0.0,0.0,0.0,0.0,10,0.0,0.0,0.0,0.0,0.0,10,0.0,0.0,0.0,0.0,0.0,10,0.0,0.0,0.0,0.0,0.0,10,0.0,0.0,0.0,0.0,0.0
normal,fixed_threshold,10,0.6571689105185949,0.0069478955633655625,0.6575320175438596,0.6521986854453784,0.6621391355918115,10,0.6315999999999999,0.010327310072489054,0.6333,0.6242122874195445,0.6389877125804554,10,0.8966095,0.01918814875124744,0.899705,0.8828831252780027,0.9103358747219972,10,0.9955868999999999,0.03986555966537212,0.9886049999999997,0.9670687965829904,1.0241050034170094,10,0.0,0.0,0.0,0.0,0.0,10,0.0,0.0,0.0,0.0,0.0,10,0.0,0.0,0.0,0.0,0.0,10,0.0,0.0,0.0,0.0,0.0,10,0.0,0.0,0.0,0.0,0.0
normal,event,10,0.6566912461289439,0.006162776585222518,0.6574144499762921,0.6522826613387507,0.6610998309191372,10,0.63209,0.00964983592261203,0.6333,0.6251869232312757,0.6389930767687244,10,0.8963379999999999,0.01897218200418705,0.9000900000000001,0.8827661185819723,0.9099098814180274,10,0.9958857,0.039674879763313055,0.9888690000000001,0.9675040007677582,1.0242673992322417,10,0.0,0.0,0.0,0.0,0.0,10,0.0,0.0,0.0,0.0,0.0,10,0.0,0.0,0.0,0.0,0.0,10,0.0,0.0,0.0,0.0,0.0,10,0.0,0.0,0.0,0.0,0.0
normal,event_no_early_exit,10,0.6566912461289439,0.006162776585222518,0.6574144499762921,0.6522826613387507,0.6610998309191372,10,0.63209,0.00964983592261203,0.6333,0.6251869232312757,0.6389930767687244,10,0.8963379999999999,0.01897218200418705,0.9000900000000001,0.8827661185819723,0.9099098814180274,10,0.9958857,0.039674879763313055,0.9888690000000001,0.9675040007677582,1.0242673992322417,10,0.0,0.0,0.0,0.0,0.0,10,0.0,0.0,0.0,0.0,0.0,10,0.0,0.0,0.0,0.0,0.0,10,0.0,0.0,0.0,0.0,0.0,10,0.0,0.0,0.0,0.0,0.0
normal,secure,10,0.6578377085377871,0.008161867518018371,0.6595928115440883,0.651999060243155,0.6636763568324192,10,0.63237,0.011557373788577118,0.63415,0.624102352845457,0.640637647154543,10,0.8970974999999999,0.027625314301882187,0.8998975,0.8773355406345383,0.9168594593654614,10,0.9991334000000002,0.044808213602716744,1.0009229999999998,0.967079534955088,1.0311872650449123,10,0.0,0.0,0.0,0.0,0.0,10,0.0,0.0,0.0,0.0,0.0,10,0.0,0.0,0.0,0.0,0.0,10,0.0,0.0,0.0,0.0,0.0,10,0.0,0.0,0.0,0.0,0.0
busy,always_on,0,,,,,,0,,,,,,0,,,,,,0,,,,,,0,,,,,,0,,,,,,10,0.0,0.0,0.0,0.0,0.0,10,0.0,0.0,0.0,0.0,0.0,10,0.0,0.0,0.0,0.0,0.0
busy,motion_only,10,0.6621082976600011,0.004185428456336747,0.6618363637459612,0.6591142225093145,0.6651023728106877,10,0.63895,0.005788206400374233,0.639325,0.6348093665783087,0.6430906334216914,10,0.8963155,0.0163694390812066,0.9001275,0.8846055087063928,0.9080254912936073,10,1.0022685,0.0286556961188444,0.9949775000000001,0.9817694498859879,1.022767550114012,10,0.0,0.0,0.0,0.0,0.0,10,0.0,0.0,0.0,0.0,0.0,10,0.0,0.0,0.0,0.0,0.0,10,0.0,0.0,0.0,0.0,0.0,10,0.0,0.0,0.0,0.0,0.0
busy,fixed_threshold,10,0.6608546839554816,0.004010926612925839,0.6611209203732222,0.6579854399035836,0.6637239280073797,10,0.6368699999999999,0.005296078213588272,0.6348,0.6330814138753488,0.6406585861246511,10,0.8923179999999998,0.01736934259614403,0.8987549999999997,0.8798927208216778,0.9047432791783219,10,1.0018471999999998,0.016446489749082065,0.998066,0.9900820899790183,1.0136123100209815,10,0.0,0.0,0.0,0.0,0.0,10,0.0,0.0,0.0,0.0,0.0,10,0.0,0.0,0.0,0.0,0.0,10,0.0,0.0,0.0,0.0,0.0,10,0.0,0.0,0.0,0.0,0.0
busy,event,10,0.661099027980168,0.004322112919852002,0.6605583754721531,0.6580071746545668,0.6641908813057691,10,0.63701,0.005530461101933534,0.636075,0.6330537464575297,0.6409662535424703,10,0.8958759999999998,0.013147931142705866,0.9003699999999999,0.8864705366578384,0.9052814633421612,10,1.0025295999999997,0.016590847484883094,0.9986159999999997,0.9906612226757825,1.0143979773242169,10,0.0,0.0,0.0,0.0,0.0,10,0.0,0.0,0.0,0.0,0.0,10,0.0,0.0,0.0,0.0,0.0,10,0.0,0.0,0.0,0.0,0.0,10,0.0,0.0,0.0,0.0,0.0
busy,event_no_early_exit,10,0.661099027980168,0.004322112919852002,0.6605583754721531,0.6580071746545668,0.6641908813057691,10,0.63701,0.005530461101933534,0.636075,0.6330537464575297,0.6409662535424703,10,0.8958759999999998,0.013147931142705866,0.9003699999999999,0.8864705366578384,0.9052814633421612,10,1.0025295999999997,0.016590847484883094,0.9986159999999997,0.9906612226757825,1.0143979773242169,10,0.0,0.0,0.0,0.0,0.0,10,0.0,0.0,0.0,0.0,0.0,10,0.0,0.0,0.0,0.0,0.0,10,0.0,0.0,0.0,0.0,0.0,10,0.0,0.0,0.0,0.0,0.0
busy,secure,10,0.6611388184635096,0.004965539688142331,0.6599453256794752,0.6575866853557256,0.6646909515712937,10,0.6371,0.005611842636583617,0.6348,0.6330855296146993,0.6411144703853007,10,0.893952,0.01824590474599717,0.8955599999999999,0.880899666034268,0.907004333965732,10,1.0031594,0.0206972396935758,1.0009800000000002,0.9883534866506704,1.0179653133493296,10,0.0,0.0,0.0,0.0,0.0,10,0.0,0.0,0.0,0.0,0.0,10,0.0,0.0,0.0,0.0,0.0,10,0.0,0.0,0.0,0.0,0.0,10,0.0,0.0,0.0,0.0,0.0
burst,always_on,0,,,,,,0,,,,,,0,,,,,,0,,,,,,0,,,,,,0,,,,,,10,0.0,0.0,0.0,0.0,0.0,10,0.0,0.0,0.0,0.0,0.0,10,0.0,0.0,0.0,0.0,0.0
burst,motion_only,10,0.6562782272206255,0.0077246823644767865,0.657942321411809,0.6507523223447672,0.6618041320964837,10,0.63167,0.00818135413947812,0.6302,0.6258174118161326,0.6375225881838673,10,0.882367,0.022424888727582238,0.8739599999999998,0.8663252009831004,0.8984087990168996,10,1.0080029999999998,0.034811567008044025,1.0103365000000002,0.983100305133135,1.0329056948668647,10,0.0,0.0,0.0,0.0,0.0,10,0.0,0.0,0.0,0.0,0.0,10,0.0,0.0,0.0,0.0,0.0,10,0.0,0.0,0.0,0.0,0.0,10,0.0,0.0,0.0,0.0,0.0
burst,fixed_threshold,10,0.6586516377073046,0.008197059350648465,0.6603513741389209,0.6527878146921668,0.6645154607224424,10,0.634735,0.005092371746053115,0.6357999999999999,0.631092136703691,0.6383778632963091,10,0.8917814999999999,0.02362439864607966,0.8942849999999997,0.8748816232791228,0.908681376720877,10,0.9930482000000002,0.02826024097876354,0.9945220000000001,0.9728320414514465,1.013264358548554,10,0.0,0.0,0.0,0.0,0.0,10,0.0,0.0,0.0,0.0,0.0,10,0.0,0.0,0.0,0.0,0.0,10,0.0,0.0,0.0,0.0,0.0,10,0.0,0.0,0.0,0.0,0.0
burst,event,10,0.6586776984621852,0.008239178496110743,0.6602566434384904,0.6527837452254673,0.664571651698903,10,0.63468,0.005060862904024712,0.6357999999999999,0.6310596767714352,0.6383003232285649,10,0.8918554999999999,0.023654010048803367,0.8943699999999999,0.8749344405576889,0.908776559442311,10,0.9930692999999999,0.028250847546971592,0.994605,0.9728598611077494,1.0132787388922504,10,0.0,0.0,0.0,0.0,0.0,10,0.0,0.0,0.0,0.0,0.0,10,0.0,0.0,0.0,0.0,0.0,10,0.0,0.0,0.0,0.0,0.0,10,0.0,0.0,0.0,0.0,0.0
burst,event_no_early_exit,10,0.6586776984621852,0.008239178496110743,0.6602566434384904,0.6527837452254673,0.664571651698903,10,0.63468,0.005060862904024712,0.6357999999999999,0.6310596767714352,0.6383003232285649,10,0.8918554999999999,0.023654010048803367,0.8943699999999999,0.8749344405576889,0.908776559442311,10,0.9930692999999999,0.028250847546971592,0.994605,0.9728598611077494,1.0132787388922504,10,0.0,0.0,0.0,0.0,0.0,10,0.0,0.0,0.0,0.0,0.0,10,0.0,0.0,0.0,0.0,0.0,10,0.0,0.0,0.0,0.0,0.0,10,0.0,0.0,0.0,0.0,0.0
burst,secure,10,0.6587931899184388,0.00959995357193006,0.6569913699360341,0.651925796833761,0.6656605830031167,10,0.633855,0.007404932665310168,0.6352249999999999,0.6285578302796225,0.6391521697203774,10,0.8860999999999997,0.021929273687116044,0.8907124999999994,0.8704127426250005,0.9017872573749989,10,1.0083908,0.048568053786642695,0.9965994999999999,0.9736473073141704,1.0431342926858294,10,0.0,0.0,0.0,0.0,0.0,10,0.0,0.0,0.0,0.0,0.0,10,0.0,0.0,0.0,0.0,0.0,10,0.0,0.0,0.0,0.0,0.0,10,0.0,0.0,0.0,0.0,0.0
noisy,always_on,0,,,,,,0,,,,,,0,,,,,,0,,,,,,0,,,,,,0,,,,,,10,0.0,0.0,0.0,0.0,0.0,10,0.0,0.0,0.0,0.0,0.0,10,0.0,0.0,0.0,0.0,0.0
noisy,motion_only,10,0.6581373688071348,0.012523534393629535,0.6558346633085896,0.6491785719914908,0.6670961656227788,10,0.6372950000000001,0.010722547634670515,0.6349,0.6296245514999391,0.644965448500061,10,0.8795275,0.029669062098983404,0.8735299999999999,0.8583035315338198,0.9007514684661803,10,0.9563572,0.02851262982453761,0.9537420000000001,0.9359604933476319,0.9767539066523682,10,0.0,0.0,0.0,0.0,0.0,10,0.0,0.0,0.0,0.0,0.0,10,0.0,0.0,0.0,0.0,0.0,10,0.0,0.0,0.0,0.0,0.0,10,0.0,0.0,0.0,0.0,0.0
noisy,fixed_threshold,10,0.662086027468037,0.011078961713192358,0.6599654261704682,0.6541606156955203,0.6700114392405537,10,0.6384299999999999,0.010867438622887308,0.639575,0.6306559027309052,0.6462040972690947,10,0.8925784999999999,0.036239488671429475,0.8835949999999999,0.8666543315100472,0.9185026684899527,10,0.9788688999999998,0.04554950658947294,0.9708289999999999,0.9462847458976641,1.0114530541023357,10,0.0,0.0,0.0,0.0,0.0,10,0.0,0.0,0.0,0.0,0.0,10,0.0,0.0,0.0,0.0,0.0,10,0.0,0.0,0.0,0.0,0.0,10,0.0,0.0,0.0,0.0,0.0
noisy,event,10,0.6574118036603303,0.014312310971982531,0.6578088744588744,0.6471733931661229,0.6676502141545376,10,0.628725,0.013808396197805,0.62985,0.6188470684195211,0.6386029315804789,10,0.8878364999999999,0.03682410963319791,0.8903799999999997,0.8614941188676709,0.9141788811323289,10,0.9368392999999997,0.0442991345264091,0.9392815,0.9051496081880095,0.9685289918119899,10,0.0,0.0,0.0,0.0,0.0,10,0.0,0.0,0.0,0.0,0.0,10,0.0,0.0,0.0,0.0,0.0,10,0.0,0.0,0.0,0.0,0.0,10,0.0,0.0,0.0,0.0,0.0
noisy,event_no_early_exit,10,0.6574118036603303,0.014312310971982531,0.6578088744588744,0.6471733931661229,0.6676502141545376,10,0.628725,0.013808396197805,0.62985,0.6188470684195211,0.6386029315804789,10,0.8878364999999999,0.03682410963319791,0.8903799999999997,0.8614941188676709,0.9141788811323289,10,0.9368392999999997,0.0442991345264091,0.9392815,0.9051496081880095,0.9685289918119899,10,0.0,0.0,0.0,0.0,0.0,10,0.0,0.0,0.0,0.0,0.0,10,0.0,0.0,0.0,0.0,0.0,10,0.0,0.0,0.0,0.0,0.0,10,0.0,0.0,0.0,0.0,0.0
noisy,secure,10,0.6554505615595387,0.01601433468522455,0.6554368279569892,0.6439945966479378,0.6669065264711397,10,0.62778,0.01691987982620836,0.6302,0.6156762471181281,0.6398837528818719,10,0.8816519999999999,0.03752264621383851,0.8797775,0.8548099159006365,0.9084940840993633,10,0.9285762999999999,0.0491991754335827,0.9284185,0.8933813300855242,0.9637712699144756,10,0.0,0.0,0.0,0.0,0.0,10,0.0,0.0,0.0,0.0,0.0,10,0.0,0.0,0.0,0.0,0.0,10,0.0,0.0,0.0,0.0,0.0,10,0.0,0.0,0.0,0.0,0.0
trigger_spam,always_on,0,,,,,,0,,,,,,0,,,,,,0,,,,,,0,,,,,,0,,,,,,10,0.0,0.0,0.0,0.0,0.0,10,0.0,0.0,0.0,0.0,0.0,10,0.0,0.0,0.0,0.0,0.0
trigger_spam,motion_only,10,0.6604601014546972,0.008591663594969087,0.665071619052858,0.6543139955682593,0.6666062073411352,10,0.63652,0.009530570695282521,0.638825,0.629702240435288,0.643337759564712,10,0.8920534999999999,0.02298993077293722,0.894655,0.8756074942537918,0.9084995057462081,10,1.0071792000000002,0.02569376201770009,1.0074755000000002,0.9887989899002716,1.0255594100997287,10,0.0,0.0,0.0,0.0,0.0,10,0.0,0.0,0.0,0.0,0.0,10,0.0,0.0,0.0,0.0,0.0,10,0.0,0.0,0.0,0.0,0.0,10,0.0,0.0,0.0,0.0,0.0
trigger_spam,fixed_threshold,10,0.659669475563424,0.006074349386474644,0.6589149193791896,0.6553241477805307,0.6640148033463174,10,0.6371650000000001,0.006938982073922796,0.6370750000000001,0.6322011512530128,0.6421288487469874,10,0.882375,0.01987356256157633,0.8832575,0.8681583097753364,0.8965916902246637,10,1.0002760999999998,0.02264592028232287,0.997474,0.9840761845339789,1.0164760154660206,10,0.0,0.0,0.0,0.0,0.0,10,0.0,0.0,0.0,0.0,0.0,10,0.0,0.0,0.0,0.0,0.0,10,0.0,0.0,0.0,0.0,0.0,10,0.0,0.0,0.0,0.0,0.0
trigger_spam,event,10,0.6596493104330592,0.006169157026073069,0.6589149193791896,0.6552361613504404,0.664062459515678,10,0.637165,0.006991623956961336,0.6370750000000001,0.6321634935184377,0.6421665064815623,10,0.8823825,0.01987927595512472,0.8832575,0.868161722659805,0.896603277340195,10,1.0003402999999995,0.02272156833422053,0.997474,0.9840862691776305,1.0165943308223686,10,0.0,0.0,0.0,0.0,0.0,10,0.0,0.0,0.0,0.0,0.0,10,0.0,0.0,0.0,0.0,0.0,10,0.0,0.0,0.0,0.0,0.0,10,0.0,0.0,0.0,0.0,0.0
trigger_spam,event_no_early_exit,10,0.6596493104330592,0.006169157026073069,0.6589149193791896,0.6552361613504404,0.664062459515678,10,0.637165,0.006991623956961336,0.6370750000000001,0.6321634935184377,0.6421665064815623,10,0.8823825,0.01987927595512472,0.8832575,0.868161722659805,0.896603277340195,10,1.0003402999999995,0.02272156833422053,0.997474,0.9840862691776305,1.0165943308223686,10,0.0,0.0,0.0,0.0,0.0,10,0.0,0.0,0.0,0.0,0.0,10,0.0,0.0,0.0,0.0,0.0,10,0.0,0.0,0.0,0.0,0.0,10,0.0,0.0,0.0,0.0,0.0
trigger_spam,secure,10,0.6620440296780516,0.011663617635204002,0.6611805748456789,0.6537003802541073,0.670387679101996,10,0.6393,0.011879043171344524,0.6373249999999999,0.630802244431055,0.6477977555689449,10,0.8916955,0.017713363669839784,0.8939224999999997,0.8790241229708102,0.9043668770291897,10,1.0131351,0.04584898627123612,0.9946605000000001,0.980336711039117,1.045933488960883,10,0.0,0.0,0.0,0.0,0.0,10,0.0,0.0,0.0,0.0,0.0,10,0.0,0.0,0.0,0.0,0.0,10,0.0,0.0,0.0,0.0,0.0,10,0.0,0.0,0.0,0.0,0.0
replay,always_on,0,,,,,,0,,,,,,0,,,,,,0,,,,,,0,,,,,,0,,,,,,10,0.0,0.0,0.0,0.0,0.0,10,0.0,0.0,0.0,0.0,0.0,10,0.0,0.0,0.0,0.0,0.0
replay,motion_only,10,0.660443446588466,0.007111002924268667,0.6629190168776371,0.6553565415382128,0.6655303516387192,10,0.6341450000000001,0.009605711553260598,0.63565,0.6272734879036129,0.6410165120963872,10,0.890246,0.03293740610781471,0.8947700000000001,0.8666839990760143,0.9138080009239856,10,1.0041552,0.05292741464769364,1.0067065000000004,0.9662932084165995,1.0420171915834007,10,0.0,0.0,0.0,0.0,0.0,10,0.0,0.0,0.0,0.0,0.0,10,0.0,0.0,0.0,0.0,0.0,10,0.0,0.0,0.0,0.0,0.0,10,0.0,0.0,0.0,0.0,0.0
replay,fixed_threshold,10,0.6616672593225339,0.008440958083757054,0.6588467482645233,0.6556289616643094,0.6677055569807584,10,0.6418750000000001,0.009401366626424275,0.641,0.6351496674582253,0.6486003325417748,10,0.8888044999999998,0.029569060355002327,0.89179,0.8676520684719855,0.909956931528014,10,0.9981679999999999,0.04549116033057645,0.9844989999999998,0.9656255842969034,1.0307104157030966,10,0.0,0.0,0.0,0.0,0.0,10,0.0,0.0,0.0,0.0,0.0,10,0.0,0.0,0.0,0.0,0.0,10,0.0,0.0,0.0,0.0,0.0,10,0.0,0.0,0.0,0.0,0.0
replay,event,10,0.6614953791025722,0.008638313895604752,0.6579357089770133,0.655315901601409,0.6676748566037354,10,0.64184,0.009361795886592594,0.641,0.6351429746602382,0.6485370253397618,10,0.888916,0.029816532308249464,0.89179,0.8675865377011963,0.9102454622988038,10,0.9982667999999999,0.04542345740742807,0.984685,0.9657728160505319,1.030760783949468,10,0.0,0.0,0.0,0.0,0.0,10,0.0,0.0,0.0,0.0,0.0,10,0.0,0.0,0.0,0.0,0.0,10,0.0,0.0,0.0,0.0,0.0,10,0.0,0.0,0.0,0.0,0.0
replay,event_no_early_exit,10,0.6614953791025722,0.008638313895604752,0.6579357089770133,0.655315901601409,0.6676748566037354,10,0.64184,0.009361795886592594,0.641,0.6351429746602382,0.6485370253397618,10,0.888916,0.029816532308249464,0.89179,0.8675865377011963,0.9102454622988038,10,0.9982667999999999,0.04542345740742807,0.984685,0.9657728160505319,1.030760783949468,10,0.0,0.0,0.0,0.0,0.0,10,0.0,0.0,0.0,0.0,0.0,10,0.0,0.0,0.0,0.0,0.0,10,0.0,0.0,0.0,0.0,0.0,10,0.0,0.0,0.0,0.0,0.0
replay,secure,10,0.6581602675500783,0.010260330635989292,0.6559705481519817,0.6508204691720809,0.6655000659280756,10,0.63841,0.010154112467370044,0.635975,0.631146185522464,0.645673814477536,10,0.877383,0.03937399481609376,0.887,0.8492165408926542,0.9055494591073459,10,0.9901386999999999,0.04464768532522146,0.9861585,0.9581996699669977,1.0220777300330022,10,0.0,0.0,0.0,0.0,0.0,10,0.0,0.0,0.0,0.0,0.0,10,0.0,0.0,0.0,0.0,0.0,10,0.0,0.0,0.0,0.0,0.0,10,0.0,0.0,0.0,0.0,0.0
mixed,always_on,0,,,,,,0,,,,,,0,,,,,,0,,,,,,0,,,,,,0,,,,,,10,0.0,0.0,0.0,0.0,0.0,10,0.0,0.0,0.0,0.0,0.0,10,0.0,0.0,0.0,0.0,0.0
mixed,motion_only,10,0.6605471446558184,0.005781609688115095,0.6601810686919982,0.6564112302377983,0.6646830590738385,10,0.6373200000000001,0.007788495789731559,0.63815,0.6317484457496922,0.642891554250308,10,0.8887815000000001,0.028136027818242093,0.8741574999999999,0.8686541981936379,0.9089088018063624,10,0.9873420999999999,0.035699478186195704,0.9878194999999999,0.9618042317399557,1.012879968260044,10,0.0,0.0,0.0,0.0,0.0,10,0.0,0.0,0.0,0.0,0.0,10,0.0,0.0,0.0,0.0,0.0,10,0.0,0.0,0.0,0.0,0.0,10,0.0,0.0,0.0,0.0,0.0
mixed,fixed_threshold,10,0.6589859230159274,0.004590074709526514,0.6596495266770899,0.6557023813735463,0.6622694646583085,10,0.6346849999999999,0.005521676979565771,0.634,0.6307350302401283,0.6386349697598716,10,0.8858799999999999,0.02282082954476264,0.8911849999999999,0.8695549619851746,0.9022050380148252,10,0.9941776999999998,0.03060525502825368,0.9920179999999996,0.9722840194565452,1.0160713805434545,10,0.0,0.0,0.0,0.0,0.0,10,0.0,0.0,0.0,0.0,0.0,10,0.0,0.0,0.0,0.0,0.0,10,0.0,0.0,0.0,0.0,0.0,10,0.0,0.0,0.0,0.0,0.0
mixed,event,10,0.6590885126346663,0.004633331243242784,0.6596495266770899,0.6557740271321629,0.6624029981371696,10,0.63486,0.005481169785932753,0.634,0.6309390073408352,0.6387809926591648,10,0.8859639999999999,0.022904869424062044,0.8911974999999999,0.8695788434771408,0.902349156522859,10,0.9942141,0.030606712722139225,0.9920179999999996,0.9723193766851574,1.0161088233148425,10,0.0,0.0,0.0,0.0,0.0,10,0.0,0.0,0.0,0.0,0.0,10,0.0,0.0,0.0,0.0,0.0,10,0.0,0.0,0.0,0.0,0.0,10,0.0,0.0,0.0,0.0,0.0
mixed,event_no_early_exit,10,0.6590885126346663,0.004633331243242784,0.6596495266770899,0.6557740271321629,0.6624029981371696,10,0.63486,0.005481169785932753,0.634,0.6309390073408352,0.6387809926591648,10,0.8859639999999999,0.022904869424062044,0.8911974999999999,0.8695788434771408,0.902349156522859,10,0.9942141,0.030606712722139225,0.9920179999999996,0.9723193766851574,1.0161088233148425,10,0.0,0.0,0.0,0.0,0.0,10,0.0,0.0,0.0,0.0,0.0,10,0.0,0.0,0.0,0.0,0.0,10,0.0,0.0,0.0,0.0,0.0,10,0.0,0.0,0.0,0.0,0.0
mixed,secure,10,0.659914309122659,0.005868921690912038,0.659284666049192,0.655715935460464,0.664112682784854,10,0.6371249999999999,0.007994381707730062,0.63795,0.6314061638364097,0.6428438361635902,10,0.8817119999999999,0.02635308501864631,0.8801625,0.8628601386382793,0.9005638613617206,10,0.9795147,0.024738248024959927,0.9818065,0.9618180234337297,0.9972113765662702,10,0.0,0.0,0.0,0.0,0.0,10,0.0,0.0,0.0,0.0,0.0,10,0.0,0.0,0.0,0.0,0.0,10,0.0,0.0,0.0,0.0,0.0,10,0.0,0.0,0.0,0.0,0.0
