scenario,a,b,metric,same_workload,n_pairs,n_nonzero,mean_a,mean_b,median_diff,mean_diff,rank_biserial,W,p_value,test,p_holm,p_holm_campaign,significant_holm_0.05,significant_holm_campaign_0.05
normal,full_secure,always_on,energy_total_mJ,True,10,10,254139.3229656,1516821.264,-1262702.242111,-1262681.9410344001,-1.0,0.0,0.001953125,wilcoxon_signed_rank,0.01171875,0.244140625,True,False
normal,full_secure,always_on,episode_recall,True,10,10,0.8221800519074496,0.9803833415299055,-0.16080808080808084,-0.15820328962245586,-1.0,0.0,0.001953125,wilcoxon_signed_rank,0.009765625,0.244140625,True,False
normal,full_secure,always_on,attack_success_rate,True,0,0,,,,,,,,not_tested_insufficient_nonzero_pairs,,,False,False
normal,full_secure,always_on,false_rejection_rate_object,True,0,0,,,,,,,,not_tested_insufficient_nonzero_pairs,,,False,False
normal,full_secure,always_on,onset_latency_ms_p95,True,10,10,278.4206149999781,512.6037100000082,-206.8305749999878,-234.18309500003005,-1.0,0.0,0.001953125,wilcoxon_signed_rank,0.01171875,0.244140625,True,False
normal,full_secure,no_adaptive_trigger,energy_total_mJ,True,10,3,254139.3229656,254173.5801687,0.0,-34.257203099998875,-1.0,,,not_tested_insufficient_nonzero_pairs,,,False,False
normal,full_secure,no_adaptive_trigger,episode_recall,True,10,1,0.8221800519074496,0.8239657661931638,0.0,-0.0017857142857142794,-1.0,,,not_tested_insufficient_nonzero_pairs,,,False,False
normal,full_secure,no_adaptive_trigger,attack_success_rate,True,0,0,,,,,,,,not_tested_insufficient_nonzero_pairs,,,False,False
normal,full_secure,no_adaptive_trigger,false_rejection_rate_object,True,10,2,0.0694540245401949,0.06920005189413594,0.0,0.00025397264605896976,1.0,,,not_tested_insufficient_nonzero_pairs,,,False,False
normal,full_secure,no_adaptive_trigger,onset_latency_ms_p95,True,10,3,278.4206149999781,278.4624249999896,0.0,-0.041810000011452075,0.0,,,not_tested_insufficient_nonzero_pairs,,,False,False
normal,full_secure,no_burst_detection,energy_total_mJ,True,10,7,254139.3229656,254259.10331109999,-139.46121049998328,-119.78034549999283,-1.0,0.0,0.015625,wilcoxon_signed_rank,0.015625,0.421875,True,False
normal,full_secure,no_burst_detection,episode_recall,True,10,6,0.8221800519074496,0.8355725016913332,-0.01176870748299319,-0.013392449783883787,-1.0,0.0,0.03125,wilcoxon_signed_rank,0.03125,0.65625,True,False
normal,full_secure,no_burst_detection,attack_success_rate,True,0,0,,,,,,,,not_tested_insufficient_nonzero_pairs,,,False,False
normal,full_secure,no_burst_detection,false_rejection_rate_object,True,10,7,0.0694540245401949,0.05543744419144449,0.012194244604316548,0.014016580348750422,1.0,0.0,0.015625,wilcoxon_signed_rank,0.015625,0.421875,True,False
normal,full_secure,no_burst_detection,onset_latency_ms_p95,True,10,7,278.4206149999781,278.41481999998115,0.039575000005100947,0.00579499999695372,0.5,7.0,0.296875,wilcoxon_signed_rank,0.890625,1.0,False,False
normal,full_secure,no_consistency_check,energy_total_mJ,True,10,0,254139.3229656,254139.3229656,0.0,0.0,0.0,,,not_tested_insufficient_nonzero_pairs,,,False,False
normal,full_secure,no_consistency_check,episode_recall,True,10,0,0.8221800519074496,0.8221800519074496,0.0,0.0,0.0,,,not_tested_insufficient_nonzero_pairs,,,False,False
normal,full_secure,no_consistency_check,attack_success_rate,True,0,0,,,,,,,,not_tested_insufficient_nonzero_pairs,,,False,False
normal,full_secure,no_consistency_check,false_rejection_rate_object,True,10,0,0.0694540245401949,0.0694540245401949,0.0,0.0,0.0,,,not_tested_insufficient_nonzero_pairs,,,False,False
normal,full_secure,no_consistency_check,onset_latency_ms_p95,True,10,0,278.4206149999781,278.4206149999781,0.0,0.0,0.0,,,not_tested_insufficient_nonzero_pairs,,,False,False
normal,full_secure,no_cooldown,energy_total_mJ,True,10,10,254139.3229656,261282.06287849997,-7542.03782350001,-7142.739912899988,-1.0,0.0,0.001953125,wilcoxon_signed_rank,0.01171875,0.244140625,True,False
normal,full_secure,no_cooldown,episode_recall,True,10,10,0.8221800519074496,0.9432349808991883,-0.11224489795918363,-0.1210549289917388,-1.0,0.0,0.001953125,wilcoxon_signed_rank,0.009765625,0.244140625,True,False
normal,full_secure,no_cooldown,attack_success_rate,True,0,0,,,,,,,,not_tested_insufficient_nonzero_pairs,,,False,False
normal,full_secure,no_cooldown,false_rejection_rate_object,True,10,10,0.0694540245401949,0.11825259766007815,-0.04424718472344785,-0.04879857311988323,-0.9636363636363636,1.0,0.00390625,wilcoxon_signed_rank,0.0078125,0.244140625,True,False
normal,full_secure,no_cooldown,onset_latency_ms_p95,True,10,10,278.4206149999781,306.53581999997414,-9.974100000123116,-28.115204999996035,-1.0,0.0,0.001953125,wilcoxon_signed_rank,0.01171875,0.244140625,True,False
normal,full_secure,no_early_exit,energy_total_mJ,True,10,10,254139.3229656,257205.50465350001,-3125.154932000005,-3066.181687899996,-1.0,0.0,0.001953125,wilcoxon_signed_rank,0.01171875,0.244140625,True,False
normal,full_secure,no_early_exit,episode_recall,True,10,8,0.8221800519074496,0.8396020828003159,-0.016282051282051235,-0.017422030892866647,-1.0,0.0,0.0078125,wilcoxon_signed_rank,0.0234375,0.244140625,True,False
normal,full_secure,no_early_exit,attack_success_rate,True,0,0,,,,,,,,not_tested_insufficient_nonzero_pairs,,,False,False
normal,full_secure,no_early_exit,false_rejection_rate_object,True,10,0,0.0694540245401949,0.0694540245401949,0.0,0.0,0.0,,,not_tested_insufficient_nonzero_pairs,,,False,False
normal,full_secure,no_early_exit,onset_latency_ms_p95,True,10,10,278.4206149999781,288.3618750000276,-9.234349999969737,-9.94126000004955,-1.0,0.0,0.001953125,wilcoxon_signed_rank,0.01171875,0.244140625,True,False
normal,full_secure,no_rate_limit,energy_total_mJ,True,10,0,254139.3229656,254139.3229656,0.0,0.0,0.0,,,not_tested_insufficient_nonzero_pairs,,,False,False
normal,full_secure,no_rate_limit,episode_recall,True,10,0,0.8221800519074496,0.8221800519074496,0.0,0.0,0.0,,,not_tested_insufficient_nonzero_pairs,,,False,False
normal,full_secure,no_rate_limit,attack_success_rate,True,0,0,,,,,,,,not_tested_insufficient_nonzero_pairs,,,False,False
normal,full_secure,no_rate_limit,false_rejection_rate_object,True,10,0,0.0694540245401949,0.0694540245401949,0.0,0.0,0.0,,,not_tested_insufficient_nonzero_pairs,,,False,False
normal,full_secure,no_rate_limit,onset_latency_ms_p95,True,10,0,278.4206149999781,278.4206149999781,0.0,0.0,0.0,,,not_tested_insufficient_nonzero_pairs,,,False,False
normal,full_secure,no_replay_protection,energy_total_mJ,True,10,10,254139.3229656,254615.77495050002,-506.3255310000095,-476.45198489999746,-1.0,0.0,0.001953125,wilcoxon_signed_rank,0.01171875,0.244140625,True,False
normal,full_secure,no_replay_protection,episode_recall,True,10,5,0.8221800519074496,0.8303226833490779,-0.005050505050505083,-0.008142631441628467,-1.0,,,not_tested_insufficient_nonzero_pairs,,,False,False
normal,full_secure,no_replay_protection,attack_success_rate,True,0,0,,,,,,,,not_tested_insufficient_nonzero_pairs,,,False,False
normal,full_secure,no_replay_protection,false_rejection_rate_object,True,10,10,0.0694540245401949,0.017511514492620704,0.051785714285714296,0.051942510047574206,1.0,0.0,0.001953125,wilcoxon_signed_rank,0.005859375,0.244140625,True,False
normal,full_secure,no_replay_protection,onset_latency_ms_p95,True,10,10,278.4206149999781,278.5803800000306,0.15814999996217693,-0.15976500005246522,0.01818181818181818,27.0,1.0,wilcoxon_signed_rank,1.0,1.0,False,False
normal,full_secure,no_security,energy_total_mJ,True,10,10,254139.3229656,254762.81274280004,-613.5354744999931,-623.489777199991,-1.0,0.0,0.001953125,wilcoxon_signed_rank,0.01171875,0.244140625,True,False
normal,full_secure,no_security,episode_recall,True,10,8,0.8221800519074496,0.844845262604105,-0.01176870748299319,-0.022665210696655547,-1.0,0.0,0.0078125,wilcoxon_signed_rank,0.0234375,0.244140625,True,False
normal,full_secure,no_security,attack_success_rate,True,0,0,,,,,,,,not_tested_insufficient_nonzero_pairs,,,False,False
normal,full_secure,no_security,false_rejection_rate_object,True,0,0,,,,,,,,not_tested_insufficient_nonzero_pairs,,,False,False
normal,full_secure,no_security,onset_latency_ms_p95,True,10,10,278.4206149999781,278.17608000001155,0.5058499998645232,0.24453499996651545,0.38181818181818183,17.0,0.322265625,wilcoxon_signed_rank,0.890625,1.0,False,False
busy,full_secure,always_on,energy_total_mJ,True,10,10,283857.5241836,1516595.796,-1233588.112177,-1232738.2718164003,-1.0,0.0,0.001953125,wilcoxon_signed_rank,0.013671875,0.244140625,True,False
busy,full_secure,always_on,episode_recall,True,10,10,0.7513367269632686,0.9805839507093808,-0.22636985287587708,-0.229247223746112,-1.0,0.0,0.001953125,wilcoxon_signed_rank,0.013671875,0.244140625,True,False
busy,full_secure,always_on,attack_success_rate,True,0,0,,,,,,,,not_tested_insufficient_nonzero_pairs,,,False,False
busy,full_secure,always_on,false_rejection_rate_object,True,0,0,,,,,,,,not_tested_insufficient_nonzero_pairs,,,False,False
busy,full_secure,always_on,onset_latency_ms_p95,True,10,10,281.4480099999654,500.8868149999941,-216.47929999993502,-219.4388050000286,-1.0,0.0,0.001953125,wilcoxon_signed_rank,0.013671875,0.244140625,True,False
busy,full_secure,no_adaptive_trigger,energy_total_mJ,True,10,10,283857.5241836,284218.3819308,-357.7979349999514,-360.85774719998005,-0.9636363636363636,1.0,0.00390625,wilcoxon_signed_rank,0.013671875,0.244140625,True,False
busy,full_secure,no_adaptive_trigger,episode_recall,True,10,8,0.7513367269632686,0.7529942560428008,-0.0025204908925839375,-0.0016575290795322827,-0.5555555555555556,8.0,0.1953125,wilcoxon_signed_rank,0.2109375,1.0,False,False
busy,full_secure,no_adaptive_trigger,attack_success_rate,True,0,0,,,,,,,,not_tested_insufficient_nonzero_pairs,,,False,False
busy,full_secure,no_adaptive_trigger,false_rejection_rate_object,True,10,10,0.0936446576462651,0.09473771764399512,-0.0012378727814065446,-0.0010930599977300073,-0.5272727272727272,13.0,0.16015625,wilcoxon_signed_rank,0.16015625,1.0,False,False
busy,full_secure,no_adaptive_trigger,onset_latency_ms_p95,True,10,10,281.4480099999654,281.2488600000387,0.035174999988527134,0.19914999992674326,0.41818181818181815,16.0,0.275390625,wilcoxon_signed_rank,0.697265625,1.0,False,False
busy,full_secure,no_burst_detection,energy_total_mJ,True,10,10,283857.5241836,284673.1062961,-864.2588640000031,-815.5821124999668,-1.0,0.0,0.001953125,wilcoxon_signed_rank,0.013671875,0.244140625,True,False
busy,full_secure,no_burst_detection,episode_recall,True,10,10,0.7513367269632686,0.7643936588892452,-0.012166602528048354,-0.013056931925976656,-1.0,0.0,0.001953125,wilcoxon_signed_rank,0.013671875,0.244140625,True,False
busy,full_secure,no_burst_detection,attack_success_rate,True,0,0,,,,,,,,not_tested_insufficient_nonzero_pairs,,,False,False
busy,full_secure,no_burst_detection,false_rejection_rate_object,True,10,10,0.0936446576462651,0.07397395041404256,0.018975605365019355,0.01967070723222255,1.0,0.0,0.001953125,wilcoxon_signed_rank,0.0078125,0.244140625,True,False
busy,full_secure,no_burst_detection,onset_latency_ms_p95,True,10,10,281.4480099999654,281.3165450000117,0.07024999994899872,0.13146499995376076,0.45454545454545453,15.0,0.232421875,wilcoxon_signed_rank,0.697265625,1.0,False,False
busy,full_secure,no_consistency_check,energy_total_mJ,True,10,0,283857.5241836,283857.5241836,0.0,0.0,0.0,,,not_tested_insufficient_nonzero_pairs,,,False,False
busy,full_secure,no_consistency_check,episode_recall,True,10,0,0.7513367269632686,0.7513367269632686,0.0,0.0,0.0,,,not_tested_insufficient_nonzero_pairs,,,False,False
busy,full_secure,no_consistency_check,attack_success_rate,True,0,0,,,,,,,,not_tested_insufficient_nonzero_pairs,,,False,False
busy,full_secure,no_consistency_check,false_rejection_rate_object,True,10,0,0.0936446576462651,0.0936446576462651,0.0,0.0,0.0,,,not_tested_insufficient_nonzero_pairs,,,False,False
busy,full_secure,no_consistency_check,onset_latency_ms_p95,True,10,0,281.4480099999654,281.4480099999654,0.0,0.0,0.0,,,not_tested_insufficient_nonzero_pairs,,,False,False
busy,full_secure,no_cooldown,energy_total_mJ,True,10,10,283857.5241836,303537.4673379,-20093.132569499983,-19679.9431543,-1.0,0.0,0.001953125,wilcoxon_signed_rank,0.013671875,0.244140625,True,False
busy,full_secure,no_cooldown,episode_recall,True,10,10,0.7513367269632686,0.7660669257742556,-0.013724911452184185,-0.014730198810987093,-0.6,11.0,0.10546875,wilcoxon_signed_rank,0.2109375,1.0,False,False
busy,full_secure,no_cooldown,attack_success_rate,True,0,0,,,,,,,,not_tested_insufficient_nonzero_pairs,,,False,False
busy,full_secure,no_cooldown,false_rejection_rate_object,True,10,10,0.0936446576462651,0.365421614050718,-0.26118556376212587,-0.2717769564044529,-1.0,0.0,0.001953125,wilcoxon_signed_rank,0.0078125,0.244140625,True,False
busy,full_secure,no_cooldown,onset_latency_ms_p95,True,10,10,281.4480099999654,288.9410349999842,-8.747975000124995,-7.493025000018752,-1.0,0.0,0.001953125,wilcoxon_signed_rank,0.013671875,0.244140625,True,False
busy,full_secure,no_early_exit,energy_total_mJ,True,10,10,283857.5241836,296335.96096010006,-12461.802896499983,-12478.436776499992,-1.0,0.0,0.001953125,wilcoxon_signed_rank,0.013671875,0.244140625,True,False
busy,full_secure,no_early_exit,episode_recall,True,10,10,0.7513367269632686,0.7682894919095282,-0.015878461161480062,-0.016952764946259767,-0.9636363636363636,1.0,0.00390625,wilcoxon_signed_rank,0.013671875,0.244140625,True,False
busy,full_secure,no_early_exit,attack_success_rate,True,0,0,,,,,,,,not_tested_insufficient_nonzero_pairs,,,False,False
busy,full_secure,no_early_exit,false_rejection_rate_object,True,10,0,0.0936446576462651,0.0936446576462651,0.0,0.0,0.0,,,not_tested_insufficient_nonzero_pairs,,,False,False
busy,full_secure,no_early_exit,onset_latency_ms_p95,True,10,10,281.4480099999654,288.62825499997984,-7.646124999894624,-7.180245000014412,-1.0,0.0,0.001953125,wilcoxon_signed_rank,0.013671875,0.244140625,True,False
busy,full_secure,no_rate_limit,energy_total_mJ,True,10,5,283857.5241836,283956.4665613,-58.54277850003564,-98.94237770000473,-1.0,,,not_tested_insufficient_nonzero_pairs,,,False,False
busy,full_secure,no_rate_limit,episode_recall,True,10,4,0.7513367269632686,0.7533454011106318,0.0,-0.002008674147363243,-1.0,,,not_tested_insufficient_nonzero_pairs,,,False,False
busy,full_secure,no_rate_limit,attack_success_rate,True,0,0,,,,,,,,not_tested_insufficient_nonzero_pairs,,,False,False
busy,full_secure,no_rate_limit,false_rejection_rate_object,True,10,5,0.0936446576462651,0.09117531232229378,0.0010040160642570475,0.002469345323971321,1.0,,,not_tested_insufficient_nonzero_pairs,,,False,False
busy,full_secure,no_rate_limit,onset_latency_ms_p95,True,10,5,281.4480099999654,281.41300499996987,0.005000000004656613,0.03500499999557292,1.0,,,not_tested_insufficient_nonzero_pairs,,,False,False
busy,full_secure,no_replay_protection,energy_total_mJ,True,10,10,283857.5241836,286409.4329896,-2470.089987000014,-2551.9088059999863,-1.0,0.0,0.001953125,wilcoxon_signed_rank,0.013671875,0.244140625,True,False
busy,full_secure,no_replay_protection,episode_recall,True,10,10,0.7513367269632686,0.7727408471030549,-0.02184032349069026,-0.021404120139786365,-1.0,0.0,0.001953125,wilcoxon_signed_rank,0.013671875,0.244140625,True,False
busy,full_secure,no_replay_protection,attack_success_rate,True,0,0,,,,,,,,not_tested_insufficient_nonzero_pairs,,,False,False
busy,full_secure,no_replay_protection,false_rejection_rate_object,True,10,10,0.0936446576462651,0.030253203773404132,0.06314935064935065,0.06339145387286098,1.0,0.0,0.001953125,wilcoxon_signed_rank,0.0078125,0.244140625,True,False
busy,full_secure,no_replay_protection,onset_latency_ms_p95,True,10,10,281.4480099999654,281.2334150000569,0.07534999999333536,0.2145949999085815,0.41818181818181815,16.0,0.275390625,wilcoxon_signed_rank,0.697265625,1.0,False,False
busy,full_secure,no_security,energy_total_mJ,True,10,10,283857.5241836,287637.1933374,-3657.135223499965,-3779.6691537999723,-1.0,0.0,0.001953125,wilcoxon_signed_rank,0.013671875,0.244140625,True,False
busy,full_secure,no_security,episode_recall,True,10,10,0.7513367269632686,0.7926876728507248,-0.03904042168100852,-0.04135094588745616,-1.0,0.0,0.001953125,wilcoxon_signed_rank,0.013671875,0.244140625,True,False
busy,full_secure,no_security,attack_success_rate,True,0,0,,,,,,,,not_tested_insufficient_nonzero_pairs,,,False,False
busy,full_secure,no_security,false_rejection_rate_object,True,0,0,,,,,,,,not_tested_insufficient_nonzero_pairs,,,False,False
busy,full_secure,no_security,onset_latency_ms_p95,True,10,10,281.4480099999654,280.72564999993426,0.6679500000260816,0.722360000031182,0.9636363636363636,1.0,0.00390625,wilcoxon_signed_rank,0.015625,0.244140625,True,False
trigger_spam,full_secure,always_on,energy_total_mJ,True,10,10,257121.69157470003,1516910.526,-1258879.061502,-1259788.8344253,-1.0,0.0,0.001953125,wilcoxon_signed_rank,0.013671875,0.244140625,True,False
trigger_spam,full_secure,always_on,episode_recall,True,10,10,0.7151143685719629,0.9816018228618321,-0.2663636363636364,-0.26648745428986914,-1.0,0.0,0.001953125,wilcoxon_signed_rank,0.01171875,0.244140625,True,False
trigger_spam,full_secure,always_on,attack_success_rate,True,10,10,0.0253541859414739,0.6552759125476042,-0.6282176667221194,-0.6299217266061301,-1.0,0.0,0.001953125,wilcoxon_signed_rank,0.009765625,0.244140625,True,False
trigger_spam,full_secure,always_on,false_rejection_rate_object,True,0,0,,,,,,,,not_tested_insufficient_nonzero_pairs,,,False,False
trigger_spam,full_secure,always_on,onset_latency_ms_p95,True,10,10,282.3541700000166,480.6134299999915,-196.06707499996116,-198.2592599999748,-1.0,0.0,0.001953125,wilcoxon_signed_rank,0.013671875,0.244140625,True,False
trigger_spam,full_secure,no_adaptive_trigger,energy_total_mJ,True,10,2,257121.69157470003,257139.6623809,0.0,-17.97080619999324,-1.0,,,not_tested_insufficient_nonzero_pairs,,,False,False
trigger_spam,full_secure,no_adaptive_trigger,episode_recall,True,10,0,0.7151143685719629,0.7151143685719629,0.0,0.0,0.0,,,not_tested_insufficient_nonzero_pairs,,,False,False
trigger_spam,full_secure,no_adaptive_trigger,attack_success_rate,True,10,0,0.0253541859414739,0.0253541859414739,0.0,0.0,0.0,,,not_tested_insufficient_nonzero_pairs,,,False,False
trigger_spam,full_secure,no_adaptive_trigger,false_rejection_rate_object,True,10,1,0.10860758237588257,0.10850768227598247,0.0,9.990009990010069e-05,1.0,,,not_tested_insufficient_nonzero_pairs,,,False,False
trigger_spam,full_secure,no_adaptive_trigger,onset_latency_ms_p95,True,10,2,282.3541700000166,282.3279050000189,0.0,0.02626499999772136,1.0,,,not_tested_insufficient_nonzero_pairs,,,False,False
trigger_spam,full_secure,no_burst_detection,energy_total_mJ,True,10,10,257121.69157470003,264220.9598972,-6935.157104500016,-7099.26832250001,-1.0,0.0,0.001953125,wilcoxon_signed_rank,0.013671875,0.244140625,True,False
trigger_spam,full_secure,no_burst_detection,episode_recall,True,10,10,0.7151143685719629,0.7687790854105514,-0.05688172043010753,-0.05366471683858862,-1.0,0.0,0.001953125,wilcoxon_signed_rank,0.01171875,0.244140625,True,False
trigger_spam,full_secure,no_burst_detection,attack_success_rate,True,10,10,0.0253541859414739,0.06469092544475849,-0.0415260908681961,-0.039336739503284576,-1.0,0.0,0.001953125,wilcoxon_signed_rank,0.009765625,0.244140625,True,False
trigger_spam,full_secure,no_burst_detection,false_rejection_rate_object,True,10,10,0.10860758237588257,0.05220629927926107,0.057814738182396956,0.05640128309662148,1.0,0.0,0.001953125,wilcoxon_signed_rank,0.005859375,0.244140625,True,False
trigger_spam,full_secure,no_burst_detection,onset_latency_ms_p95,True,10,10,282.3541700000166,281.99562500005123,0.0331999999238235,0.3585449999654429,0.16363636363636364,23.0,0.6953125,wilcoxon_signed_rank,1.0,1.0,False,False
trigger_spam,full_secure,no_consistency_check,energy_total_mJ,True,10,10,257121.69157470003,263220.004506,-5971.158924000047,-6098.31293130001,-1.0,0.0,0.001953125,wilcoxon_signed_rank,0.013671875,0.244140625,True,False
trigger_spam,full_secure,no_consistency_check,episode_recall,True,10,0,0.7151143685719629,0.7151143685719629,0.0,0.0,0.0,,,not_tested_insufficient_nonzero_pairs,,,False,False
trigger_spam,full_secure,no_consistency_check,attack_success_rate,True,10,10,0.0253541859414739,0.06354829161707708,-0.03704065094403835,-0.03819410567560318,-1.0,0.0,0.001953125,wilcoxon_signed_rank,0.009765625,0.244140625,True,False
trigger_spam,full_secure,no_consistency_check,false_rejection_rate_object,True,10,0,0.10860758237588257,0.10860758237588257,0.0,0.0,0.0,,,not_tested_insufficient_nonzero_pairs,,,False,False
trigger_spam,full_secure,no_consistency_check,onset_latency_ms_p95,True,10,10,282.3541700000166,281.9913500000172,-0.022524999966833548,0.3628199999994365,-0.2,22.0,0.625,wilcoxon_signed_rank,1.0,1.0,False,False
trigger_spam,full_secure,no_cooldown,energy_total_mJ,True,10,10,257121.69157470003,272661.0590714,-15894.805769500002,-15539.367496700002,-1.0,0.0,0.001953125,wilcoxon_signed_rank,0.013671875,0.244140625,True,False
trigger_spam,full_secure,no_cooldown,episode_recall,True,10,10,0.7151143685719629,0.8517317742306958,-0.13087395696091353,-0.13661740565873295,-1.0,0.0,0.001953125,wilcoxon_signed_rank,0.01171875,0.244140625,True,False
trigger_spam,full_secure,no_cooldown,attack_success_rate,True,10,10,0.0253541859414739,0.08173848708219608,-0.054988927738927704,-0.05638430114072218,-1.0,0.0,0.001953125,wilcoxon_signed_rank,0.009765625,0.244140625,True,False
trigger_spam,full_secure,no_cooldown,false_rejection_rate_object,True,10,10,0.10860758237588257,0.23234400923531284,-0.1238985638711178,-0.12373642685943027,-1.0,0.0,0.001953125,wilcoxon_signed_rank,0.005859375,0.244140625,True,False
trigger_spam,full_secure,no_cooldown,onset_latency_ms_p95,True,10,10,282.3541700000166,337.067934999928,-54.33907499999955,-54.71376499991136,-1.0,0.0,0.001953125,wilcoxon_signed_rank,0.013671875,0.244140625,True,False
trigger_spam,full_secure,no_early_exit,energy_total_mJ,True,10,10,257121.69157470003,260414.58550420002,-3320.785009499974,-3292.8939295000046,-1.0,0.0,0.001953125,wilcoxon_signed_rank,0.013671875,0.244140625,True,False
trigger_spam,full_secure,no_early_exit,episode_recall,True,10,7,0.7151143685719629,0.7266575277279546,-0.010204081632653073,-0.011543159155991667,-0.7857142857142857,3.0,0.078125,wilcoxon_signed_rank,0.078125,1.0,False,False
trigger_spam,full_secure,no_early_exit,attack_success_rate,True,10,0,0.0253541859414739,0.0253541859414739,0.0,0.0,0.0,,,not_tested_insufficient_nonzero_pairs,,,False,False
trigger_spam,full_secure,no_early_exit,false_rejection_rate_object,True,10,0,0.10860758237588257,0.10860758237588257,0.0,0.0,0.0,,,not_tested_insufficient_nonzero_pairs,,,False,False
trigger_spam,full_secure,no_early_exit,onset_latency_ms_p95,True,10,10,282.3541700000166,287.6992899999949,-4.83797499989339,-5.345119999978209,-1.0,0.0,0.001953125,wilcoxon_signed_rank,0.013671875,0.244140625,True,False
trigger_spam,full_secure,no_rate_limit,energy_total_mJ,True,10,0,257121.69157470003,257121.69157470003,0.0,0.0,0.0,,,not_tested_insufficient_nonzero_pairs,,,False,False
trigger_spam,full_secure,no_rate_limit,episode_recall,True,10,0,0.7151143685719629,0.7151143685719629,0.0,0.0,0.0,,,not_tested_insufficient_nonzero_pairs,,,False,False
trigger_spam,full_secure,no_rate_limit,attack_success_rate,True,10,0,0.0253541859414739,0.0253541859414739,0.0,0.0,0.0,,,not_tested_insufficient_nonzero_pairs,,,False,False
trigger_spam,full_secure,no_rate_limit,false_rejection_rate_object,True,10,0,0.10860758237588257,0.10860758237588257,0.0,0.0,0.0,,,not_tested_insufficient_nonzero_pairs,,,False,False
trigger_spam,full_secure,no_rate_limit,onset_latency_ms_p95,True,10,0,282.3541700000166,282.3541700000166,0.0,0.0,0.0,,,not_tested_insufficient_nonzero_pairs,,,False,False
trigger_spam,full_secure,no_replay_protection,energy_total_mJ,True,10,10,257121.69157470003,257455.90955209997,-376.0344170000026,-334.2179773999989,-1.0,0.0,0.001953125,wilcoxon_signed_rank,0.013671875,0.244140625,True,False
trigger_spam,full_secure,no_replay_protection,episode_recall,True,10,7,0.7151143685719629,0.7303946001636138,-0.01981946624803771,-0.015280231591650973,-1.0,0.0,0.015625,wilcoxon_signed_rank,0.03125,0.421875,True,False
trigger_spam,full_secure,no_replay_protection,attack_success_rate,True,10,0,0.0253541859414739,0.0253541859414739,0.0,0.0,0.0,,,not_tested_insufficient_nonzero_pairs,,,False,False
trigger_spam,full_secure,no_replay_protection,false_rejection_rate_object,True,10,10,0.10860758237588257,0.06198417655319135,0.047317436661699,0.046623405822691213,1.0,0.0,0.001953125,wilcoxon_signed_rank,0.005859375,0.244140625,True,False
trigger_spam,full_secure,no_replay_protection,onset_latency_ms_p95,True,10,10,282.3541700000166,282.2081100000312,0.06897499996705392,0.1460599999854594,1.0,0.0,0.001953125,wilcoxon_signed_rank,0.013671875,0.244140625,True,False
trigger_spam,full_secure,no_security,energy_total_mJ,True,10,10,257121.69157470003,281936.1749237,-23170.270788999987,-24814.483349000006,-1.0,0.0,0.001953125,wilcoxon_signed_rank,0.013671875,0.244140625,True,False
trigger_spam,full_secure,no_security,episode_recall,True,10,10,0.7151143685719629,0.7872302627998764,-0.0754545454545455,-0.07211589422791352,-1.0,0.0,0.001953125,wilcoxon_signed_rank,0.01171875,0.244140625,True,False
trigger_spam,full_secure,no_security,attack_success_rate,True,10,10,0.0253541859414739,0.17043216535453937,-0.14503722640832434,-0.1450779794130655,-1.0,0.0,0.001953125,wilcoxon_signed_rank,0.009765625,0.244140625,True,False
trigger_spam,full_secure,no_security,false_rejection_rate_object,True,0,0,,,,,,,,not_tested_insufficient_nonzero_pairs,,,False,False
trigger_spam,full_secure,no_security,onset_latency_ms_p95,True,10,10,282.3541700000166,281.45975499995404,0.2746250000287489,0.8944150000626451,0.45454545454545453,15.0,0.232421875,wilcoxon_signed_rank,0.697265625,1.0,False,False
replay,full_secure,always_on,energy_total_mJ,True,10,10,255772.29793529998,1516796.226,-1260957.071658,-1261023.9280647,-1.0,0.0,0.001953125,wilcoxon_signed_rank,0.01171875,0.244140625,True,False
replay,full_secure,always_on,episode_recall,True,10,10,0.7916426700706405,0.9725394287342205,-0.2026262626262627,-0.18089675866358007,-1.0,0.0,0.001953125,wilcoxon_signed_rank,0.0078125,0.244140625,True,False
replay,full_secure,always_on,attack_success_rate,True,10,10,0.2456586860509568,1.0,-0.7518321309973663,-0.7543413139490431,-1.0,0.0,0.001953125,wilcoxon_signed_rank,0.0078125,0.244140625,True,False
replay,full_secure,always_on,false_rejection_rate_object,True,0,0,,,,,,,,not_tested_insufficient_nonzero_pairs,,,False,False
replay,full_secure,always_on,onset_latency_ms_p95,True,10,10,280.02651999995686,498.1927550000173,-204.94335000008292,-218.16623500006034,-1.0,0.0,0.001953125,wilcoxon_signed_rank,0.01171875,0.244140625,True,False
replay,full_secure,no_adaptive_trigger,energy_total_mJ,True,10,3,255772.29793529998,255806.8347416,0.0,-34.53680629999726,-1.0,,,not_tested_insufficient_nonzero_pairs,,,False,False
replay,full_secure,no_adaptive_trigger,episode_recall,True,10,1,0.7916426700706405,0.7934283843563548,0.0,-0.0017857142857142904,-1.0,,,not_tested_insufficient_nonzero_pairs,,,False,False
replay,full_secure,no_adaptive_trigger,attack_success_rate,True,10,0,0.2456586860509568,0.2456586860509568,0.0,0.0,0.0,,,not_tested_insufficient_nonzero_pairs,,,False,False
replay,full_secure,no_adaptive_trigger,false_rejection_rate_object,True,10,2,0.07196601668806975,0.07169822806114798,0.0,0.00026778862692175,1.0,,,not_tested_insufficient_nonzero_pairs,,,False,False
replay,full_secure,no_adaptive_trigger,onset_latency_ms_p95,True,10,3,280.02651999995686,280.08738499996065,0.0,-0.060865000003832395,0.0,,,not_tested_insufficient_nonzero_pairs,,,False,False
replay,full_secure,no_burst_detection,energy_total_mJ,True,10,7,255772.29793529998,255888.24117179998,-101.60097800000221,-115.9432364999986,-1.0,0.0,0.015625,wilcoxon_signed_rank,0.015625,0.421875,True,False
replay,full_secure,no_burst_detection,episode_recall,True,10,5,0.7916426700706405,0.8059731337697678,-0.005102040816326481,-0.014330463699127282,-1.0,,,not_tested_insufficient_nonzero_pairs,,,False,False
replay,full_secure,no_burst_detection,attack_success_rate,True,10,0,0.2456586860509568,0.2456586860509568,0.0,0.0,0.0,,,not_tested_insufficient_nonzero_pairs,,,False,False
replay,full_secure,no_burst_detection,false_rejection_rate_object,True,10,7,0.07196601668806975,0.055897563310848296,0.012509448223733947,0.016068453377221438,1.0,0.0,0.015625,wilcoxon_signed_rank,0.015625,0.421875,True,False
replay,full_secure,no_burst_detection,onset_latency_ms_p95,True,10,7,280.02651999995686,280.03326499996496,0.010649999996530823,-0.0067450000080441445,0.5,7.0,0.296875,wilcoxon_signed_rank,0.890625,1.0,False,False
replay,full_secure,no_consistency_check,energy_total_mJ,True,10,0,255772.29793529998,255772.29793529998,0.0,0.0,0.0,,,not_tested_insufficient_nonzero_pairs,,,False,False
replay,full_secure,no_consistency_check,episode_recall,True,10,0,0.7916426700706405,0.7916426700706405,0.0,0.0,0.0,,,not_tested_insufficient_nonzero_pairs,,,False,False
replay,full_secure,no_consistency_check,attack_success_rate,True,10,0,0.2456586860509568,0.2456586860509568,0.0,0.0,0.0,,,not_tested_insufficient_nonzero_pairs,,,False,False
replay,full_secure,no_consistency_check,false_rejection_rate_object,True,10,0,0.07196601668806975,0.07196601668806975,0.0,0.0,0.0,,,not_tested_insufficient_nonzero_pairs,,,False,False
replay,full_secure,no_consistency_check,onset_latency_ms_p95,True,10,0,280.02651999995686,280.02651999995686,0.0,0.0,0.0,,,not_tested_insufficient_nonzero_pairs,,,False,False
replay,full_secure,no_cooldown,energy_total_mJ,True,10,10,255772.29793529998,264194.38319890003,-9109.57152099999,-8422.0852636,-1.0,0.0,0.001953125,wilcoxon_signed_rank,0.01171875,0.244140625,True,False
replay,full_secure,no_cooldown,episode_recall,True,10,10,0.7916426700706405,0.9351657887143585,-0.14747474747474748,-0.14352311864371803,-1.0,0.0,0.001953125,wilcoxon_signed_rank,0.0078125,0.244140625,True,False
replay,full_secure,no_cooldown,attack_success_rate,True,10,10,0.2456586860509568,0.4290954822979697,-0.17137210615471485,-0.1834367962470129,-1.0,0.0,0.001953125,wilcoxon_signed_rank,0.0078125,0.244140625,True,False
replay,full_secure,no_cooldown,false_rejection_rate_object,True,10,10,0.07196601668806975,0.12663678701465125,-0.04298897598233405,-0.05467077032658153,-1.0,0.0,0.001953125,wilcoxon_signed_rank,0.005859375,0.244140625,True,False
replay,full_secure,no_cooldown,onset_latency_ms_p95,True,10,10,280.02651999995686,300.23801499986564,-7.62234999989451,-20.21149499990877,-0.9636363636363636,1.0,0.00390625,wilcoxon_signed_rank,0.015625,0.244140625,True,False
replay,full_secure,no_early_exit,energy_total_mJ,True,10,10,255772.29793529998,259407.8191875,-3704.832682499982,-3635.5212522000047,-1.0,0.0,0.001953125,wilcoxon_signed_rank,0.01171875,0.244140625,True,False
replay,full_secure,no_early_exit,episode_recall,True,10,10,0.7916426700706405,0.8329679336153166,-0.04571222428365285,-0.04132526354467614,-1.0,0.0,0.001953125,wilcoxon_signed_rank,0.0078125,0.244140625,True,False
replay,full_secure,no_early_exit,attack_success_rate,True,10,0,0.2456586860509568,0.2456586860509568,0.0,0.0,0.0,,,not_tested_insufficient_nonzero_pairs,,,False,False
replay,full_secure,no_early_exit,false_rejection_rate_object,True,10,0,0.07196601668806975,0.07196601668806975,0.0,0.0,0.0,,,not_tested_insufficient_nonzero_pairs,,,False,False
replay,full_secure,no_early_exit,onset_latency_ms_p95,True,10,10,280.02651999995686,288.36100000001,-8.879649999854166,-8.334480000053095,-1.0,0.0,0.001953125,wilcoxon_signed_rank,0.01171875,0.244140625,True,False
replay,full_secure,no_rate_limit,energy_total_mJ,True,10,0,255772.29793529998,255772.29793529998,0.0,0.0,0.0,,,not_tested_insufficient_nonzero_pairs,,,False,False
replay,full_secure,no_rate_limit,episode_recall,True,10,0,0.7916426700706405,0.7916426700706405,0.0,0.0,0.0,,,not_tested_insufficient_nonzero_pairs,,,False,False
replay,full_secure,no_rate_limit,attack_success_rate,True,10,0,0.2456586860509568,0.2456586860509568,0.0,0.0,0.0,,,not_tested_insufficient_nonzero_pairs,,,False,False
replay,full_secure,no_rate_limit,false_rejection_rate_object,True,10,0,0.07196601668806975,0.07196601668806975,0.0,0.0,0.0,,,not_tested_insufficient_nonzero_pairs,,,False,False
replay,full_secure,no_rate_limit,onset_latency_ms_p95,True,10,0,280.02651999995686,280.02651999995686,0.0,0.0,0.0,,,not_tested_insufficient_nonzero_pairs,,,False,False
replay,full_secure,no_replay_protection,energy_total_mJ,True,10,10,255772.29793529998,258107.5681184,-2081.801938000004,-2335.2701830999927,-1.0,0.0,0.001953125,wilcoxon_signed_rank,0.01171875,0.244140625,True,False
replay,full_secure,no_replay_protection,episode_recall,True,10,5,0.7916426700706405,0.8012558897475632,-0.005050505050505083,-0.00961321967692257,-1.0,,,not_tested_insufficient_nonzero_pairs,,,False,False
replay,full_secure,no_replay_protection,attack_success_rate,True,10,10,0.2456586860509568,0.5117144199369071,-0.2534700959379465,-0.2660557338859503,-1.0,0.0,0.001953125,wilcoxon_signed_rank,0.0078125,0.244140625,True,False
replay,full_secure,no_replay_protection,false_rejection_rate_object,True,10,10,0.07196601668806975,0.01961008780272017,0.05141727092946605,0.05235592888534957,1.0,0.0,0.001953125,wilcoxon_signed_rank,0.005859375,0.244140625,True,False
replay,full_secure,no_replay_protection,onset_latency_ms_p95,True,10,10,280.02651999995686,280.2908649999649,0.039100000006129676,-0.2643450000080577,-0.01818181818181818,27.0,1.0,wilcoxon_signed_rank,1.0,1.0,False,False
replay,full_secure,no_security,energy_total_mJ,True,10,10,255772.29793529998,258251.3160564,-2419.204704500007,-2479.018121099993,-1.0,0.0,0.001953125,wilcoxon_signed_rank,0.01171875,0.244140625,True,False
replay,full_secure,no_security,episode_recall,True,10,8,0.7916426700706405,0.8166616222638947,-0.02353741496598638,-0.025018952193254163,-1.0,0.0,0.0078125,wilcoxon_signed_rank,0.0078125,0.244140625,True,False
replay,full_secure,no_security,attack_success_rate,True,10,10,0.2456586860509568,0.5117144199369071,-0.2534700959379465,-0.2660557338859503,-1.0,0.0,0.001953125,wilcoxon_signed_rank,0.0078125,0.244140625,True,False
replay,full_secure,no_security,false_rejection_rate_object,True,0,0,,,,,,,,not_tested_insufficient_nonzero_pairs,,,False,False
replay,full_secure,no_security,onset_latency_ms_p95,True,10,10,280.02651999995686,280.07029500000885,0.4087499999528461,-0.04377500005201114,-0.01818181818181818,27.0,1.0,wilcoxon_signed_rank,1.0,1.0,False,False
mixed,full_secure,always_on,energy_total_mJ,True,10,10,256651.205045,1516850.4896947998,-1259909.793131,-1260199.2846498,-1.0,0.0,0.001953125,wilcoxon_signed_rank,0.013671875,0.244140625,True,False
mixed,full_secure,always_on,episode_recall,True,10,10,0.7291917827878136,0.9765908196232675,-0.2496969696969697,-0.24739903683545403,-1.0,0.0,0.001953125,wilcoxon_signed_rank,0.01171875,0.244140625,True,False
mixed,full_secure,always_on,attack_success_rate,True,10,10,0.04705463760662951,0.6832781252507101,-0.6327338263741595,-0.6362234876440804,-1.0,0.0,0.001953125,wilcoxon_signed_rank,0.01171875,0.244140625,True,False
mixed,full_secure,always_on,false_rejection_rate_object,True,0,0,,,,,,,,not_tested_insufficient_nonzero_pairs,,,False,False
mixed,full_secure,always_on,onset_latency_ms_p95,True,10,10,281.7931200000379,494.73851500003104,-204.44472500004053,-212.945394999993,-1.0,0.0,0.001953125,wilcoxon_signed_rank,0.013671875,0.244140625,True,False
mixed,full_secure,no_adaptive_trigger,energy_total_mJ,True,10,3,256651.205045,256671.4814786,0.0,-20.27643359999638,-1.0,,,not_tested_insufficient_nonzero_pairs,,,False,False
mixed,full_secure,no_adaptive_trigger,episode_recall,True,10,1,0.7291917827878136,0.7309774970735279,0.0,-0.0017857142857142904,-1.0,,,not_tested_insufficient_nonzero_pairs,,,False,False
mixed,full_secure,no_adaptive_trigger,attack_success_rate,True,10,0,0.04705463760662951,0.04705463760662951,0.0,0.0,0.0,,,not_tested_insufficient_nonzero_pairs,,,False,False
mixed,full_secure,no_adaptive_trigger,false_rejection_rate_object,True,10,2,0.10621558738956213,0.10598968931103248,0.0,0.00022589807852966965,1.0,,,not_tested_insufficient_nonzero_pairs,,,False,False
mixed,full_secure,no_adaptive_trigger,onset_latency_ms_p95,True,10,3,281.7931200000379,281.9921050000404,0.0,-0.1989850000024262,0.0,,,not_tested_insufficient_nonzero_pairs,,,False,False
mixed,full_secure,no_burst_detection,energy_total_mJ,True,10,10,256651.205045,260606.46673289998,-3422.1582934999897,-3955.261687899995,-1.0,0.0,0.001953125,wilcoxon_signed_rank,0.013671875,0.244140625,True,False
mixed,full_secure,no_burst_detection,episode_recall,True,10,9,0.7291917827878136,0.7718659366688397,-0.046739130434782616,-0.04267415388102623,-1.0,0.0,0.00390625,wilcoxon_signed_rank,0.01171875,0.244140625,True,False
mixed,full_secure,no_burst_detection,attack_success_rate,True,10,9,0.04705463760662951,0.081174009254967,-0.036239773417591756,-0.03411937164833747,-1.0,0.0,0.00390625,wilcoxon_signed_rank,0.01171875,0.244140625,True,False
mixed,full_secure,no_burst_detection,false_rejection_rate_object,True,10,10,0.10621558738956213,0.058982449686767593,0.042522522522522546,0.04723313770279457,1.0,0.0,0.001953125,wilcoxon_signed_rank,0.005859375,0.244140625,True,False
mixed,full_secure,no_burst_detection,onset_latency_ms_p95,True,10,10,281.7931200000379,281.4401800000145,0.7777250000916069,0.3529400000235114,0.38181818181818183,17.0,0.322265625,wilcoxon_signed_rank,0.966796875,1.0,False,False
mixed,full_secure,no_consistency_check,energy_total_mJ,True,10,10,256651.205045,259578.5652251,-2937.910661499991,-2927.360180100007,-1.0,0.0,0.001953125,wilcoxon_signed_rank,0.013671875,0.244140625,True,False
mixed,full_secure,no_consistency_check,episode_recall,True,10,0,0.7291917827878136,0.7291917827878136,0.0,0.0,0.0,,,not_tested_insufficient_nonzero_pairs,,,False,False
mixed,full_secure,no_consistency_check,attack_success_rate,True,10,10,0.04705463760662951,0.08386753258163006,-0.0327907008414951,-0.03681289497500055,-1.0,0.0,0.001953125,wilcoxon_signed_rank,0.01171875,0.244140625,True,False
mixed,full_secure,no_consistency_check,false_rejection_rate_object,True,10,0,0.10621558738956213,0.10621558738956213,0.0,0.0,0.0,,,not_tested_insufficient_nonzero_pairs,,,False,False
mixed,full_secure,no_consistency_check,onset_latency_ms_p95,True,10,10,281.7931200000379,282.34340500001605,-0.06034999998519197,-0.5502849999781005,-0.45454545454545453,15.0,0.232421875,wilcoxon_signed_rank,0.9296875,1.0,False,False
mixed,full_secure,no_cooldown,energy_total_mJ,True,10,10,256651.205045,268721.36767249997,-13131.447461999996,-12070.162627499993,-1.0,0.0,0.001953125,wilcoxon_signed_rank,0.013671875,0.244140625,True,False
mixed,full_secure,no_cooldown,episode_recall,True,10,10,0.7291917827878136,0.8712132032767966,-0.13203463203463206,-0.14202142048898314,-1.0,0.0,0.001953125,wilcoxon_signed_rank,0.01171875,0.244140625,True,False
mixed,full_secure,no_cooldown,attack_success_rate,True,10,10,0.04705463760662951,0.11690387917938287,-0.061821895641563,-0.06984924157275338,-1.0,0.0,0.001953125,wilcoxon_signed_rank,0.01171875,0.244140625,True,False
mixed,full_secure,no_cooldown,false_rejection_rate_object,True,10,10,0.10621558738956213,0.21071572384251872,-0.11076813090353714,-0.10450013645295653,-1.0,0.0,0.001953125,wilcoxon_signed_rank,0.005859375,0.244140625,True,False
mixed,full_secure,no_cooldown,onset_latency_ms_p95,True,10,10,281.7931200000379,303.9198600000364,-12.303175000144904,-22.12673999999843,-1.0,0.0,0.001953125,wilcoxon_signed_rank,0.013671875,0.244140625,True,False
mixed,full_secure,no_early_exit,energy_total_mJ,True,10,10,256651.205045,260139.25374319995,-3638.2390464999917,-3488.0486981999943,-1.0,0.0,0.001953125,wilcoxon_signed_rank,0.013671875,0.244140625,True,False
mixed,full_secure,no_early_exit,episode_recall,True,10,10,0.7291917827878136,0.7525432073852019,-0.026491228070175454,-0.02335142459738839,-0.7818181818181819,6.0,0.02734375,wilcoxon_signed_rank,0.02734375,0.6015625,True,False
mixed,full_secure,no_early_exit,attack_success_rate,True,10,0,0.04705463760662951,0.04705463760662951,0.0,0.0,0.0,,,not_tested_insufficient_nonzero_pairs,,,False,False
mixed,full_secure,no_early_exit,false_rejection_rate_object,True,10,0,0.10621558738956213,0.10621558738956213,0.0,0.0,0.0,,,not_tested_insufficient_nonzero_pairs,,,False,False
mixed,full_secure,no_early_exit,onset_latency_ms_p95,True,10,10,281.7931200000379,289.70230500003845,-7.257100000135324,-7.909185000000525,-1.0,0.0,0.001953125,wilcoxon_signed_rank,0.013671875,0.244140625,True,False
mixed,full_secure,no_rate_limit,energy_total_mJ,True,10,0,256651.205045,256651.205045,0.0,0.0,0.0,,,not_tested_insufficient_nonzero_pairs,,,False,False
mixed,full_secure,no_rate_limit,episode_recall,True,10,0,0.7291917827878136,0.7291917827878136,0.0,0.0,0.0,,,not_tested_insufficient_nonzero_pairs,,,False,False
mixed,full_secure,no_rate_limit,attack_success_rate,True,10,0,0.04705463760662951,0.04705463760662951,0.0,0.0,0.0,,,not_tested_insufficient_nonzero_pairs,,,False,False
mixed,full_secure,no_rate_limit,false_rejection_rate_object,True,10,0,0.10621558738956213,0.10621558738956213,0.0,0.0,0.0,,,not_tested_insufficient_nonzero_pairs,,,False,False
mixed,full_secure,no_rate_limit,onset_latency_ms_p95,True,10,0,281.7931200000379,281.7931200000379,0.0,0.0,0.0,,,not_tested_insufficient_nonzero_pairs,,,False,False
mixed,full_secure,no_replay_protection,energy_total_mJ,True,10,10,256651.205045,258098.6238151,-1506.324256500011,-1447.418770099996,-1.0,0.0,0.001953125,wilcoxon_signed_rank,0.013671875,0.244140625,True,False
mixed,full_secure,no_replay_protection,episode_recall,True,10,8,0.7291917827878136,0.7500050275199545,-0.01376811594202898,-0.020813244732140856,-1.0,0.0,0.0078125,wilcoxon_signed_rank,0.015625,0.244140625,True,False
mixed,full_secure,no_replay_protection,attack_success_rate,True,10,10,0.04705463760662951,0.06495558958923878,-0.014315394750177401,-0.01790095198260926,-1.0,0.0,0.001953125,wilcoxon_signed_rank,0.01171875,0.244140625,True,False
mixed,full_secure,no_replay_protection,false_rejection_rate_object,True,10,10,0.10621558738956213,0.052786963672154484,0.0545860821451373,0.053428623717407676,1.0,0.0,0.001953125,wilcoxon_signed_rank,0.005859375,0.244140625,True,False
mixed,full_secure,no_replay_protection,onset_latency_ms_p95,True,10,9,281.7931200000379,281.77667499999575,0.03900000001303283,0.016445000042187984,0.022222222222222223,22.0,1.0,wilcoxon_signed_rank,1.0,1.0,False,False
mixed,full_secure,no_security,energy_total_mJ,True,10,10,256651.205045,270754.8524277,-13008.606982499987,-14103.6473827,-1.0,0.0,0.001953125,wilcoxon_signed_rank,0.013671875,0.244140625,True,False
mixed,full_secure,no_security,episode_recall,True,10,10,0.7291917827878136,0.7964415250481169,-0.07207792207792202,-0.06724974226030336,-1.0,0.0,0.001953125,wilcoxon_signed_rank,0.01171875,0.244140625,True,False
mixed,full_secure,no_security,attack_success_rate,True,10,10,0.04705463760662951,0.19740641655479638,-0.14684047836221753,-0.1503517789481669,-1.0,0.0,0.001953125,wilcoxon_signed_rank,0.01171875,0.244140625,True,False
mixed,full_secure,no_security,false_rejection_rate_object,True,0,0,,,,,,,,not_tested_insufficient_nonzero_pairs,,,False,False
mixed,full_secure,no_security,onset_latency_ms_p95,True,10,10,281.7931200000379,281.9472699999389,0.32607500017329016,-0.15414999990094885,0.01818181818181818,27.0,1.0,wilcoxon_signed_rank,1.0,1.0,False,False
