p_detection_threshold,p_early_exit_threshold,p_early_exit_low_threshold,J,timely,duty,attack_success,recall,eval_s,p_trigger_threshold,p_cooldown_ms,p_adaptive_gain,p_adaptive_noise_ref
0.3,0.6,0.3,0.0066773582096406325,0.09214285714285712,0.09820681971748943,0.07272417814894355,0.3828571428571429,3.601466178894043,,,,
0.3,0.6,0.3,0.11598668957483817,0.21333333333333335,0.11033816848696665,0.08435511903002371,0.41000000000000003,3.9097697734832764,0.25,,,
0.3,0.6,0.3,0.11293153643398274,0.2097619047619048,0.1103570361147517,0.08330370054109237,0.4114285714285715,3.7293031215667725,0.3,,,
0.3,0.6,0.3,-0.01723129703107895,0.07785714285714285,0.10821257521479537,0.08196430456164823,0.3507142857142857,3.43170166015625,0.35,,,
0.3,0.6,0.3,-0.05220214391649132,0.044285714285714296,0.10482363011504293,0.0881520862893683,0.3492857142857143,3.5950653553009033,0.4,,,
0.3,0.6,0.3,-0.034246085525006034,0.055714285714285716,0.09778912669287898,0.08213161578570452,0.3435714285714285,4.0294225215911865,0.45,,,
0.3,0.6,0.3,0.010703799421633173,0.09785714285714285,0.09720341575651667,0.07710327111450269,0.3807142857142858,3.3353896141052246,0.5,,,
0.3,0.6,0.3,0.0066773582096406325,0.09214285714285712,0.09820681971748943,0.07272417814894355,0.3828571428571429,3.3883886337280273,0.55,,,
0.3,0.6,0.3,0.027539692790654123,0.11857142857142856,0.08978918261249451,0.09227428894905439,0.36499999999999994,3.617518424987793,0.6,,,
0.3,0.6,0.3,0.04093262776384284,0.12642857142857142,0.08342920998980631,0.08756267733965085,0.36928571428571433,3.7124016284942627,0.65,,,
0.3,0.6,0.3,0.022690783312174445,0.09857142857142856,0.0788027866608417,0.07295850385766653,0.4,3.608966112136841,0.7,,,
0.3,0.6,0.3,0.10937879859589723,0.3735714285714286,0.30212992878986455,0.2262553311611982,0.4907142857142857,3.272360324859619,0.25,500.0,,
0.3,0.6,0.3,0.12897008251179531,0.26928571428571424,0.15879451550895587,0.121836748038882,0.42857142857142855,4.818342685699463,0.25,1000.0,,
0.3,0.6,0.3,0.11598668957483817,0.21333333333333335,0.11033816848696665,0.08435511903002371,0.41000000000000003,3.07509183883667,0.25,1500.0,,
0.3,0.6,0.3,0.026943539325875676,0.07857142857142858,0.06012205533711955,0.04313372315398627,0.31071428571428567,4.118039846420288,0.25,3000.0,,
0.3,0.6,0.3,0.1300147386887384,0.26928571428571424,0.15706400495121595,0.12147794624273574,0.45857142857142863,3.4054319858551025,0.25,1000.0,0.25,
0.3,0.6,0.3,0.12897008251179531,0.26928571428571424,0.15879451550895587,0.121836748038882,0.42857142857142855,3.6092703342437744,0.25,1000.0,0.5,
0.3,0.6,0.3,0.14376551114588365,0.2742857142857143,0.1443659860200961,0.11667442025956523,0.42857142857142855,3.232074499130249,0.25,1000.0,1.0,
0.3,0.6,0.3,0.05812806094985063,0.17,0.12552871676132224,0.09821516133897652,0.43499999999999994,3.486598014831543,0.25,1000.0,2.0,
0.3,0.6,0.3,0.14928732878392179,0.2735714285714285,0.1404951070336391,0.10807309254137436,0.42857142857142866,3.438331127166748,0.25,1000.0,1.0,0.1
0.3,0.6,0.3,0.14376551114588365,0.2742857142857143,0.1443659860200961,0.11667442025956523,0.42857142857142855,3.9198520183563232,0.25,1000.0,1.0,0.15
0.3,0.6,0.3,0.13055053674928124,0.26785714285714285,0.15850159123343527,0.11611162098228797,0.4278571428571428,3.5443058013916016,0.25,1000.0,1.0,0.25
0.3,0.6,0.3,0.15454954199388335,0.2764285714285714,0.13701590898500074,0.10674214988437543,0.4307142857142857,3.557832956314087,0.3,1000.0,1.0,0.1
0.3,0.6,0.3,0.08664222491938417,0.20714285714285716,0.13760418115625453,0.10339708329069142,0.45,3.4942450523376465,0.35,1000.0,1.0,0.1
0.3,0.6,0.3,0.07793823684144559,0.20142857142857143,0.1310801354303189,0.1159005337439328,0.4257142857142857,3.3660547733306885,0.4,1000.0,1.0,0.1
0.3,0.6,0.3,0.047607541092756604,0.16571428571428573,0.12553083864860928,0.11068265059444897,0.43142857142857144,4.0555195808410645,0.45,1000.0,1.0,0.1
0.3,0.6,0.3,0.09482001153524654,0.20571428571428574,0.12370873496432211,0.0980798133937563,0.4742857142857143,3.404850959777832,0.5,1000.0,1.0,0.1
0.3,0.6,0.3,0.09473382664510771,0.19928571428571432,0.11238819222367846,0.09671558305753476,0.3964285714285714,3.598785161972046,0.55,1000.0,1.0,0.1
0.3,0.6,0.3,0.1329296912167486,0.23285714285714287,0.094391124945391,0.10546377833539755,0.41428571428571426,3.4362549781799316,0.6,1000.0,1.0,0.1
0.3,0.6,0.3,0.10737185487176981,0.16714285714285712,0.05486426154070191,0.06467774300147273,0.28357142857142864,3.6217124462127686,0.65,1000.0,1.0,0.1
0.3,0.6,0.3,0.006171113473602918,0.027857142857142858,0.027707492937236046,0.015664565829843834,0.052857142857142866,3.776520252227783,0.7,1000.0,1.0,0.1
0.3,0.6,0.3,0.1553072683133705,0.3785714285714286,0.269072865443425,0.17745545507269123,0.5250000000000001,3.921058177947998,0.3,500.0,1.0,0.1
0.3,0.6,0.3,-0.019500613325630987,0.06785714285714285,0.09735904237658365,0.07735646998896403,0.34928571428571425,2.9665820598602295,0.3,1500.0,1.0,0.1
0.3,0.6,0.3,-0.03763914018424028,0.011428571428571429,0.05787758118537934,0.040257842040244074,0.24071428571428571,3.5030856132507324,0.3,3000.0,1.0,0.1
0.3,0.6,0.3,0.10751761014164,0.3721428571428572,0.30343716528323866,0.22581332871919577,0.48928571428571427,3.5422866344451904,0.3,500.0,0.25,0.1
0.3,0.6,0.3,0.12009982590228493,0.3728571428571429,0.2998388824814329,0.20567575142828298,0.48928571428571427,3.6532089710235596,0.3,500.0,0.5,0.1
0.3,0.6,0.3,0.1526661745855178,0.2635714285714286,0.12353180005824958,0.09827870791357204,0.3385714285714285,3.745354652404785,0.3,500.0,2.0,0.1
0.3,0.6,0.3,0.1461572923515992,0.37928571428571434,0.27428443221202853,0.19197241165620177,0.5235714285714286,3.671621084213257,0.3,500.0,1.0,0.15
0.3,0.6,0.3,0.11463679456821053,0.3742857142857143,0.29567648434542004,0.22362135508958744,0.4907142857142857,3.2126083374023438,0.3,500.0,1.0,0.25
