p_detection_threshold,p_early_exit_threshold,p_early_exit_low_threshold,J,timely,duty,attack_success,recall,eval_s,p_trigger_threshold,p_cooldown_ms
0.3,0.6,0.3,-0.04399639008297256,0.07857142857142858,0.15354104106596766,0.09159459624283463,0.45285714285714285,3.07681941986084,,
0.3,0.6,0.3,0.11066513455386026,0.2314285714285714,0.1736680251929518,0.06785884855647044,0.45428571428571435,3.176374912261963,0.25,
0.3,0.6,0.3,0.09391990351905921,0.21428571428571427,0.1650180837337993,0.07571353779951084,0.44857142857142857,3.569815158843994,0.3,
0.3,0.6,0.3,0.07810214455097172,0.20047619047619047,0.1637909340323285,0.08095715781810901,0.44142857142857145,3.027430534362793,0.35,
0.3,0.6,0.3,0.07016118277966647,0.19261904761904763,0.1605411850881025,0.08437454459065982,0.4385714285714286,3.3366448879241943,0.4,
0.3,0.6,0.3,0.0623435000343841,0.18333333333333335,0.15983373685743407,0.08214592974046442,0.43500000000000005,3.489537239074707,0.45,
0.3,0.6,0.3,-0.0072960276154792406,0.11,0.15768757972913933,0.07690447550181916,0.43,3.2781195640563965,0.5,
0.3,0.6,0.3,-0.04399639008297256,0.07857142857142858,0.15354104106596766,0.09159459624283463,0.45285714285714285,3.4125616550445557,0.55,
0.3,0.6,0.3,-0.018697700434788092,0.09785714285714286,0.14735481898936942,0.0857548675944925,0.3892857142857143,3.4408793449401855,0.6,
0.3,0.6,0.3,-0.017824177618639928,0.09285714285714285,0.1456761112567351,0.07568652969483045,0.3857142857142858,3.1322529315948486,0.65,
0.3,0.6,0.3,-0.01193851432940951,0.09642857142857142,0.1444200241735838,0.07231414734237807,0.4107142857142857,3.757864236831665,0.7,
0.3,0.6,0.3,0.05876718977432917,0.42214285714285715,0.5063601655744866,0.22039116916256937,0.5814285714285715,3.4987387657165527,0.25,500.0
0.3,0.6,0.3,0.17880604748656767,0.36214285714285716,0.2600765945827872,0.10659702472979175,0.5607142857142857,3.6298935413360596,0.25,1000.0
0.3,0.6,0.3,0.11066513455386026,0.2314285714285714,0.1736680251929518,0.06785884855647044,0.45428571428571435,3.6096928119659424,0.25,1500.0
0.3,0.6,0.3,0.036993165838858304,0.09999999999999999,0.08765365865734673,0.03836000966493665,0.3892857142857143,3.897519826889038,0.25,3000.0
0.3,0.6,0.3,0.14116383033104105,0.3221428571428571,0.2444019633027523,0.11755609032087984,0.5242857142857144,3.5817277431488037,0.3,1000.0
0.3,0.6,0.3,0.1440230570963342,0.3228571428571429,0.23920324610455798,0.11846492541705937,0.5264285714285715,3.3432247638702393,0.35,1000.0
0.3,0.6,0.3,0.1460788061238636,0.32428571428571423,0.23457629634483762,0.12183751997886368,0.5271428571428571,3.725020170211792,0.4,1000.0
0.3,0.6,0.3,0.14716762974062322,0.3221428571428571,0.2334455972040192,0.1165048576004486,0.5271428571428572,3.8256025314331055,0.45,1000.0
0.3,0.6,0.3,0.12616237257607596,0.28928571428571426,0.22502638459298088,0.10122029882629575,0.5221428571428571,4.065198183059692,0.5,1000.0
0.3,0.6,0.3,0.1137384057219944,0.2792857142857143,0.21922245056065237,0.11187216656678745,0.515,3.7955193519592285,0.55,1000.0
0.3,0.6,0.3,0.11760959138658958,0.2792857142857143,0.2126940914518712,0.11065815434637823,0.475,4.00335431098938,0.6,1000.0
0.3,0.6,0.3,0.017452192824089913,0.1807142857142857,0.2068362803261977,0.11968790545419386,0.47428571428571425,3.940413475036621,0.65,1000.0
0.3,0.6,0.3,0.07339258933581103,0.23357142857142857,0.19875688685015286,0.12160079162108224,0.47214285714285714,3.718675136566162,0.7,1000.0
