p_detection_threshold,p_early_exit_threshold,p_early_exit_low_threshold,J,timely,duty,attack_success,recall,eval_s,p_mog2_threshold,p_cooldown_ms
0.3,0.6,0.3,0.05438911972468241,0.17119047619047617,0.1495092862967817,0.08409342663480582,0.37785714285714284,2.7661874294281006,,
0.3,0.6,0.3,0.1499884420627235,0.26785714285714285,0.1790119711664482,0.05672543042239055,0.4821428571428572,3.134131669998169,0.0025,
0.3,0.6,0.3,0.08855421764142413,0.20142857142857143,0.16659558278724332,0.05915312478705128,0.4471428571428572,3.9192354679107666,0.005,
0.3,0.6,0.3,0.0753861483604786,0.19,0.15981077078782582,0.06941693249121697,0.43285714285714283,3.5035839080810547,0.01,
0.3,0.6,0.3,0.05438911972468241,0.17119047619047617,0.1495092862967817,0.08409342663480582,0.37785714285714284,3.3611559867858887,0.02,
0.3,0.6,0.3,-0.032699371150120574,0.07142857142857142,0.13465620401922235,0.07359968113816165,0.4292857142857143,3.3886654376983643,0.04,
0.3,0.6,0.3,-0.0019557818902777233,0.09642857142857142,0.0909241719819426,0.10584453465575569,0.26785714285714285,3.580672264099121,0.08,
0.3,0.6,0.3,-0.0023673365418301826,0.07071428571428572,0.046770029707295754,0.09939321480493604,0.17142857142857143,3.5909740924835205,0.16,
0.3,0.6,0.3,0.08340131163099689,0.42857142857142855,0.5160751427115188,0.17426509116934455,0.5821428571428571,3.1538314819335938,0.0025,500.0
0.3,0.6,0.3,0.06773746874659226,0.24357142857142858,0.26727677166156977,0.08439114798810288,0.5392857142857143,3.5370137691497803,0.0025,1000.0
0.3,0.6,0.3,0.1499884420627235,0.26785714285714285,0.1790119711664482,0.05672543042239055,0.4821428571428572,3.9710018634796143,0.0025,1500.0
0.3,0.6,0.3,0.005118294626273072,0.0642857142857143,0.09206309713120721,0.026271742187675234,0.40499999999999997,3.4249675273895264,0.0025,3000.0
0.3,0.6,0.3,0.08855421764142413,0.20142857142857143,0.16659558278724332,0.05915312478705128,0.4471428571428572,3.369636058807373,0.005,1500.0
0.3,0.6,0.3,0.0753861483604786,0.19,0.15981077078782582,0.06941693249121697,0.43285714285714283,4.17987060546875,0.01,1500.0
0.3,0.6,0.3,0.05438911972468241,0.17119047619047617,0.1495092862967817,0.08409342663480582,0.37785714285714284,3.835304021835327,0.02,1500.0
0.3,0.6,0.3,-0.032699371150120574,0.07142857142857142,0.13465620401922235,0.07359968113816165,0.4292857142857143,3.667271375656128,0.04,1500.0
0.3,0.6,0.3,-0.0019557818902777233,0.09642857142857142,0.0909241719819426,0.10584453465575569,0.26785714285714285,3.2283248901367188,0.08,1500.0
0.3,0.6,0.3,-0.0023673365418301826,0.07071428571428572,0.046770029707295754,0.09939321480493604,0.17142857142857143,3.49403977394104,0.16,1500.0
