p_detection_threshold,p_early_exit_threshold,p_early_exit_low_threshold,J,timely,duty,attack_success,recall,eval_s,p_motion_threshold,p_cooldown_ms
0.3,0.6,0.3,0.012358831231709395,0.12214285714285714,0.1426022967817096,0.07696575504058588,0.3764285714285714,3.5055465698242188,,
0.3,0.6,0.3,0.09479890508287106,0.2092857142857143,0.15957811780981504,0.06939550059587148,0.4535714285714286,3.2889597415924072,0.1,
0.3,0.6,0.3,0.0730900298519406,0.19333333333333333,0.15502565283238676,0.0854609541303987,0.43785714285714283,3.7608656883239746,0.2,
0.3,0.6,0.3,0.07106946710479987,0.1911904761904762,0.15478350604339594,0.08545851212795669,0.43857142857142856,3.2934234142303467,0.3,
0.3,0.6,0.3,0.06938100995182592,0.19190476190476188,0.154914872870249,0.09013263103562294,0.43857142857142856,2.814210891723633,0.4,
0.3,0.6,0.3,0.012358831231709395,0.12214285714285714,0.1426022967817096,0.07696575504058588,0.3764285714285714,3.136898994445801,0.55,
0.3,0.6,0.3,0.004052239273729233,0.11285714285714285,0.14214377268093784,0.0754660344858894,0.43571428571428567,4.333257675170898,0.7,
0.3,0.6,0.3,-0.0002799755187359032,0.10999999999999999,0.14131376889471384,0.07924618214275794,0.4292857142857143,2.7388627529144287,0.85,
0.3,0.6,0.3,0.09732909936484498,0.42214285714285715,0.44990464613368275,0.1997228694223416,0.5807142857142857,3.5728273391723633,0.1,500.0
0.3,0.6,0.3,0.15262883766823637,0.32428571428571423,0.23425136216688505,0.10906239106807072,0.5242857142857144,3.4829702377319336,0.1,1000.0
0.3,0.6,0.3,0.09479890508287106,0.2092857142857143,0.15957811780981504,0.06939550059587148,0.4535714285714286,3.5564801692962646,0.1,1500.0
0.3,0.6,0.3,0.04753622066720211,0.10857142857142857,0.08321887374399299,0.03885154206445991,0.3921428571428572,3.3066940307617188,0.1,3000.0
0.3,0.6,0.3,0.14504826009801897,0.31928571428571423,0.2283248923838648,0.12015001599152578,0.527142857142857,3.1080055236816406,0.2,1000.0
0.3,0.6,0.3,0.15294516010969583,0.32428571428571423,0.22388861482452307,0.11879249352751375,0.5285714285714287,4.136005640029907,0.3,1000.0
0.3,0.6,0.3,0.15750895946580867,0.32428571428571423,0.21729142638706858,0.11626208325274257,0.5285714285714287,3.329085350036621,0.4,1000.0
0.3,0.6,0.3,0.14156912032945684,0.2942857142857143,0.20808959982525116,0.0973435880872638,0.45785714285714285,3.210036277770996,0.55,1000.0
0.3,0.6,0.3,0.1302820130769095,0.285,0.2013161700888306,0.10811980375735028,0.5214285714285715,3.102632999420166,0.7,1000.0
0.3,0.6,0.3,0.08795283466935101,0.24,0.18942293243046454,0.11467139823083342,0.5107142857142858,3.390158176422119,0.85,1000.0
0.3,0.6,0.3,0.12178109244533405,0.4228571428571429,0.41385644531818844,0.1882956555054292,0.5807142857142857,3.7235662937164307,0.4,500.0
0.3,0.6,0.3,0.06938100995182592,0.19190476190476188,0.154914872870249,0.09013263103562294,0.43857142857142856,3.2702038288116455,0.4,1500.0
0.3,0.6,0.3,0.07219957914153932,0.13428571428571429,0.08334583165865735,0.04082643862969261,0.41857142857142854,3.6794073581695557,0.4,3000.0
