p_detection_threshold,p_early_exit_threshold,p_early_exit_low_threshold,p_robust_z_on,p_robust_theta_min,p_robust_theta_max,p_robust_persist_k,p_content_cooldown_ms,p_content_overlap_thr,J,timely,duty,attack_success,recall,eval_s,p_rg_fg_jaccard_thr,p_rg_dhash_max,p_rg_fg_min,p_rg_consistency_threshold,p_rg_content_capacity,p_rg_content_refill_per_s,p_rg_global_capacity,p_rg_global_refill_per_s,p_rg_z_emergency
0.3,0.6,0.3,5.0,0.1,0.7,2,1000,0.3,0.17753847092650832,0.2914285714285714,0.13139323955147808,0.0963869614526481,0.4757142857142857,2.4884748458862305,,,,,,,,,
0.3,0.6,0.3,5.0,0.1,0.7,2,1000,0.3,0.0698368213094978,0.0907142857142857,0.031649973787680204,0.01010495502189562,0.09571428571428571,2.3462862968444824,0.0,,,,,,,,
0.3,0.6,0.3,5.0,0.1,0.7,2,1000,0.3,0.17218175813291275,0.24785714285714286,0.09865870802388232,0.0526920614245779,0.3607142857142857,2.1577863693237305,0.5,,,,,,,,
0.3,0.6,0.3,5.0,0.1,0.7,2,1000,0.3,0.16156557116813108,0.2585714285714286,0.11048556574923545,0.08352614905735962,0.38428571428571434,2.3708295822143555,0.6,,,,,,,,
0.3,0.6,0.3,5.0,0.1,0.7,2,1000,0.3,0.18744277254183844,0.2928571428571428,0.12416201092179989,0.08666672970880884,0.47500000000000003,2.2999777793884277,0.7,,,,,,,,
0.3,0.6,0.3,5.0,0.1,0.7,2,1000,0.3,0.17753847092650832,0.2914285714285714,0.13139323955147808,0.0963869614526481,0.4757142857142857,2.2184507846832275,0.8,,,,,,,,
0.3,0.6,0.3,5.0,0.1,0.7,2,1000,0.3,0.17775324084846175,0.2914285714285714,0.13147077821464975,0.0958798829455696,0.4757142857142857,2.159341335296631,0.7,2.0,,,,,,,
0.3,0.6,0.3,5.0,0.1,0.7,2,1000,0.3,0.17964041825209787,0.2914285714285714,0.13119733915829326,0.09237896719465385,0.4757142857142857,2.2398574352264404,0.7,4.0,,,,,,,
0.3,0.6,0.3,5.0,0.1,0.7,2,1000,0.3,0.17972623105244734,0.2914285714285714,0.13102571355759426,0.09237896719465385,0.4757142857142857,2.3009493350982666,0.7,6.0,,,,,,,
0.3,0.6,0.3,5.0,0.1,0.7,2,1000,0.3,0.17979418059373176,0.2914285714285714,0.13088981447502546,0.09237896719465385,0.4757142857142857,2.271218776702881,0.7,8.0,,,,,,,
0.3,0.6,0.3,5.0,0.1,0.7,2,1000,0.3,0.18224452914855188,0.2928571428571428,0.13067434177952525,0.0905508856376566,0.4757142857142857,2.212557315826416,0.7,12.0,,,,,,,
0.3,0.6,0.3,5.0,0.1,0.7,2,1000,0.3,0.1838371211601986,0.2928571428571428,0.1301065361875637,0.08793350720632469,0.4757142857142857,2.3711140155792236,0.7,16.0,,,,,,,
0.3,0.6,0.3,5.0,0.1,0.7,2,1000,0.3,0.18744277254183844,0.2928571428571428,0.12416201092179989,0.08666672970880884,0.47500000000000003,2.5218234062194824,0.7,32.0,,,,,,,
0.3,0.6,0.3,5.0,0.1,0.7,2,1000,0.3,0.18744277254183844,0.2928571428571428,0.12416201092179989,0.08666672970880884,0.47500000000000003,2.3404603004455566,0.7,32.0,0.0,,,,,,
0.3,0.6,0.3,5.0,0.1,0.7,2,1000,0.3,0.18744277254183844,0.2928571428571428,0.12416201092179989,0.08666672970880884,0.47500000000000003,2.1909162998199463,0.7,32.0,12.0,,,,,,
0.3,0.6,0.3,5.0,0.1,0.7,2,1000,0.3,0.18744277254183844,0.2928571428571428,0.12416201092179989,0.08666672970880884,0.47500000000000003,2.1907832622528076,0.7,32.0,0.0,0.0,,,,,
0.3,0.6,0.3,5.0,0.1,0.7,2,1000,0.3,0.18744277254183844,0.2928571428571428,0.12416201092179989,0.08666672970880884,0.47500000000000003,2.0866711139678955,0.7,32.0,0.0,0.2,,,,,
0.3,0.6,0.3,5.0,0.1,0.7,2,1000,0.3,0.18744277254183844,0.2928571428571428,0.12416201092179989,0.08666672970880884,0.47500000000000003,2.0561063289642334,0.7,32.0,0.0,0.3,,,,,
0.3,0.6,0.3,5.0,0.1,0.7,2,1000,0.3,0.18744277254183844,0.2928571428571428,0.12416201092179989,0.08666672970880884,0.47500000000000003,2.1270899772644043,0.7,32.0,0.0,0.5,,,,,
0.3,0.6,0.3,5.0,0.1,0.7,2,1000,0.3,0.19232799996280664,0.2864285714285714,0.10882334498325322,0.0793777979482764,0.4685714285714285,2.117428779602051,0.7,32.0,0.0,0.0,2.0,,,,
0.3,0.6,0.3,5.0,0.1,0.7,2,1000,0.3,0.18744277254183844,0.2928571428571428,0.12416201092179989,0.08666672970880884,0.47500000000000003,2.2828361988067627,0.7,32.0,0.0,0.0,3.0,,,,
0.3,0.6,0.3,5.0,0.1,0.7,2,1000,0.3,0.2459249362100518,0.3692857142857143,0.14195780821319354,0.10476374793813148,0.48428571428571426,2.1289896965026855,0.7,32.0,0.0,0.0,5.0,,,,
0.3,0.6,0.3,5.0,0.1,0.7,2,1000,0.3,0.18028739087052928,0.2828571428571428,0.11565364205621086,0.08948586191701619,0.4700000000000001,2.1879522800445557,0.7,32.0,0.0,0.0,5.0,0.25,,,
0.3,0.6,0.3,5.0,0.1,0.7,2,1000,0.3,0.2459249362100518,0.3692857142857143,0.14195780821319354,0.10476374793813148,0.48428571428571426,2.2807204723358154,0.7,32.0,0.0,0.0,5.0,0.5,,,
0.3,0.6,0.3,5.0,0.1,0.7,2,1000,0.3,0.23357343081337995,0.3692857142857143,0.1585616337556429,0.11286293318902577,0.485,2.1570515632629395,0.7,32.0,0.0,0.0,5.0,1.0,,,
0.3,0.6,0.3,5.0,0.1,0.7,2,1000,0.3,0.24595878068362104,0.3692857142857143,0.14189011926605505,0.10476374793813148,0.48428571428571426,2.333937883377075,0.7,32.0,0.0,0.0,5.0,0.5,5.0,,
0.3,0.6,0.3,5.0,0.1,0.7,2,1000,0.3,0.2459249362100518,0.3692857142857143,0.14195780821319354,0.10476374793813148,0.48428571428571426,2.3528993129730225,0.7,32.0,0.0,0.0,5.0,0.5,10.0,,
0.3,0.6,0.3,5.0,0.1,0.7,2,1000,0.3,0.2459249362100518,0.3692857142857143,0.14195780821319354,0.10476374793813148,0.48428571428571426,2.705275297164917,0.7,32.0,0.0,0.0,5.0,0.5,20.0,,
0.3,0.6,0.3,5.0,0.1,0.7,2,1000,0.3,0.2525141049380921,0.36428571428571427,0.13042028309305373,0.09312293560219048,0.4757142857142857,2.616368293762207,0.7,32.0,0.0,0.0,5.0,0.5,5.0,0.5,
0.3,0.6,0.3,5.0,0.1,0.7,2,1000,0.3,0.24595878068362104,0.3692857142857143,0.14189011926605505,0.10476374793813148,0.48428571428571426,2.251849412918091,0.7,32.0,0.0,0.0,5.0,0.5,5.0,1.0,
0.3,0.6,0.3,5.0,0.1,0.7,2,1000,0.3,0.2459249362100518,0.3692857142857143,0.14195780821319354,0.10476374793813148,0.48428571428571426,2.3132476806640625,0.7,32.0,0.0,0.0,5.0,0.5,5.0,2.0,
0.3,0.6,0.3,5.0,0.1,0.7,2,1000,0.3,0.25145582772725616,0.36428571428571427,0.13100948973350807,0.09465028338340822,0.4764285714285715,2.008603572845459,0.7,32.0,0.0,0.0,5.0,0.5,5.0,0.5,4.0
0.3,0.6,0.3,5.0,0.1,0.7,2,1000,0.3,0.2525141049380921,0.36428571428571427,0.13042028309305373,0.09312293560219048,0.4757142857142857,2.03169322013855,0.7,32.0,0.0,0.0,5.0,0.5,5.0,0.5,6.0
0.3,0.6,0.3,5.0,0.1,0.7,2,1000,0.3,0.25270247758990516,0.36428571428571427,0.1300435377894277,0.09312293560219048,0.4757142857142857,2.226531505584717,0.7,32.0,0.0,0.0,5.0,0.5,5.0,0.5,8.0
0.3,0.6,0.3,5.0,0.1,0.7,2,1000,0.3,0.07000902292592417,0.0907142857142857,0.03130557055482743,0.01010495502189562,0.09571428571428571,2.084540367126465,0.0,32.0,0.0,0.0,5.0,0.5,5.0,0.5,8.0
0.3,0.6,0.3,5.0,0.1,0.7,2,1000,0.3,0.16840024833252987,0.24785714285714286,0.10426589078200085,0.05464789826722514,0.3607142857142857,2.2460427284240723,0.5,32.0,0.0,0.0,5.0,0.5,5.0,0.5,8.0
0.3,0.6,0.3,5.0,0.1,0.7,2,1000,0.3,0.16849043485768478,0.2707142857142857,0.11702848026794814,0.08741922144525369,0.38999999999999996,1.9733452796936035,0.6,32.0,0.0,0.0,5.0,0.5,5.0,0.5,8.0
0.3,0.6,0.3,5.0,0.1,0.7,2,1000,0.3,0.24805572436228412,0.36428571428571427,0.1307720353866317,0.10168794446022858,0.4757142857142857,2.120177745819092,0.8,32.0,0.0,0.0,5.0,0.5,5.0,0.5,8.0
0.3,0.6,0.3,5.0,0.1,0.7,2,1000,0.3,0.24889066305851643,0.36428571428571427,0.1308318877238969,0.09995821473049885,0.4764285714285714,2.3662590980529785,0.7,2.0,0.0,0.0,5.0,0.5,5.0,0.5,8.0
0.3,0.6,0.3,5.0,0.1,0.7,2,1000,0.3,0.2501052109296056,0.36428571428571427,0.13070132678025337,0.09765967993196406,0.4764285714285714,2.0182912349700928,0.7,4.0,0.0,0.0,5.0,0.5,5.0,0.5,8.0
0.3,0.6,0.3,5.0,0.1,0.7,2,1000,0.3,0.2501252913140529,0.36428571428571427,0.13066116601135866,0.09765967993196406,0.4764285714285714,2.3523850440979004,0.7,6.0,0.0,0.0,5.0,0.5,5.0,0.5,8.0
0.3,0.6,0.3,5.0,0.1,0.7,2,1000,0.3,0.25015926095144914,0.36428571428571427,0.13059322673656618,0.09765967993196406,0.4764285714285714,2.2861061096191406,0.7,8.0,0.0,0.0,5.0,0.5,5.0,0.5,8.0
0.3,0.6,0.3,5.0,0.1,0.7,2,1000,0.3,0.2510323412089647,0.36428571428571427,0.1304341839231105,0.09607256223038854,0.4764285714285714,2.2538068294525146,0.7,12.0,0.0,0.0,5.0,0.5,5.0,0.5,8.0
0.3,0.6,0.3,5.0,0.1,0.7,2,1000,0.3,0.2518166277034439,0.36428571428571427,0.13030804237658364,0.0946301307879571,0.4764285714285714,2.1985671520233154,0.7,16.0,0.0,0.0,5.0,0.5,5.0,0.5,8.0
0.3,0.6,0.3,5.0,0.1,0.7,2,1000,0.3,0.25270247758990516,0.36428571428571427,0.1300435377894277,0.09312293560219048,0.4757142857142857,2.2174296379089355,0.7,32.0,12.0,0.0,5.0,0.5,5.0,0.5,8.0
0.3,0.6,0.3,5.0,0.1,0.7,2,1000,0.3,0.25270247758990516,0.36428571428571427,0.1300435377894277,0.09312293560219048,0.4757142857142857,2.230271816253662,0.7,32.0,0.0,0.2,5.0,0.5,5.0,0.5,8.0
0.3,0.6,0.3,5.0,0.1,0.7,2,1000,0.3,0.25270247758990516,0.36428571428571427,0.1300435377894277,0.09312293560219048,0.4757142857142857,2.275052070617676,0.7,32.0,0.0,0.3,5.0,0.5,5.0,0.5,8.0
0.3,0.6,0.3,5.0,0.1,0.7,2,1000,0.3,0.25270247758990516,0.36428571428571427,0.1300435377894277,0.09312293560219048,0.4757142857142857,2.1946098804473877,0.7,32.0,0.0,0.5,5.0,0.5,5.0,0.5,8.0
0.3,0.6,0.3,5.0,0.1,0.7,2,1000,0.3,0.19498879865942514,0.2857142857142857,0.10592046381243628,0.07553051029728489,0.46714285714285714,2.1761739253997803,0.7,32.0,0.0,0.0,2.0,0.5,5.0,0.5,8.0
0.3,0.6,0.3,5.0,0.1,0.7,2,1000,0.3,0.19697750771901354,0.295,0.11719918872870248,0.0788457958332704,0.4692857142857143,2.1754579544067383,0.7,32.0,0.0,0.0,3.0,0.5,5.0,0.5,8.0
0.3,0.6,0.3,5.0,0.1,0.7,2,1000,0.3,0.18774508616874908,0.285,0.11199903305664773,0.08251079460585406,0.46642857142857147,2.2123255729675293,0.7,32.0,0.0,0.0,5.0,0.25,5.0,0.5,8.0
0.3,0.6,0.3,5.0,0.1,0.7,2,1000,0.3,0.25266699746758103,0.36428571428571427,0.13011449803407601,0.09312293560219048,0.4757142857142857,2.470529079437256,0.7,32.0,0.0,0.0,5.0,1.0,5.0,0.5,8.0
0.3,0.6,0.3,5.0,0.1,0.7,2,1000,0.3,0.2468255586144907,0.3692857142857143,0.14130226955002184,0.10361804179242533,0.48428571428571426,2.464324712753296,0.7,32.0,0.0,0.0,5.0,0.5,10.0,0.5,8.0
0.3,0.6,0.3,5.0,0.1,0.7,2,1000,0.3,0.2459249362100518,0.3692857142857143,0.14195780821319354,0.10476374793813148,0.48428571428571426,2.3975391387939453,0.7,32.0,0.0,0.0,5.0,0.5,20.0,0.5,8.0
0.3,0.6,0.3,5.0,0.1,0.7,2,1000,0.3,0.24595878068362104,0.3692857142857143,0.14189011926605505,0.10476374793813148,0.48428571428571426,2.3127946853637695,0.7,32.0,0.0,0.0,5.0,0.5,5.0,1.0,8.0
0.3,0.6,0.3,5.0,0.1,0.7,2,1000,0.3,0.2459249362100518,0.3692857142857143,0.14195780821319354,0.10476374793813148,0.48428571428571426,2.3766868114471436,0.7,32.0,0.0,0.0,5.0,0.5,5.0,2.0,8.0
