p_detection_threshold,p_early_exit_threshold,p_early_exit_low_threshold,p_robust_z_on,p_robust_theta_min,p_robust_theta_max,p_robust_persist_k,p_content_cooldown_ms,p_content_overlap_thr,J,timely,duty,attack_success,recall,eval_s,p_rg_fg_jaccard_thr,p_rg_dhash_max,p_rg_consistency_threshold,p_rg_content_capacity,p_rg_content_refill_per_s,p_rg_global_capacity,p_rg_global_refill_per_s,p_rg_z_emergency
0.3,0.6,0.3,5.0,0.1,0.7,2,1000,0.3,0.17753847092650832,0.2914285714285714,0.13139323955147808,0.0963869614526481,0.4757142857142857,3.576646566390991,,,,,,,,
0.3,0.6,0.3,5.0,0.1,0.7,2,1000,0.3,0.16156557116813108,0.2585714285714286,0.11048556574923545,0.08352614905735962,0.38428571428571434,3.8317174911499023,0.6,,,,,,,
0.3,0.6,0.3,5.0,0.1,0.7,2,1000,0.3,0.18744277254183844,0.2928571428571428,0.12416201092179989,0.08666672970880884,0.47500000000000003,3.731893539428711,0.7,,,,,,,
0.3,0.6,0.3,5.0,0.1,0.7,2,1000,0.3,0.17753847092650832,0.2914285714285714,0.13139323955147808,0.0963869614526481,0.4757142857142857,4.3293304443359375,0.8,,,,,,,
0.3,0.6,0.3,5.0,0.1,0.7,2,1000,0.3,0.1747357391505479,0.2914285714285714,0.13201582889180136,0.1013698356642457,0.4757142857142857,3.7299115657806396,0.9,,,,,,,
0.3,0.6,0.3,5.0,0.1,0.7,2,1000,0.3,0.17979418059373176,0.2914285714285714,0.13088981447502546,0.09237896719465385,0.4757142857142857,4.4366614818573,0.7,8.0,,,,,,
0.3,0.6,0.3,5.0,0.1,0.7,2,1000,0.3,0.1838371211601986,0.2928571428571428,0.1301065361875637,0.08793350720632469,0.4757142857142857,4.218006372451782,0.7,16.0,,,,,,
0.3,0.6,0.3,5.0,0.1,0.7,2,1000,0.3,0.18714008624713707,0.2928571428571428,0.12431330187854958,0.0871208113414619,0.47500000000000003,3.9409308433532715,0.7,24.0,,,,,,
0.3,0.6,0.3,5.0,0.1,0.7,2,1000,0.3,0.18744277254183844,0.2928571428571428,0.12416201092179989,0.08666672970880884,0.47500000000000003,4.0521323680877686,0.7,32.0,,,,,,
0.3,0.6,0.3,5.0,0.1,0.7,2,1000,0.3,0.18757538216550443,0.2928571428571428,0.12410087330712101,0.08646264807615578,0.47500000000000003,3.9290523529052734,0.7,256.0,,,,,,
0.3,0.6,0.3,5.0,0.1,0.7,2,1000,0.3,0.18757538216550443,0.2928571428571428,0.12410087330712101,0.08646264807615578,0.47500000000000003,4.2243571281433105,0.7,256.0,0.0,,,,,
0.3,0.6,0.3,5.0,0.1,0.7,2,1000,0.3,0.18757538216550443,0.2928571428571428,0.12410087330712101,0.08646264807615578,0.47500000000000003,4.46754264831543,0.7,256.0,0.2,,,,,
0.3,0.6,0.3,5.0,0.1,0.7,2,1000,0.3,0.18757538216550443,0.2928571428571428,0.12410087330712101,0.08646264807615578,0.47500000000000003,3.7446861267089844,0.7,256.0,0.3,,,,,
0.3,0.6,0.3,5.0,0.1,0.7,2,1000,0.3,0.18757538216550443,0.2928571428571428,0.12410087330712101,0.08646264807615578,0.47500000000000003,3.2847845554351807,0.7,256.0,0.5,,,,,
0.3,0.6,0.3,5.0,0.1,0.7,2,1000,0.3,0.19242803925008117,0.2864285714285714,0.1088273480413572,0.07917371631562334,0.4685714285714285,3.5403153896331787,0.7,256.0,0.0,2.0,,,,
0.3,0.6,0.3,5.0,0.1,0.7,2,1000,0.3,0.18757538216550443,0.2928571428571428,0.12410087330712101,0.08646264807615578,0.47500000000000003,4.190234422683716,0.7,256.0,0.0,3.0,,,,
0.3,0.6,0.3,5.0,0.1,0.7,2,1000,0.3,0.24591976559713474,0.3692857142857143,0.1419524508519004,0.10477944652525864,0.48428571428571426,3.6654868125915527,0.7,256.0,0.0,5.0,,,,
0.3,0.6,0.3,5.0,0.1,0.7,2,1000,0.3,0.1804056004085503,0.2828571428571428,0.1156581868355905,0.0892448980615945,0.4700000000000001,3.4800021648406982,0.7,256.0,0.0,5.0,0.25,,,
0.3,0.6,0.3,5.0,0.1,0.7,2,1000,0.3,0.24591976559713474,0.3692857142857143,0.1419524508519004,0.10477944652525864,0.48428571428571426,3.4953858852386475,0.7,256.0,0.0,5.0,0.5,,,
0.3,0.6,0.3,5.0,0.1,0.7,2,1000,0.3,0.23392559772517615,0.3692857142857143,0.15830234542012525,0.112417887700951,0.485,4.0318443775177,0.7,256.0,0.0,5.0,1.0,,,
0.3,0.6,0.3,5.0,0.1,0.7,2,1000,0.3,0.245953610070704,0.3692857142857143,0.1418847619047619,0.10477944652525864,0.48428571428571426,3.9649059772491455,0.7,256.0,0.0,5.0,0.5,5.0,,
0.3,0.6,0.3,5.0,0.1,0.7,2,1000,0.3,0.24591976559713474,0.3692857142857143,0.1419524508519004,0.10477944652525864,0.48428571428571426,3.855902671813965,0.7,256.0,0.0,5.0,0.5,10.0,,
0.3,0.6,0.3,5.0,0.1,0.7,2,1000,0.3,0.24591976559713474,0.3692857142857143,0.1419524508519004,0.10477944652525864,0.48428571428571426,3.6600286960601807,0.7,256.0,0.0,5.0,0.5,20.0,,
0.3,0.6,0.3,5.0,0.1,0.7,2,1000,0.3,0.2525089343251751,0.36428571428571427,0.13041492573176058,0.09313863418931764,0.4757142857142857,4.157580852508545,0.7,256.0,0.0,5.0,0.5,5.0,0.5,
0.3,0.6,0.3,5.0,0.1,0.7,2,1000,0.3,0.245953610070704,0.3692857142857143,0.1418847619047619,0.10477944652525864,0.48428571428571426,3.7659714221954346,0.7,256.0,0.0,5.0,0.5,5.0,1.0,
0.3,0.6,0.3,5.0,0.1,0.7,2,1000,0.3,0.24591976559713474,0.3692857142857143,0.1419524508519004,0.10477944652525864,0.48428571428571426,3.8119606971740723,0.7,256.0,0.0,5.0,0.5,5.0,2.0,
0.3,0.6,0.3,5.0,0.1,0.7,2,1000,0.3,0.2514506571143391,0.36428571428571427,0.13100413237221492,0.09466598197053538,0.4764285714285715,4.168208122253418,0.7,256.0,0.0,5.0,0.5,5.0,0.5,4.0
0.3,0.6,0.3,5.0,0.1,0.7,2,1000,0.3,0.2525089343251751,0.36428571428571427,0.13041492573176058,0.09313863418931764,0.4757142857142857,4.084357738494873,0.7,256.0,0.0,5.0,0.5,5.0,0.5,6.0
0.3,0.6,0.3,5.0,0.1,0.7,2,1000,0.3,0.25269730697698817,0.36428571428571427,0.13003818042813456,0.09313863418931764,0.4757142857142857,3.667039632797241,0.7,256.0,0.0,5.0,0.5,5.0,0.5,8.0
0.3,0.6,0.3,5.0,0.1,0.7,2,1000,0.3,0.1689596169230997,0.2707142857142857,0.11617529474297363,0.08733404283939838,0.38999999999999996,4.086405515670776,0.6,256.0,0.0,5.0,0.5,5.0,0.5,8.0
0.3,0.6,0.3,5.0,0.1,0.7,2,1000,0.3,0.24805572436228412,0.36428571428571427,0.1307720353866317,0.10168794446022858,0.4757142857142857,2.9445292949676514,0.8,256.0,0.0,5.0,0.5,5.0,0.5,8.0
0.3,0.6,0.3,5.0,0.1,0.7,2,1000,0.3,0.24535532293042922,0.3628571428571428,0.1309443612931411,0.1040592785602861,0.47500000000000003,3.0012247562408447,0.9,256.0,0.0,5.0,0.5,5.0,0.5,8.0
0.3,0.6,0.3,5.0,0.1,0.7,2,1000,0.3,0.25015926095144914,0.36428571428571427,0.13059322673656618,0.09765967993196406,0.4764285714285714,3.432795286178589,0.7,8.0,0.0,5.0,0.5,5.0,0.5,8.0
0.3,0.6,0.3,5.0,0.1,0.7,2,1000,0.3,0.2518166277034439,0.36428571428571427,0.13030804237658364,0.0946301307879571,0.4764285714285714,3.9876914024353027,0.7,16.0,0.0,5.0,0.5,5.0,0.5,8.0
0.3,0.6,0.3,5.0,0.1,0.7,2,1000,0.3,0.2524302395258722,0.36428571428571427,0.13013393228484055,0.09357701723484355,0.4757142857142857,3.6270906925201416,0.7,24.0,0.0,5.0,0.5,5.0,0.5,8.0
0.3,0.6,0.3,5.0,0.1,0.7,2,1000,0.3,0.25270247758990516,0.36428571428571427,0.1300435377894277,0.09312293560219048,0.4757142857142857,3.9321813583374023,0.7,32.0,0.0,5.0,0.5,5.0,0.5,8.0
0.3,0.6,0.3,5.0,0.1,0.7,2,1000,0.3,0.25270247758990516,0.36428571428571427,0.1300435377894277,0.09312293560219048,0.4757142857142857,3.607173442840576,0.7,32.0,0.2,5.0,0.5,5.0,0.5,8.0
0.3,0.6,0.3,5.0,0.1,0.7,2,1000,0.3,0.25270247758990516,0.36428571428571427,0.1300435377894277,0.09312293560219048,0.4757142857142857,3.6845500469207764,0.7,32.0,0.3,5.0,0.5,5.0,0.5,8.0
0.3,0.6,0.3,5.0,0.1,0.7,2,1000,0.3,0.25270247758990516,0.36428571428571427,0.1300435377894277,0.09312293560219048,0.4757142857142857,4.089240789413452,0.7,32.0,0.5,5.0,0.5,5.0,0.5,8.0
0.3,0.6,0.3,5.0,0.1,0.7,2,1000,0.3,0.19498879865942514,0.2857142857142857,0.10592046381243628,0.07553051029728489,0.46714285714285714,3.3993020057678223,0.7,32.0,0.0,2.0,0.5,5.0,0.5,8.0
0.3,0.6,0.3,5.0,0.1,0.7,2,1000,0.3,0.19697750771901354,0.295,0.11719918872870248,0.0788457958332704,0.4692857142857143,3.323418140411377,0.7,32.0,0.0,3.0,0.5,5.0,0.5,8.0
0.3,0.6,0.3,5.0,0.1,0.7,2,1000,0.3,0.18774508616874908,0.285,0.11199903305664773,0.08251079460585406,0.46642857142857147,4.266321659088135,0.7,32.0,0.0,5.0,0.25,5.0,0.5,8.0
0.3,0.6,0.3,5.0,0.1,0.7,2,1000,0.3,0.25266699746758103,0.36428571428571427,0.13011449803407601,0.09312293560219048,0.4757142857142857,3.2148776054382324,0.7,32.0,0.0,5.0,1.0,5.0,0.5,8.0
0.3,0.6,0.3,5.0,0.1,0.7,2,1000,0.3,0.2468255586144907,0.3692857142857143,0.14130226955002184,0.10361804179242533,0.48428571428571426,3.010787010192871,0.7,32.0,0.0,5.0,0.5,10.0,0.5,8.0
0.3,0.6,0.3,5.0,0.1,0.7,2,1000,0.3,0.2459249362100518,0.3692857142857143,0.14195780821319354,0.10476374793813148,0.48428571428571426,2.933426856994629,0.7,32.0,0.0,5.0,0.5,20.0,0.5,8.0
0.3,0.6,0.3,5.0,0.1,0.7,2,1000,0.3,0.24595878068362104,0.3692857142857143,0.14189011926605505,0.10476374793813148,0.48428571428571426,2.733484983444214,0.7,32.0,0.0,5.0,0.5,5.0,1.0,8.0
0.3,0.6,0.3,5.0,0.1,0.7,2,1000,0.3,0.2459249362100518,0.3692857142857143,0.14195780821319354,0.10476374793813148,0.48428571428571426,2.4296345710754395,0.7,32.0,0.0,5.0,0.5,5.0,2.0,8.0
0.3,0.6,0.3,5.0,0.1,0.7,2,1000,0.3,0.25145582772725616,0.36428571428571427,0.13100948973350807,0.09465028338340822,0.4764285714285715,2.389010429382324,0.7,32.0,0.0,5.0,0.5,5.0,0.5,4.0
0.3,0.6,0.3,5.0,0.1,0.7,2,1000,0.3,0.2525141049380921,0.36428571428571427,0.13042028309305373,0.09312293560219048,0.4757142857142857,2.4967308044433594,0.7,32.0,0.0,5.0,0.5,5.0,0.5,6.0
