p_detection_threshold,p_early_exit_threshold,p_early_exit_low_threshold,J,timely,duty,attack_success,recall,eval_s,p_robust_z_on,p_robust_theta_min,p_robust_theta_max,p_robust_persist_k,p_content_cooldown_ms,p_content_overlap_thr
0.3,0.6,0.3,0.21223257747263674,0.37,0.17173554376001163,0.14379930129471483,0.4828571428571428,3.1019654273986816,,,,,,
0.3,0.6,0.3,0.20195066001264458,0.3635714285714286,0.17762840366972474,0.14561313344784327,0.475,3.7635085582733154,2.0,,,,,
0.3,0.6,0.3,0.20204143021797447,0.3635714285714286,0.17744686325906506,0.14561313344784327,0.47714285714285715,3.3324904441833496,3.0,,,,,
0.3,0.6,0.3,0.21223257747263674,0.37,0.17173554376001163,0.14379930129471483,0.4828571428571428,3.254173517227173,4.0,,,,,
0.3,0.6,0.3,0.2160186267752292,0.37214285714285705,0.1710558814620649,0.14119257927319076,0.48357142857142854,3.7103829383850098,5.0,,,,,
0.3,0.6,0.3,0.21565988652854448,0.37071428571428566,0.17090162196009898,0.13920717641138342,0.4842857142857143,4.291445732116699,6.0,,,,,
0.3,0.6,0.3,0.2160186267752292,0.37214285714285705,0.1710558814620649,0.14119257927319076,0.48357142857142854,3.782938003540039,5.0,0.1,,,,
0.3,0.6,0.3,0.2160186267752292,0.37214285714285705,0.1710558814620649,0.14119257927319076,0.48357142857142854,3.9959943294525146,5.0,0.15,,,,
0.3,0.6,0.3,0.2160186267752292,0.37214285714285705,0.1710558814620649,0.14119257927319076,0.48357142857142854,3.5920021533966064,5.0,0.2,,,,
0.3,0.6,0.3,0.2160186267752292,0.37214285714285705,0.1710558814620649,0.14119257927319076,0.48357142857142854,4.068491458892822,5.0,0.25,,,,
0.3,0.6,0.3,0.2160186267752292,0.37214285714285705,0.1710558814620649,0.14119257927319076,0.48357142857142854,3.276956081390381,5.0,0.3,,,,
0.3,0.6,0.3,0.2114650830045703,0.3685714285714286,0.1773412008154944,0.13687149031822218,0.47928571428571426,4.08831000328064,5.0,0.1,0.4,,,
0.3,0.6,0.3,0.2106769052088696,0.3685714285714286,0.17365198864132808,0.14213705808378999,0.47928571428571426,3.916621208190918,5.0,0.1,0.45,,,
0.3,0.6,0.3,0.2143508713868491,0.3714285714285714,0.1724834582787243,0.14167194180472023,0.4828571428571428,3.499945878982544,5.0,0.1,0.5,,,
0.3,0.6,0.3,0.2160186267752292,0.37214285714285705,0.1710558814620649,0.14119257927319076,0.48357142857142854,3.4114110469818115,5.0,0.1,0.55,,,
0.3,0.6,0.3,0.21608568080211615,0.37214285714285705,0.1715793366826853,0.14053501599879645,0.4828571428571428,3.8071231842041016,5.0,0.1,0.6,,,
0.3,0.6,0.3,0.22326622835979265,0.37071428571428566,0.16407162035823503,0.13082449435075091,0.4857142857142857,3.4972429275512695,5.0,0.1,0.7,,,
0.3,0.6,0.3,0.19834491024449172,0.3685714285714286,0.168652249162662,0.1718007874912118,0.47714285714285715,3.764606237411499,5.0,0.1,0.7,1.0,,
0.3,0.6,0.3,0.22326622835979265,0.37071428571428566,0.16407162035823503,0.13082449435075091,0.4857142857142857,4.0684425830841064,5.0,0.1,0.7,2.0,,
0.3,0.6,0.3,0.09680447841999962,0.24500000000000005,0.1664987869520897,0.12989225620791117,0.4785714285714286,3.8556151390075684,5.0,0.1,0.7,3.0,,
0.3,0.6,0.3,0.20373987337231234,0.46642857142857147,0.3035050665501674,0.22187232956235087,0.5314285714285714,3.7354555130004883,5.0,0.1,0.7,2.0,500.0,
0.3,0.6,0.3,0.22326622835979265,0.37071428571428566,0.16407162035823503,0.13082449435075091,0.4857142857142857,3.871546745300293,5.0,0.1,0.7,2.0,1000.0,
0.3,0.6,0.3,0.09994193602208117,0.18714285714285714,0.09058634090578128,0.08381550133577068,0.4264285714285715,3.4187278747558594,5.0,0.1,0.7,2.0,2000.0,
0.3,0.6,0.3,0.02894664535397376,0.10357142857142856,0.07487030144167758,0.07437926499323202,0.28928571428571426,3.3823065757751465,5.0,0.1,0.7,2.0,3000.0,
0.3,0.6,0.3,0.2228321823415787,0.3692857142857143,0.16390910615989512,0.12899795772837605,0.4864285714285714,3.7409684658050537,5.0,0.1,0.7,2.0,1000.0,0.2
0.3,0.6,0.3,0.22326622835979265,0.37071428571428566,0.16407162035823503,0.13082449435075091,0.4857142857142857,4.118135690689087,5.0,0.1,0.7,2.0,1000.0,0.3
0.3,0.6,0.3,0.2136971347717338,0.37,0.16817457536041935,0.14443115509611304,0.4878571428571429,3.2479724884033203,5.0,0.1,0.7,2.0,1000.0,0.5
0.3,0.6,0.3,0.21042219180479835,0.3635714285714286,0.1703158853939129,0.13598258813934755,0.4757142857142857,3.5234601497650146,2.0,0.1,0.7,2.0,1000.0,0.3
0.3,0.6,0.3,0.2113650472337731,0.3642857142857143,0.17037156647735544,0.13546976762652702,0.47928571428571426,3.4529693126678467,3.0,0.1,0.7,2.0,1000.0,0.3
0.3,0.6,0.3,0.22023917952527725,0.3692857142857142,0.16445777151594582,0.13363529800492807,0.48428571428571426,4.11119818687439,4.0,0.1,0.7,2.0,1000.0,0.3
0.3,0.6,0.3,0.22088667376199503,0.36714285714285716,0.1636683363914373,0.12884403037028697,0.4857142857142857,3.65482497215271,6.0,0.1,0.7,2.0,1000.0,0.3
0.3,0.6,0.3,0.22326622835979265,0.37071428571428566,0.16407162035823503,0.13082449435075091,0.4857142857142857,3.6516737937927246,5.0,0.15,0.7,2.0,1000.0,0.3
0.3,0.6,0.3,0.22326622835979265,0.37071428571428566,0.16407162035823503,0.13082449435075091,0.4857142857142857,3.360811710357666,5.0,0.2,0.7,2.0,1000.0,0.3
0.3,0.6,0.3,0.22326622835979265,0.37071428571428566,0.16407162035823503,0.13082449435075091,0.4857142857142857,3.741917371749878,5.0,0.25,0.7,2.0,1000.0,0.3
0.3,0.6,0.3,0.22326622835979265,0.37071428571428566,0.16407162035823503,0.13082449435075091,0.4857142857142857,3.1316921710968018,5.0,0.3,0.7,2.0,1000.0,0.3
0.3,0.6,0.3,0.2114650830045703,0.3685714285714286,0.1773412008154944,0.13687149031822218,0.47928571428571426,3.567906379699707,5.0,0.1,0.4,2.0,1000.0,0.3
0.3,0.6,0.3,0.2106769052088696,0.3685714285714286,0.17365198864132808,0.14213705808378999,0.47928571428571426,3.143343210220337,5.0,0.1,0.45,2.0,1000.0,0.3
0.3,0.6,0.3,0.2143508713868491,0.3714285714285714,0.1724834582787243,0.14167194180472023,0.4828571428571428,3.765949249267578,5.0,0.1,0.5,2.0,1000.0,0.3
0.3,0.6,0.3,0.2160186267752292,0.37214285714285705,0.1710558814620649,0.14119257927319076,0.48357142857142854,3.419872283935547,5.0,0.1,0.55,2.0,1000.0,0.3
0.3,0.6,0.3,0.21608568080211615,0.37214285714285705,0.1715793366826853,0.14053501599879645,0.4828571428571428,3.2285189628601074,5.0,0.1,0.6,2.0,1000.0,0.3
0.3,0.6,0.3,0.19834491024449172,0.3685714285714286,0.168652249162662,0.1718007874912118,0.47714285714285715,3.59753680229187,5.0,0.1,0.7,1.0,1000.0,0.3
0.3,0.6,0.3,0.09680447841999962,0.24500000000000005,0.1664987869520897,0.12989225620791117,0.4785714285714286,3.6850905418395996,5.0,0.1,0.7,3.0,1000.0,0.3
0.3,0.6,0.3,0.20373987337231234,0.46642857142857147,0.3035050665501674,0.22187232956235087,0.5314285714285714,4.185015916824341,5.0,0.1,0.7,2.0,500.0,0.3
0.3,0.6,0.3,0.09994193602208117,0.18714285714285714,0.09058634090578128,0.08381550133577068,0.4264285714285715,3.822624444961548,5.0,0.1,0.7,2.0,2000.0,0.3
0.3,0.6,0.3,0.02894664535397376,0.10357142857142856,0.07487030144167758,0.07437926499323202,0.28928571428571426,3.306959867477417,5.0,0.1,0.7,2.0,3000.0,0.3
