p_detection_threshold,p_early_exit_threshold,p_early_exit_low_threshold,p_trigger_threshold,p_cooldown_ms,p_adaptive_gain,p_adaptive_noise_ref,J,timely,duty,attack_success,recall,eval_s,p_rate_limit,p_burst_threshold,p_replay_feature_eps,p_consistency_threshold,p_duplicate_window_ms
0.3,0.6,0.3,0.3,500,1.0,0.1,-0.008005823527272353,0.0014285714285714286,0.00888533493519732,0.009983454976490242,0.0014285714285714286,3.823668956756592,,,,,
0.3,0.6,0.3,0.3,500,1.0,0.1,-0.008005823527272353,0.0014285714285714286,0.00888533493519732,0.009983454976490242,0.0014285714285714286,4.055602312088013,10.0,,,,
0.3,0.6,0.3,0.3,500,1.0,0.1,-0.008005823527272353,0.0014285714285714286,0.00888533493519732,0.009983454976490242,0.0014285714285714286,3.994159460067749,20.0,,,,
0.3,0.6,0.3,0.3,500,1.0,0.1,-0.008005823527272353,0.0014285714285714286,0.00888533493519732,0.009983454976490242,0.0014285714285714286,3.17484974861145,60.0,,,,
0.3,0.6,0.3,0.3,500,1.0,0.1,-0.008005823527272353,0.0014285714285714286,0.00888533493519732,0.009983454976490242,0.0014285714285714286,3.9673824310302734,120.0,,,,
0.3,0.6,0.3,0.3,500,1.0,0.1,-0.0027233003388725907,0.0,0.004570400465996797,0.0008762002117483845,0.0,3.476506233215332,10.0,5.0,,,
0.3,0.6,0.3,0.3,500,1.0,0.1,-0.008005823527272353,0.0014285714285714286,0.00888533493519732,0.009983454976490242,0.0014285714285714286,3.6760764122009277,10.0,10.0,,,
0.3,0.6,0.3,0.3,500,1.0,0.1,0.09281628715642756,0.1335714285714286,0.05058626197757389,0.030924020852428187,0.17071428571428568,3.9056057929992676,10.0,30.0,,,
0.3,0.6,0.3,0.3,500,1.0,0.1,0.12433544095987453,0.19214285714285714,0.10143324129896605,0.034181591066999154,0.2557142857142857,4.5872275829315186,10.0,60.0,,,
0.3,0.6,0.3,0.3,500,1.0,0.1,0.12419513056232104,0.19214285714285714,0.10171386209407308,0.034181591066999154,0.2571428571428572,3.511591672897339,10.0,60.0,0.005,,
0.3,0.6,0.3,0.3,500,1.0,0.1,0.12433544095987453,0.19214285714285714,0.10143324129896605,0.034181591066999154,0.2557142857142857,3.4263668060302734,10.0,60.0,0.01,,
0.3,0.6,0.3,0.3,500,1.0,0.1,0.12113213592905162,0.18857142857142858,0.10097025265763797,0.033908332627115956,0.26000000000000006,4.335199594497681,10.0,60.0,0.03,,
0.3,0.6,0.3,0.3,500,1.0,0.1,0.11920796079939025,0.18571428571428572,0.09976854186689967,0.03324410796289129,0.2571428571428572,4.066651821136475,10.0,60.0,0.05,,
0.3,0.6,0.3,0.3,500,1.0,0.1,0.12606041364782802,0.19428571428571426,0.10207848201543614,0.03437211926033634,0.2557142857142857,3.8640098571777344,10.0,60.0,0.01,0.0,
0.3,0.6,0.3,0.3,500,1.0,0.1,0.1261873301285289,0.19428571428571426,0.10209491932430463,0.034101848990066075,0.2557142857142857,3.764350175857544,10.0,60.0,0.01,0.3,
0.3,0.6,0.3,0.3,500,1.0,0.1,0.12433544095987453,0.19214285714285714,0.10143324129896605,0.034181591066999154,0.2557142857142857,3.939882516860962,10.0,60.0,0.01,0.5,
0.3,0.6,0.3,0.3,500,1.0,0.1,0.14368283627707645,0.20714285714285713,0.09347503261977573,0.03344500911178561,0.3307142857142856,3.5976107120513916,10.0,60.0,0.01,0.7,
0.3,0.6,0.3,0.3,500,1.0,0.1,0.10047750582650437,0.15428571428571428,0.079444250327654,0.028172166590765796,0.2842857142857143,3.5943944454193115,10.0,60.0,0.01,0.7,500.0
0.3,0.6,0.3,0.3,500,1.0,0.1,0.14368283627707645,0.20714285714285713,0.09347503261977573,0.03344500911178561,0.3307142857142856,4.030333042144775,10.0,60.0,0.01,0.7,2000.0
0.3,0.6,0.3,0.3,500,1.0,0.1,0.14101991632220304,0.20714285714285713,0.0979183573612931,0.034327524280015065,0.33214285714285713,3.900254249572754,20.0,60.0,0.01,0.7,2000.0
0.3,0.6,0.3,0.3,500,1.0,0.1,0.14101991632220304,0.20714285714285713,0.0979183573612931,0.034327524280015065,0.33214285714285713,3.4868409633636475,60.0,60.0,0.01,0.7,2000.0
0.3,0.6,0.3,0.3,500,1.0,0.1,0.14101991632220304,0.20714285714285713,0.0979183573612931,0.034327524280015065,0.33214285714285713,3.6261212825775146,120.0,60.0,0.01,0.7,2000.0
0.3,0.6,0.3,0.3,500,1.0,0.1,-0.00048099581611049495,0.0,0.0005224311926605503,0.00043956043956043956,0.0,3.4887468814849854,10.0,5.0,0.01,0.7,2000.0
0.3,0.6,0.3,0.3,500,1.0,0.1,-0.0017683922873381098,0.0007142857142857143,0.001099065093927479,0.003866290909320169,0.0007142857142857143,3.70585036277771,10.0,10.0,0.01,0.7,2000.0
0.3,0.6,0.3,0.3,500,1.0,0.1,0.03444253465043447,0.05642857142857143,0.029219491189748065,0.014752582366525862,0.12928571428571428,4.218751430511475,10.0,30.0,0.01,0.7,2000.0
0.3,0.6,0.3,0.3,500,1.0,0.1,0.1440954924252097,0.2092857142857143,0.09461309028687927,0.035767353434129935,0.33428571428571424,3.720472812652588,10.0,60.0,0.005,0.7,2000.0
0.3,0.6,0.3,0.3,500,1.0,0.1,0.1422120600654374,0.2,0.08836078331148971,0.027215096557635498,0.3249999999999999,3.3609156608581543,10.0,60.0,0.03,0.7,2000.0
0.3,0.6,0.3,0.3,500,1.0,0.1,0.13908894031923053,0.19500000000000003,0.08572579292267365,0.02609632643886538,0.3178571428571428,3.5437171459198,10.0,60.0,0.05,0.7,2000.0
0.3,0.6,0.3,0.3,500,1.0,0.1,0.12615489981354813,0.19428571428571426,0.10211173190621814,0.03414989703811412,0.2564285714285714,3.897115707397461,10.0,60.0,0.005,0.0,2000.0
0.3,0.6,0.3,0.3,500,1.0,0.1,0.126282444297744,0.19428571428571426,0.10212691320809668,0.033879626767843854,0.2564285714285714,3.5738728046417236,10.0,60.0,0.005,0.3,2000.0
0.3,0.6,0.3,0.3,500,1.0,0.1,0.12419513056232104,0.19214285714285714,0.10171386209407308,0.034181591066999154,0.2571428571428572,4.21134090423584,10.0,60.0,0.005,0.5,2000.0
0.3,0.6,0.3,0.3,500,1.0,0.1,0.14847178642074632,0.2057142857142857,0.08550976205038589,0.028975236536692883,0.3335714285714285,4.238012075424194,10.0,60.0,0.005,0.7,500.0
