cond,cls,feature,count,mean,std,min,5%,25%,50%,75%,95%,max
clean,background,edge_change_score,71.0,0.11636056338028165,0.113175174560594,0.0219,0.0369,0.05995,0.0792,0.1006,0.3759,0.5848
clean,background,fg_count,71.0,23.225352112676056,28.935987076450857,3.0,4.0,5.0,7.0,34.0,94.5,125.0
clean,background,mog2_fg,71.0,0.010214929577464789,0.022207814317953132,0.00065,0.00098,0.00163,0.00228,0.00521,0.06722,0.11328
clean,background,motion_score,71.0,0.0906450704225352,0.21363352050297482,0.0,0.0,0.013,0.0195,0.0456,0.64775,1.0
clean,background,noise_score,71.0,0.40138732394366194,0.02049295300185941,0.381,0.38180000000000003,0.3837,0.3895,0.4179,0.43435,0.4415
clean,background,r2_consistency,71.0,0.9183408450704224,0.10088629891044217,0.522,0.67795,0.9199999999999999,0.9379,0.969,1.0,1.0
clean,background,r2_motion,71.0,0.09165774647887323,0.2135969152144637,0.0,0.0,0.013,0.026,0.0456,0.65105,1.0
clean,background,r2_temporal,71.0,0.12748028169014086,0.18956422704999584,0.0109,0.0152,0.0195,0.026,0.1465,0.6065499999999999,0.8811
clean,background,r2_visual,71.0,0.12676197183098592,0.21308846209041057,0.0,0.0,0.0,0.0,0.1667,0.66665,0.8333
clean,background,sensor_consistency_score,71.0,0.9176985915492958,0.10070036387075378,0.522,0.67795,0.9196,0.9379,0.9672499999999999,1.0,1.0
clean,background,temporal_change_score,71.0,0.12794647887323946,0.19098461481116064,0.0109,0.0141,0.01845,0.0239,0.1508,0.612,0.8811
clean,background,visual_score,71.0,0.13145774647887326,0.21392589682409177,0.0,0.0,0.0,0.0,0.1667,0.66665,0.8333
clean,object,edge_change_score,968.0,0.49136983471074375,0.3168982867024804,0.0,0.060405,0.1746,0.49534999999999996,0.75915,1.0,1.0
clean,object,fg_count,968.0,106.43698347107438,73.19282346243405,0.0,11.0,38.0,94.5,161.25,243.0,286.0
clean,object,mog2_fg,968.0,0.051407541322314045,0.08953380888902336,0.0,0.00326,0.0127,0.03516,0.0655125,0.12086249999999998,1.0
clean,object,motion_score,968.0,0.6033297520661158,0.38724463252841707,0.0,0.0195,0.1823,0.7096,1.0,1.0,1.0
clean,object,noise_score,968.0,0.4496714876033058,0.05913438652910486,0.3082,0.33909,0.4026,0.4424,0.501425,0.5434,0.5806
clean,object,r2_consistency,968.0,0.8690753099173554,0.12770686201571857,0.4984,0.623735,0.7739750000000001,0.91525,0.9772,1.0,1.0
clean,object,r2_motion,968.0,0.6078505165289256,0.3853807378317839,0.0,0.02177500000000001,0.1888,0.7161,1.0,1.0,1.0
clean,object,r2_temporal,968.0,0.5246484504132232,0.3464901562440385,0.0,0.0412,0.17417500000000002,0.485,0.89245,1.0,1.0
clean,object,r2_visual,968.0,0.587379958677686,0.3776621076854071,0.0,0.0,0.1667,0.5833,1.0,1.0,1.0
clean,object,sensor_consistency_score,968.0,0.8718023760330579,0.1265287178758083,0.4984,0.625235,0.7772749999999999,0.9204,0.977225,1.0,1.0
clean,object,temporal_change_score,968.0,0.5254530991735538,0.3546453128730385,0.0,0.039835,0.1671,0.4536,0.948925,1.0,1.0
clean,object,visual_score,968.0,0.5792016528925621,0.3748069913744953,0.0,0.0,0.1667,0.5833,1.0,1.0,1.0
noisy,background,edge_change_score,71.0,0.2901225352112676,0.10641778744603488,0.1505,0.1854,0.22435,0.2609,0.3113,0.5058,0.6953
noisy,background,fg_count,71.0,15.04225352112676,24.174033660531773,0.0,1.0,1.0,4.0,14.5,68.0,114.0
noisy,background,mog2_fg,71.0,0.005846197183098591,0.017314771098375367,0.0,0.0,0.0,0.00065,0.002765,0.028650000000000002,0.09993
noisy,background,motion_score,71.0,0.5670492957746479,0.4692298486039923,0.0,0.0,0.0293,0.9375,1.0,1.0,1.0
noisy,background,noise_score,71.0,0.2439535211267605,0.02754216938745756,0.1995,0.20455,0.2229,0.2421,0.26115,0.29375,0.3059
noisy,background,r2_consistency,71.0,0.7576985915492958,0.06954303393882452,0.5608,0.6572,0.7283999999999999,0.7658,0.7845,0.8687499999999999,0.9522
noisy,background,r2_motion,71.0,0.06922394366197182,0.18830239317558853,0.0,0.0,0.0,0.0065,0.01625,0.5599000000000001,0.8789
noisy,background,r2_temporal,71.0,0.0833253521126761,0.16304399819707727,0.0,0.0022,0.0043,0.0109,0.05645,0.44920000000000004,0.7986
noisy,background,r2_visual,71.0,0.05985633802816902,0.1374209900086949,0.0,0.0,0.0,0.0,0.0,0.375,0.5833
noisy,background,sensor_consistency_score,71.0,0.5305943661971833,0.2671122556354612,0.1605,0.19355,0.25835,0.5902,0.7723,0.9033,0.9666
noisy,background,temporal_change_score,71.0,0.16250845070422532,0.24627958951825396,0.0,0.0,0.0098,0.0369,0.1953,0.7357,1.0
noisy,background,visual_score,71.0,0.3392028169014084,0.3663200442906375,0.0,0.0,0.0,0.1667,0.625,1.0,1.0
noisy,object,edge_change_score,968.0,0.6264853305785124,0.26451172000959533,0.0,0.254585,0.3617,0.63835,0.8674499999999999,1.0,1.0
noisy,object,fg_count,968.0,67.52272727272727,50.37221846383125,0.0,5.0,20.0,61.0,104.0,167.64999999999998,203.0
noisy,object,mog2_fg,968.0,0.0341214979338843,0.08717119454234877,0.0,0.0013,0.0070799999999999995,0.01855,0.0397925,0.07680699999999997,1.0
noisy,object,motion_score,968.0,0.7258603305785125,0.36364765219927614,0.0,0.0456,0.4492,1.0,1.0,1.0,1.0
noisy,object,noise_score,968.0,0.2731397727272727,0.04218747858400774,0.1687,0.20807,0.243275,0.27155,0.30045,0.34929499999999997,0.3917
noisy,object,r2_consistency,968.0,0.8470289256198347,0.11672049498887249,0.4976,0.64317,0.7637,0.8561000000000001,0.9524250000000001,1.0,1.0
noisy,object,r2_motion,968.0,0.5036733471074379,0.37940131832097973,0.0,0.0065,0.1042,0.4948,0.9375,1.0,1.0
noisy,object,r2_temporal,968.0,0.33031022727272724,0.268002673142509,0.0,0.01597,0.0846,0.2702,0.52355,0.8529,1.0
noisy,object,r2_visual,968.0,0.39600402892561987,0.3363224242371662,0.0,0.0,0.0833,0.3333,0.6667,1.0,1.0
noisy,object,sensor_consistency_score,968.0,0.758955888429752,0.22010844494270104,0.138,0.29983,0.645475,0.8066,0.939025,1.0,1.0
noisy,object,temporal_change_score,968.0,0.4392040289256198,0.33040494920543945,0.0,0.026,0.1237,0.36785,0.7313,1.0,1.0
noisy,object,visual_score,968.0,0.6014120867768594,0.3650320513878453,0.0,0.0,0.25,0.6667,1.0,1.0,1.0
