scenario,mode,energy_per_hour_J,saving_vs_always_on_%,M4_share_%,energy_per_useful_detection_J,security_energy_J,duty_cycle_%
normal,always_on,1516.8 ± 0.1,0.0 ± 0.0,1.2,7.04 ± 34.08,0.0000 ± 0.0000,100.00 ± 0.00
normal,motion_only,259.4 ± 42.2,82.9 ± 2.8,83.3,3.51 ± 23.19,0.0000 ± 0.0000,1.00 ± 2.90
normal,fixed_threshold,260.1 ± 66.2,82.9 ± 4.4,83.1,3.39 ± 24.37,0.0000 ± 0.0000,1.05 ± 4.54
normal,event,256.9 ± 45.2,83.1 ± 3.0,84.1,3.36 ± 24.34,0.0000 ± 0.0000,0.83 ± 3.12
normal,event_no_early_exit,260.1 ± 66.2,82.9 ± 4.4,83.1,3.39 ± 24.37,0.0000 ± 0.0000,1.05 ± 4.54
normal,secure,256.2 ± 37.4,83.1 ± 2.5,84.3,3.41 ± 23.73,0.0005 ± 0.0019,0.79 ± 2.59
busy,always_on,1516.5 ± 1.4,0.0 ± 0.0,1.2,1.39 ± 4.36,0.0000 ± 0.0000,100.00 ± 0.00
busy,motion_only,296.4 ± 214.5,80.5 ± 14.2,72.9,0.76 ± 2.23,0.0000 ± 0.0000,3.54 ± 14.69
busy,fixed_threshold,306.7 ± 200.4,79.8 ± 13.2,70.4,0.60 ± 1.48,0.0000 ± 0.0000,4.24 ± 13.72
busy,event,290.8 ± 153.2,80.8 ± 10.1,74.3,0.57 ± 1.43,0.0000 ± 0.0000,3.17 ± 10.53
busy,event_no_early_exit,306.1 ± 192.6,79.8 ± 12.7,70.6,0.60 ± 1.44,0.0000 ± 0.0000,4.20 ± 13.18
busy,secure,287.6 ± 137.0,81.0 ± 9.1,75.1,0.61 ± 1.42,0.0018 ± 0.0058,2.95 ± 9.41
trigger_spam,always_on,1516.8 ± 0.1,0.0 ± 0.0,1.2,7.04 ± 34.08,0.0000 ± 0.0000,100.00 ± 0.00
trigger_spam,motion_only,259.4 ± 42.2,82.9 ± 2.8,83.3,3.51 ± 23.19,0.0000 ± 0.0000,1.00 ± 2.90
trigger_spam,fixed_threshold,260.1 ± 66.2,82.9 ± 4.4,83.1,3.39 ± 24.37,0.0000 ± 0.0000,1.05 ± 4.54
trigger_spam,event,256.9 ± 45.2,83.1 ± 3.0,84.1,3.36 ± 24.34,0.0000 ± 0.0000,0.83 ± 3.12
trigger_spam,event_no_early_exit,260.1 ± 66.2,82.9 ± 4.4,83.1,3.39 ± 24.37,0.0000 ± 0.0000,1.05 ± 4.54
trigger_spam,secure,256.2 ± 37.4,83.1 ± 2.5,84.3,3.41 ± 23.73,0.0005 ± 0.0019,0.79 ± 2.59
replay,always_on,1516.7 ± 0.2,0.0 ± 0.0,1.2,7.12 ± 33.09,0.0000 ± 0.0000,100.00 ± 0.00
replay,motion_only,268.9 ± 68.3,82.3 ± 4.5,80.3,3.70 ± 22.78,0.0000 ± 0.0000,1.65 ± 4.68
replay,fixed_threshold,269.7 ± 92.2,82.2 ± 6.1,80.1,3.62 ± 23.46,0.0000 ± 0.0000,1.71 ± 6.31
replay,event,262.6 ± 64.0,82.7 ± 4.2,82.3,3.54 ± 23.19,0.0000 ± 0.0000,1.23 ± 4.42
replay,event_no_early_exit,269.7 ± 92.2,82.2 ± 6.1,80.1,3.62 ± 23.46,0.0000 ± 0.0000,1.71 ± 6.31
replay,secure,259.0 ± 54.8,82.9 ± 3.6,83.4,3.57 ± 22.10,0.0007 ± 0.0027,0.98 ± 3.78
mixed,always_on,1516.7 ± 0.6,0.0 ± 0.0,1.2,6.97 ± 35.01,0.0000 ± 0.0000,100.00 ± 0.00
mixed,motion_only,267.0 ± 139.9,82.4 ± 9.2,80.9,3.56 ± 22.56,0.0000 ± 0.0000,1.52 ± 9.59
mixed,fixed_threshold,268.5 ± 173.1,82.3 ± 11.4,80.5,3.44 ± 23.78,0.0000 ± 0.0000,1.62 ± 11.86
mixed,event,262.6 ± 117.7,82.7 ± 7.8,82.3,3.39 ± 23.93,0.0000 ± 0.0000,1.22 ± 8.13
mixed,event_no_early_exit,268.5 ± 173.1,82.3 ± 11.4,80.5,3.44 ± 23.78,0.0000 ± 0.0000,1.62 ± 11.86
mixed,secure,258.8 ± 69.2,82.9 ± 4.6,83.5,3.42 ± 23.54,0.0007 ± 0.0051,0.96 ± 4.78
