scenario,mode,n_seeds,duty_cycle_%,wakeups,energy_per_hour_J,episode_recall,onset_latency_p95_ms,false_alarms_per_hour
normal,always_on,2,100.00 ± 0.00,1.0 ± 0.0,1516.8 ± 0.1,0.900 ± 1.271,439.6 ± 529.8,0.00 ± 0.00
normal,motion_only,2,1.00 ± 2.90,11.5 ± 31.8,259.4 ± 42.2,0.800 ± 2.541,276.4 ± 100.4,0.00 ± 0.00
normal,fixed_threshold,2,1.05 ± 4.54,12.0 ± 50.8,260.1 ± 66.2,0.800 ± 2.541,282.3 ± 93.3,0.00 ± 0.00
normal,event,2,0.83 ± 3.12,12.0 ± 50.8,256.9 ± 45.2,0.729 ± 1.634,277.8 ± 36.7,0.00 ± 0.00
normal,event_no_early_exit,2,1.05 ± 4.54,12.0 ± 50.8,260.1 ± 66.2,0.800 ± 2.541,282.3 ± 93.3,0.00 ± 0.00
normal,secure,2,0.79 ± 2.59,11.5 ± 44.5,256.2 ± 37.4,0.729 ± 1.634,278.5 ± 40.1,0.00 ± 0.00
busy,always_on,2,100.00 ± 0.00,1.0 ± 0.0,1516.5 ± 1.4,0.957 ± 0.012,466.3 ± 120.3,12.00 ± 0.00
busy,motion_only,2,3.54 ± 14.69,40.5 ± 171.5,296.4 ± 214.5,0.713 ± 0.058,286.8 ± 77.1,6.00 ± 76.24
busy,fixed_threshold,2,4.24 ± 13.72,48.5 ± 158.8,306.7 ± 200.4,0.808 ± 0.322,289.3 ± 42.9,0.00 ± 0.00
busy,event,2,3.17 ± 10.53,48.0 ± 152.5,290.8 ± 153.2,0.808 ± 0.322,282.5 ± 82.0,0.00 ± 0.00
busy,event_no_early_exit,2,4.20 ± 13.18,48.0 ± 152.5,306.1 ± 192.6,0.808 ± 0.322,289.3 ± 42.4,0.00 ± 0.00
busy,secure,2,2.95 ± 9.41,44.5 ± 133.4,287.6 ± 137.0,0.786 ± 0.598,283.4 ± 75.7,0.00 ± 0.00
trigger_spam,always_on,2,100.00 ± 0.00,1.0 ± 0.0,1516.8 ± 0.1,0.900 ± 1.271,439.6 ± 529.8,0.00 ± 0.00
trigger_spam,motion_only,2,1.00 ± 2.90,11.5 ± 31.8,259.4 ± 42.2,0.800 ± 2.541,276.4 ± 100.4,0.00 ± 0.00
trigger_spam,fixed_threshold,2,1.05 ± 4.54,12.0 ± 50.8,260.1 ± 66.2,0.800 ± 2.541,282.3 ± 93.3,0.00 ± 0.00
trigger_spam,event,2,0.83 ± 3.12,12.0 ± 50.8,256.9 ± 45.2,0.729 ± 1.634,277.8 ± 36.7,0.00 ± 0.00
trigger_spam,event_no_early_exit,2,1.05 ± 4.54,12.0 ± 50.8,260.1 ± 66.2,0.800 ± 2.541,282.3 ± 93.3,0.00 ± 0.00
trigger_spam,secure,2,0.79 ± 2.59,11.5 ± 44.5,256.2 ± 37.4,0.729 ± 1.634,278.5 ± 40.1,0.00 ± 0.00
replay,always_on,2,100.00 ± 0.00,1.0 ± 0.0,1516.7 ± 0.2,0.900 ± 1.271,417.6 ± 53.8,204.00 ± 762.37
replay,motion_only,2,1.65 ± 4.68,19.0 ± 50.8,268.9 ± 68.3,0.800 ± 2.541,285.2 ± 65.8,90.00 ± 228.71
replay,fixed_threshold,2,1.71 ± 6.31,19.5 ± 69.9,269.7 ± 92.2,0.800 ± 2.541,288.0 ± 52.1,90.00 ± 228.71
replay,event,2,1.23 ± 4.42,19.5 ± 69.9,262.6 ± 64.0,0.729 ± 1.634,276.0 ± 76.0,90.00 ± 228.71
replay,event_no_early_exit,2,1.71 ± 6.31,19.5 ± 69.9,269.7 ± 92.2,0.800 ± 2.541,288.0 ± 52.1,90.00 ± 228.71
replay,secure,2,0.98 ± 3.78,14.5 ± 57.2,259.0 ± 54.8,0.729 ± 1.634,278.8 ± 64.2,36.00 ± 152.47
mixed,always_on,2,100.00 ± 0.00,1.0 ± 0.0,1516.7 ± 0.6,0.900 ± 1.271,438.2 ± 512.9,168.00 ± 2134.64
mixed,motion_only,2,1.52 ± 9.59,17.5 ± 108.0,267.0 ± 139.9,0.800 ± 2.541,278.9 ± 132.0,66.00 ± 838.61
mixed,fixed_threshold,2,1.62 ± 11.86,18.5 ± 133.4,268.5 ± 173.1,0.800 ± 2.541,283.1 ± 104.0,72.00 ± 914.85
mixed,event,2,1.22 ± 8.13,18.5 ± 133.4,262.6 ± 117.7,0.729 ± 1.634,282.1 ± 90.8,72.00 ± 914.85
mixed,event_no_early_exit,2,1.62 ± 11.86,18.5 ± 133.4,268.5 ± 173.1,0.800 ± 2.541,283.1 ± 104.0,72.00 ± 914.85
mixed,secure,2,0.96 ± 4.78,14.5 ± 82.6,258.8 ± 69.2,0.729 ± 1.634,282.2 ± 87.4,30.00 ± 381.19
