p_ugs_z0,p_ugs_a_on,p_ugs_dt_retry_ms,p_ugs_dt_track_ms,p_ugs_k_retry,p_ugs_awake_factor,UR_timely,UR_track,UR_burst,UR_frame,timely_recall,duty,energy_per_min_mJ,noisy_UR_timely
2.0,8.0,500,2000,2,0.5,0.5836177474402731,0.9041450777202072,0.6332046332046332,0.14028932570769453,0.4312736443883985,0.11946592433552973,6962.290631642853,0.5638051044083526
2.0,8.0,500,2000,3,0.5,0.5938566552901023,0.9041450777202072,0.638996138996139,0.14379776036910655,0.43883984867591425,0.12202847856666914,7023.832268853189,0.5777262180974478
2.0,6.0,500,2000,3,0.5,0.6467576791808873,0.9106217616580311,0.6988416988416989,0.145287643581487,0.47793190416141235,0.12493974531724292,7093.527321344488,0.6218097447795824
2.0,4.5,500,2000,3,0.5,0.6552901023890785,0.9145077720207254,0.7084942084942085,0.14850771375018024,0.4842370744010088,0.12772087806322646,7159.722249026431,0.6264501160092807
1.0,6.0,500,2000,2,1.0,0.6672354948805461,0.9261658031088082,0.7162162162162162,0.1570625270341712,0.4930643127364439,0.13726468942030057,7389.222561842008,0.62877030162413
0.5,4.5,500,2000,2,0.5,0.6774744027303754,0.9481865284974094,0.722007722007722,0.16316624213005237,0.5006305170239597,0.14681341896794256,7619.551098141705,0.642691415313225
0.5,5.0,500,2000,5,1.0,0.6911262798634812,0.9520725388601037,0.7258687258687259,0.16633825154995915,0.510718789407314,0.14865366180498998,7663.247566980086,0.654292343387471
2.0,6.0,500,1000,5,1.0,0.7542662116040956,0.9417098445595855,0.803088803088803,0.22175229490075454,0.5573770491803278,0.18180418301621382,8455.520554853038,0.7122969837587007
2.0,5.0,500,1000,5,0.5,0.7559726962457338,0.9404145077720207,0.805019305019305,0.2279040707454222,0.5586380832282472,0.190508809506182,8667.855454519877,0.7076566125290024
1.0,4.5,500,1000,2,1.0,0.7815699658703071,0.944300518134715,0.8281853281853282,0.24583073004277406,0.5775535939470365,0.20854560746279713,9099.275890101428,0.7424593967517401
1.0,4.5,500,1000,5,1.0,0.78839590443686,0.9507772020725389,0.8301158301158301,0.24943528620175903,0.5825977301387137,0.21151449396609168,9170.211713407862,0.7447795823665894
0.5,4.5,500,1000,2,1.0,0.7952218430034129,0.966321243523316,0.8359073359073359,0.24981977219205076,0.587641866330391,0.21770904197823354,9320.42500707781,0.7610208816705336
2.0,6.0,500,500,3,1.0,0.8395904436860068,0.9339378238341969,0.8918918918918919,0.35824482145431824,0.6204287515762925,0.2964134582068557,11207.831597675278,0.8074245939675174
2.0,5.0,500,500,3,1.0,0.8498293515358362,0.9339378238341969,0.9034749034749034,0.3632912000768972,0.6279949558638083,0.3021300636706893,11346.046746072408,0.814385150812065
1.0,4.5,500,500,3,1.0,0.8771331058020477,0.9468911917098446,0.9227799227799228,0.41067909838035277,0.648171500630517,0.35225647886281186,12552.401817561264,0.8445475638051044
0.5,4.5,200,500,5,1.0,0.878839590443686,0.9702072538860104,0.918918918918919,0.421012159369443,0.6494325346784363,0.369190635226179,12959.54455095876,0.8538283062645011
0.5,6.0,500,500,3,0.5,0.8839590443686007,0.966321243523316,0.9208494208494209,0.4265391454798866,0.6532156368221942,0.37444496779447695,13093.179827926257,0.8538283062645011
0.5,5.0,500,500,2,0.5,0.8856655290102389,0.9702072538860104,0.9227799227799228,0.428029028692267,0.6544766708701135,0.3765104131191234,13142.972439890427,0.8561484918793504
