p_ugs_rho,p_ugs_a_off,p_ugs_a_on,p_ugs_z0,p_ugs_dt_retry_ms,p_ugs_k_retry,p_ugs_dt_track_ms,UR_timely,UR_track,UR_burst,UR_frame,timely_recall,duty,energy_per_min_mJ,noisy_UR_timely
0.7,2.0,6.0,0.5,300,3,1000,0.742320819112628,0.9559585492227979,0.7837837837837838,0.25380881434132746,0.5485498108448928,0.22388679647590143,9470.744894765678,0.6960556844547564
0.7,2.0,4.5,1.0,300,5,3000,0.5972696245733788,0.9015544041450777,0.6332046332046332,0.13764598452443888,0.44136191677175285,0.12138161545865106,7008.287322840009,0.5475638051044084
0.85,2.0,4.5,1.0,500,3,1000,0.7918088737201365,0.9689119170984456,0.8281853281853282,0.2583745854760417,0.5851197982345523,0.2322495765158807,9673.860826638038,0.7563805104408353
0.85,1.0,4.5,1.0,300,3,1000,0.764505119453925,0.9727979274611399,0.7857142857142857,0.25986446868842217,0.5649432534678437,0.23756910861035022,9801.191937188123,0.7262180974477959
0.7,1.0,6.0,1.0,500,3,3000,0.6552901023890785,0.9248704663212435,0.7007722007722008,0.1357716153217667,0.4842370744010088,0.1177969208558525,6921.666906863109,0.6125290023201856
0.7,1.0,4.5,1.0,500,5,1000,0.7866894197952219,0.9533678756476683,0.8281853281853282,0.25462584707069735,0.5813366960907944,0.22198459983712157,9425.863969334418,0.7424593967517401
0.7,2.0,6.0,0.5,500,5,1000,0.7866894197952219,0.9598445595854922,0.8281853281853282,0.2554428798000673,0.5813366960907944,0.22479095431998228,9493.556785933219,0.7424593967517401
0.7,1.0,6.0,0.5,500,5,3000,0.6535836177474402,0.9417098445595855,0.6853281853281853,0.1400490219637622,0.48297604035308955,0.12322193973495223,7052.191211460725,0.6032482598607889
0.85,2.0,6.0,1.0,500,3,1000,0.7901023890784983,0.9637305699481865,0.8262548262548263,0.2552986975537079,0.5838587641866331,0.22834076108684392,9579.451705737765,0.7540603248259861
0.85,1.0,6.0,1.0,500,5,1000,0.8071672354948806,0.9740932642487047,0.8281853281853282,0.25818234248089583,0.5964691046658259,0.233286553638854,9698.872432323979,0.7703016241299304
0.7,1.0,4.5,1.0,300,5,1000,0.7440273037542662,0.9481865284974094,0.7837837837837838,0.25549094054885374,0.5498108448928121,0.22415349226327091,9477.418716931961,0.6983758700696056
0.7,2.0,4.5,1.0,500,3,1000,0.7764505119453925,0.9417098445595855,0.8262548262548263,0.25193444513865526,0.5737704918032787,0.21653631006144966,9294.460914873769,0.7354988399071926
0.7,1.0,4.5,0.5,300,5,3000,0.6109215017064846,0.9248704663212435,0.6428571428571429,0.14206757341279377,0.4514501891551072,0.12821454949285555,7172.272025068483,0.5661252900232019
0.7,2.0,6.0,0.5,300,3,3000,0.5989761092150171,0.9093264248704663,0.637065637065637,0.13754986302686595,0.4426229508196721,0.12272989486932702,7040.612289701637,0.5498839907192575
0.85,1.0,6.0,0.5,300,5,3000,0.6109215017064846,0.9248704663212435,0.637065637065637,0.1427404238958043,0.4514501891551072,0.13121057969941513,7244.802189279635,0.5661252900232019
0.85,2.0,4.5,1.0,500,5,3000,0.6552901023890785,0.9481865284974094,0.6872586872586872,0.1418753304176479,0.4842370744010088,0.12662055896942323,7134.024108388244,0.605568445475638
0.7,1.0,6.0,0.5,300,3,1000,0.7508532423208191,0.9637305699481865,0.7857142857142857,0.25549094054885374,0.5548549810844893,0.22664396535129933,9537.097736255273,0.7076566125290024
0.85,1.0,6.0,1.0,500,5,3000,0.6569965870307167,0.9430051813471503,0.6833976833976834,0.13995290046618927,0.4854981084489281,0.12520473013992742,7100.301390730733,0.6078886310904872
0.85,2.0,4.5,1.0,300,5,3000,0.6075085324232082,0.9235751295336787,0.638996138996139,0.14168308742250205,0.4489281210592686,0.1289907744132672,7191.146314222256,0.5614849187935035
0.85,2.0,4.5,0.5,500,3,3000,0.6604095563139932,0.9468911917098446,0.694980694980695,0.14072187244677273,0.4880201765447667,0.1273140608573332,7151.307087909973,0.6194895591647331
0.85,2.0,4.5,1.0,500,5,1000,0.7986348122866894,0.9740932642487047,0.8301158301158301,0.26010477243235447,0.5901639344262295,0.2339583467831495,9714.843991663582,0.7587006960556845
0.7,1.0,6.0,0.5,500,5,1000,0.7935153583617748,0.966321243523316,0.8281853281853282,0.25702888451002065,0.5863808322824716,0.22765350781076482,9562.462667935142,0.7517401392111369
0.7,1.0,4.5,0.5,500,3,1000,0.7918088737201365,0.9676165803108808,0.832046332046332,0.2588071322151199,0.5851197982345523,0.23052625675575633,9632.029808973126,0.7563805104408353
0.85,2.0,6.0,1.0,500,5,1000,0.7969283276450512,0.9689119170984456,0.8281853281853282,0.25702888451002065,0.5889029003783102,0.2300704664248168,9620.9526529059,0.7563805104408353
0.7,1.0,6.0,1.0,300,3,3000,0.6126279863481229,0.9041450777202072,0.6525096525096525,0.13572355457298024,0.4527112232030265,0.11903781446657288,6951.31245296513,0.568445475638051
0.7,1.0,4.5,0.5,300,5,1000,0.7559726962457338,0.9702072538860104,0.7895752895752896,0.261498534147162,0.5586380832282472,0.2343934093433035,9724.339790582659,0.7146171693735499
0.85,1.0,4.5,1.0,500,3,1000,0.8020477815699659,0.9702072538860104,0.8281853281853282,0.25972028644206274,0.592686002522068,0.2366028140963945,9779.070372517952,0.7703016241299304
0.85,1.0,4.5,0.5,300,5,3000,0.6228668941979523,0.9248704663212435,0.6505791505791506,0.14322103138366896,0.46027742749054223,0.1321104286666173,7266.548578929445,0.5823665893271461
0.7,2.0,4.5,1.0,500,5,1000,0.7832764505119454,0.9468911917098446,0.8281853281853282,0.25366463209496803,0.5788146279949559,0.21824507884800481,9335.444079810468,0.7378190255220418
0.7,2.0,6.0,0.5,500,3,1000,0.7798634812286689,0.9546632124352331,0.8262548262548263,0.25371269284375453,0.5762925598991173,0.22306124898200938,9452.055838853927,0.740139211136891
0.85,1.0,4.5,1.0,300,5,3000,0.6109215017064846,0.9235751295336787,0.637065637065637,0.14129860143221032,0.4514501891551072,0.1298064796031687,7211.045908092102,0.5661252900232019
0.85,1.0,6.0,0.5,500,3,3000,0.6484641638225256,0.9455958549222798,0.6814671814671814,0.14110635843706446,0.4791929382093317,0.12743979418079515,7154.140460575998,0.6032482598607889
0.85,1.0,6.0,1.0,300,3,3000,0.6092150170648464,0.9183937823834197,0.637065637065637,0.13822271350987647,0.4501891551071879,0.1255709683867624,7109.211359991117,0.5638051044083526
0.85,2.0,6.0,0.5,300,3,1000,0.7627986348122867,0.9727979274611399,0.7837837837837838,0.2605853799202192,0.5636822194199244,0.23917213815058866,9839.94405620789,0.7238979118329466
0.85,1.0,6.0,0.5,500,5,1000,0.8088737201365188,0.9753886010362695,0.8281853281853282,0.26370932859133944,0.5977301387137453,0.24251941511808695,9921.644338387503,0.7726218097447796
0.7,1.0,4.5,1.0,500,5,3000,0.6484641638225256,0.9300518134715026,0.6853281853281853,0.13836689575623587,0.4791929382093317,0.12068411120159918,6991.417120041461,0.5962877030162413
0.7,2.0,6.0,1.0,300,3,3000,0.6109215017064846,0.9002590673575129,0.6505791505791506,0.13524294708511558,0.4514501891551072,0.11689069223365663,6899.607890160659,0.5661252900232019
0.85,2.0,4.5,1.0,300,3,1000,0.7559726962457338,0.9715025906735751,0.7876447876447876,0.25856682847118756,0.5586380832282472,0.232969740134745,9689.996841993041,0.7146171693735499
0.7,2.0,6.0,1.0,300,5,1000,0.742320819112628,0.9404145077720207,0.7857142857142857,0.2533282068534628,0.5485498108448928,0.21808333456726145,9330.711640912119,0.6960556844547564
0.85,1.0,6.0,1.0,300,5,3000,0.6109215017064846,0.9183937823834197,0.637065637065637,0.13980871821982988,0.4514501891551072,0.12763210187310284,7158.824965173615,0.5661252900232019
0.7,2.0,6.0,0.5,300,5,1000,0.7440273037542662,0.9559585492227979,0.7837837837837838,0.2563560340270101,0.5498108448928121,0.22700073887613834,9546.153534611682,0.6983758700696056
0.7,2.0,4.5,0.5,500,3,3000,0.6484641638225256,0.9404145077720207,0.693050193050193,0.13918392848560582,0.4791929382093317,0.12237388983490043,7031.738102332125,0.6032482598607889
0.7,2.0,4.5,1.0,500,5,3000,0.6467576791808873,0.9261658031088082,0.6833976833976834,0.1378862882683712,0.47793190416141235,0.11891554305175094,6948.903693240542,0.5939675174013921
0.85,2.0,6.0,0.5,300,5,3000,0.6092150170648464,0.9235751295336787,0.6351351351351351,0.14168308742250205,0.4501891551071879,0.13026880284297032,7222.166107485008,0.5638051044083526
0.7,1.0,4.5,1.0,500,3,3000,0.6416382252559727,0.9261658031088082,0.6853281853281853,0.1366367087999231,0.47414880201765447,0.11919044791589543,6955.556960242838,0.5939675174013921
0.85,1.0,6.0,0.5,500,3,1000,0.8020477815699659,0.9702072538860104,0.8262548262548263,0.26197914163502667,0.592686002522068,0.24081064633153185,9880.661173672908,0.7703016241299304
0.7,1.0,6.0,0.5,500,3,3000,0.6467576791808873,0.9378238341968912,0.6853281853281853,0.1383188350074494,0.47793190416141235,0.12172827644924852,7016.331051617681,0.6009280742459396
0.85,2.0,6.0,1.0,300,3,1000,0.7525597269624573,0.966321243523316,0.7837837837837838,0.2554428798000673,0.5561160151324086,0.22916122455023324,9598.039136788331,0.7099767981438515
0.85,2.0,4.5,0.5,300,5,3000,0.6194539249146758,0.9261658031088082,0.6467181467181468,0.14225981640793964,0.45775535939470363,0.13070810986895684,7232.822232398016,0.5777262180974478
0.85,1.0,6.0,1.0,300,3,1000,0.7662116040955631,0.9715025906735751,0.7876447876447876,0.2566924592685154,0.5662042875157629,0.23237106907529434,9675.790016717256,0.728538283062645
0.85,2.0,6.0,0.5,500,5,1000,0.8071672354948806,0.9753886010362695,0.8281853281853282,0.26217138463017253,0.5964691046658259,0.23956343599615018,9850.283286814245,0.7703016241299304
0.7,2.0,4.5,0.5,300,5,3000,0.60580204778157,0.9196891191709845,0.6428571428571429,0.14067381169798626,0.44766708701134933,0.12632696157547937,7126.925121255646,0.5591647331786543
0.7,1.0,6.0,0.5,300,5,3000,0.60580204778157,0.917098445595855,0.637065637065637,0.13985677896861634,0.44766708701134933,0.12563613681794625,7110.42431487377,0.5591647331786543
0.7,1.0,4.5,0.5,500,5,1000,0.7986348122866894,0.9727979274611399,0.833976833976834,0.2605373191714327,0.5901639344262295,0.23223502628266826,9673.01297382098,0.7587006960556845
0.85,1.0,4.5,0.5,500,3,3000,0.6604095563139932,0.9455958549222798,0.694980694980695,0.14158696592492911,0.4880201765447667,0.12890149478048418,7189.610064396241,0.6194895591647331
0.85,2.0,4.5,0.5,500,5,3000,0.6672354948805461,0.9507772020725389,0.694980694980695,0.1424520594030855,0.4930643127364439,0.1288077234026801,7187.167247753017,0.6218097447795824
0.85,1.0,6.0,0.5,300,3,1000,0.7696245733788396,0.9727979274611399,0.7895752895752896,0.26226750612774546,0.5687263556116016,0.24148314651662106,9895.547797704892,0.7331786542923434
0.7,1.0,6.0,0.5,500,3,1000,0.7866894197952219,0.961139896373057,0.8262548262548263,0.2552986975537079,0.5813366960907944,0.22592380247279195,9520.961720855852,0.7494199535962877
0.7,2.0,6.0,1.0,300,5,3000,0.6126279863481229,0.9002590673575129,0.6505791505791506,0.13682895179506896,0.4527112232030265,0.11895182646035388,6949.221495343158,0.568445475638051
0.85,2.0,6.0,1.0,300,5,3000,0.60580204778157,0.9183937823834197,0.637065637065637,0.1399048397174028,0.44766708701134933,0.1273215821425927,7151.190515155106,0.5591647331786543
0.85,2.0,6.0,1.0,300,3,3000,0.6040955631399317,0.9183937823834197,0.637065637065637,0.1383188350074494,0.44640605296343,0.12526044865625233,7101.576909928187,0.5568445475638051
0.7,2.0,4.5,0.5,300,5,1000,0.7491467576791809,0.9624352331606217,0.7895752895752896,0.2589993752102658,0.5535939470365699,0.23038797956615092,9627.817429658693,0.7053364269141531
0.85,1.0,4.5,1.0,300,3,3000,0.6092150170648464,0.9235751295336787,0.637065637065637,0.13971259672225694,0.4501891551071879,0.12774534537647148,7161.432302954025,0.5638051044083526
0.85,2.0,6.0,1.0,500,5,3000,0.6552901023890785,0.9430051813471503,0.6872586872586872,0.14014514346133514,0.4842370744010088,0.12481819204856741,7090.752758495596,0.605568445475638
0.7,1.0,6.0,1.0,500,5,1000,0.7849829351535836,0.9520725388601037,0.8262548262548263,0.25337626760224924,0.5800756620428752,0.22049435922114466,9390.090714473976,0.740139211136891
0.7,1.0,6.0,1.0,500,3,1000,0.7781569965870307,0.9468911917098446,0.8243243243243243,0.25179026289229584,0.575031525851198,0.21937184422891837,9363.325974354038,0.7378190255220418
0.7,1.0,6.0,1.0,300,3,1000,0.742320819112628,0.9468911917098446,0.7837837837837838,0.25188638438986877,0.5485498108448928,0.22010251573258313,9379.689920367216,0.6960556844547564
0.7,1.0,4.5,1.0,300,3,1000,0.742320819112628,0.9481865284974094,0.7837837837837838,0.2529437208631711,0.5485498108448928,0.22110680091804255,9403.696166150883,0.6960556844547564
0.7,2.0,4.5,1.0,300,3,3000,0.5955631399317406,0.9015544041450777,0.6332046332046332,0.1360599798144855,0.4401008827238335,0.1193204812319538,6958.673717657512,0.5452436194895591
0.7,1.0,6.0,1.0,500,5,3000,0.6621160409556314,0.9287564766839378,0.7007722007722008,0.13750180227807948,0.489281210592686,0.11929058414155622,6957.5270666617325,0.6148491879350348
0.85,1.0,6.0,1.0,500,3,1000,0.8003412969283277,0.9689119170984456,0.8262548262548263,0.25645215552458306,0.5914249684741488,0.2315568475605242,9657.371485244686,0.7679814385150812
0.7,2.0,6.0,1.0,500,5,3000,0.658703071672355,0.9248704663212435,0.696911196911197,0.13697313404142836,0.48675914249684743,0.1172031990819575,6907.298972991783,0.6102088167053364
0.7,1.0,4.5,0.5,300,3,1000,0.7542662116040956,0.9702072538860104,0.7895752895752896,0.2589513144614793,0.5573770491803278,0.23134671873843196,9650.617239846004,0.7122969837587007
0.85,2.0,6.0,0.5,500,5,3000,0.658703071672355,0.9481865284974094,0.6853281853281853,0.14192339116643438,0.48675914249684743,0.12773648330495296,7161.072308195752,0.6102088167053364
0.7,1.0,4.5,1.0,300,5,3000,0.5989761092150171,0.905440414507772,0.6351351351351351,0.13812659201230354,0.4426229508196721,0.12314351965647441,7050.743979121938,0.5498839907192575
0.7,1.0,4.5,0.5,300,3,3000,0.6092150170648464,0.9248704663212435,0.6428571428571429,0.1404815687028404,0.4501891551071879,0.12615341600651514,7122.658419797143,0.5638051044083526
0.85,1.0,6.0,0.5,300,5,1000,0.7713310580204779,0.9727979274611399,0.7895752895752896,0.2648147258134282,0.5699873896595208,0.24452983786184945,9969.27034853039,0.7354988399071926
0.7,1.0,4.5,0.5,500,5,3000,0.6604095563139932,0.9494818652849741,0.693050193050193,0.1423078771567261,0.4880201765447667,0.1257551410379803,7112.945165943585,0.6125290023201856
0.85,2.0,6.0,1.0,300,5,1000,0.7542662116040956,0.966321243523316,0.7837837837837838,0.25799009948574997,0.5573770491803278,0.2322751662101133,9673.447776545494,0.7122969837587007
0.85,1.0,4.5,0.5,300,5,1000,0.7798634812286689,0.9740932642487047,0.7992277992277992,0.26553563704522515,0.5762925598991173,0.24622419190049613,10010.220777374694,0.7470997679814385
0.7,2.0,6.0,1.0,300,3,1000,0.7406143344709898,0.9404145077720207,0.7857142857142857,0.25092516941413945,0.5472887767969735,0.21615480935811063,9284.190593603316,0.6937354988399071
0.85,2.0,6.0,0.5,300,5,1000,0.764505119453925,0.9727979274611399,0.7837837837837838,0.26313259960590185,0.5649432534678437,0.24221882875546014,9913.666607033389,0.7262180974477959
0.85,1.0,4.5,0.5,500,5,1000,0.8174061433447098,0.9766839378238342,0.8378378378378378,0.26443023982313646,0.6040353089533418,0.2447493218331236,9975.775263211668,0.7842227378190255
0.7,1.0,6.0,1.0,300,5,1000,0.7440273037542662,0.9468911917098446,0.7837837837837838,0.2542894218291921,0.5498108448928121,0.2220310394610202,9426.210967809284,0.6983758700696056
0.85,1.0,6.0,0.5,300,3,3000,0.6092150170648464,0.9248704663212435,0.637065637065637,0.14115441918585092,0.4501891551071879,0.12914944547271784,7195.188584097135,0.5638051044083526
0.85,1.0,4.5,1.0,500,5,1000,0.8088737201365188,0.9753886010362695,0.8301158301158301,0.26145047339837557,0.5977301387137453,0.2383115828829496,9820.053537499072,0.7726218097447796
0.7,2.0,4.5,1.0,300,3,1000,0.7389078498293515,0.9417098445595855,0.7837837837837838,0.2519825058874417,0.5460277427490542,0.21736728066928265,9313.276276671355,0.691415313225058
0.7,2.0,6.0,0.5,500,5,3000,0.6501706484641638,0.9339378238341969,0.6872586872586872,0.13937617148075168,0.48045397225725095,0.12228763826164211,7029.7881382690475,0.5986078886310905
0.85,2.0,6.0,1.0,500,3,3000,0.6484641638225256,0.939119170984456,0.6872586872586872,0.13841495650502234,0.4791929382093317,0.12332452876286369,7054.892598696972,0.6032482598607889
0.85,2.0,6.0,0.5,500,3,1000,0.8003412969283277,0.9702072538860104,0.8262548262548263,0.26044119767385976,0.5914249684741488,0.23785466720959506,9809.300122010809,0.7679814385150812
0.85,1.0,4.5,0.5,500,5,3000,0.6672354948805461,0.9494818652849741,0.694980694980695,0.1433171528812419,0.4930643127364439,0.13039515732583104,7225.470224194863,0.6218097447795824
0.7,2.0,6.0,1.0,500,3,1000,0.7747440273037542,0.9404145077720207,0.8243243243243243,0.2507809871677801,0.5725094577553594,0.2154759095283927,9269.078265136595,0.7331786542923434
0.7,2.0,4.5,1.0,300,5,1000,0.7406143344709898,0.9417098445595855,0.7837837837837838,0.2545297255731244,0.5472887767969735,0.22042063374546533,9387.055597971423,0.6937354988399071
0.85,1.0,6.0,0.5,500,5,3000,0.6552901023890785,0.9494818652849741,0.6814671814671814,0.14283654539337723,0.4842370744010088,0.12893345672614198,7190.000620374622,0.605568445475638
0.7,1.0,4.5,1.0,300,3,3000,0.5972696245733788,0.905440414507772,0.6351351351351351,0.13654058730235016,0.44136191677175285,0.121082386170134,7001.130373895017,0.5475638051044084
0.85,1.0,6.0,1.0,500,3,3000,0.6501706484641638,0.939119170984456,0.6833976833976834,0.13822271350987647,0.48045397225725095,0.12371106833493742,7064.441230798847,0.605568445475638
0.85,2.0,4.5,1.0,300,3,3000,0.60580204778157,0.9235751295336787,0.638996138996139,0.14009708271254867,0.44766708701134933,0.1269296409269268,7141.5327089509165,0.5591647331786543
0.7,2.0,4.5,0.5,500,5,3000,0.6552901023890785,0.944300518134715,0.693050193050193,0.1409141154419186,0.4842370744010088,0.12386755312060412,7067.5982621307485,0.605568445475638
0.7,1.0,6.0,0.5,300,5,1000,0.7525597269624573,0.9637305699481865,0.7857142857142857,0.25803816023453646,0.5561160151324086,0.2297579077515363,9612.50637610128,0.7099767981438515
0.85,1.0,4.5,1.0,500,3,3000,0.6535836177474402,0.944300518134715,0.6872586872586872,0.13980871821982988,0.48297604035308955,0.12578049751980455,7114.091949004221,0.6102088167053364
0.85,1.0,6.0,1.0,300,5,1000,0.7679180887372014,0.9715025906735751,0.7876447876447876,0.2592396789541981,0.5674653215636822,0.23548500999481756,9751.19865651884,0.7308584686774942
0.85,1.0,4.5,0.5,500,3,1000,0.810580204778157,0.9715025906735751,0.8359073359073359,0.2627000528668237,0.5989911727616646,0.2424413903901681,9920.122930821055,0.7819025522041764
0.7,2.0,4.5,0.5,300,3,1000,0.7474402730375427,0.9624352331606217,0.7895752895752896,0.25645215552458306,0.5523329129886507,0.2273412889612794,9554.094878922038,0.703016241299304
0.85,2.0,4.5,0.5,500,5,1000,0.8156996587030717,0.977979274611399,0.8378378378378378,0.26289229586196955,0.6027742749054225,0.2418356555859925,9905.479152868882,0.7819025522041764
0.85,1.0,4.5,1.0,500,5,3000,0.6604095563139932,0.9481865284974094,0.6872586872586872,0.14153890517614265,0.4880201765447667,0.1272741600651514,7149.952108802843,0.6125290023201856
0.7,1.0,4.5,1.0,500,3,1000,0.7798634812286689,0.9481865284974094,0.8262548262548263,0.2528956601143846,0.5762925598991173,0.2202758295698527,9384.880804397719,0.740139211136891
0.85,2.0,4.5,0.5,300,3,1000,0.773037542662116,0.9740932642487047,0.7953667953667953,0.2614024126495891,0.5712484237074401,0.24072912785962838,9877.726799999999,0.7378190255220418
0.85,2.0,4.5,1.0,500,3,3000,0.6484641638225256,0.944300518134715,0.6872586872586872,0.14014514346133514,0.4791929382093317,0.12512689568371957,7098.163948678464,0.6032482598607889
0.7,2.0,4.5,0.5,500,3,1000,0.7849829351535836,0.961139896373057,0.832046332046332,0.2563560340270101,0.5800756620428752,0.22651574146738734,9535.405823099132,0.7470997679814385
0.7,1.0,6.0,0.5,300,3,3000,0.6040955631399317,0.917098445595855,0.637065637065637,0.13827077425866294,0.44640605296343,0.12357500333160581,7060.81070960243,0.5568445475638051
0.85,1.0,4.5,0.5,300,3,1000,0.7781569965870307,0.9740932642487047,0.7992277992277992,0.2629884173595425,0.575031525851198,0.24311388983490045,9935.009554853037,0.7447795823665894
0.7,1.0,6.0,1.0,300,5,3000,0.6143344709897611,0.9041450777202072,0.6525096525096525,0.13730955928293362,0.45397225725094575,0.12109894795291332,7000.926058147627,0.5707656612529002
0.85,1.0,4.5,1.0,300,5,1000,0.7662116040955631,0.9727979274611399,0.7857142857142857,0.2624116883741049,0.5662042875157629,0.24061579847486494,9874.91448792478,0.728538283062645
0.7,2.0,4.5,1.0,500,3,3000,0.6399317406143344,0.9222797927461139,0.6833976833976834,0.13615610131205844,0.4728877679697352,0.11742187902569037,6913.0435334863405,0.5916473317865429
0.7,2.0,6.0,1.0,500,3,3000,0.6518771331058021,0.9196891191709845,0.696911196911197,0.13524294708511558,0.4817150063051702,0.11570953579625379,6871.4388131487385,0.6078886310904872
0.7,2.0,4.5,0.5,500,5,1000,0.7918088737201365,0.966321243523316,0.833976833976834,0.2580862209833229,0.5851197982345523,0.22822451099429925,9576.38898794699,0.7494199535962877
0.85,2.0,4.5,1.0,300,5,1000,0.757679180887372,0.9715025906735751,0.7876447876447876,0.2611140481568703,0.5598991172761665,0.23601643073961653,9763.719392685272,0.7169373549883991
0.85,2.0,4.5,0.5,500,3,1000,0.8088737201365188,0.9715025906735751,0.8359073359073359,0.26106598740808384,0.5977301387137453,0.2394087739690531,9847.021822521656,0.7795823665893271
0.85,2.0,6.0,0.5,500,3,3000,0.6518771331058021,0.944300518134715,0.6853281853281853,0.1401932042101216,0.4817150063051702,0.1262428207596061,7125.212148352706,0.6078886310904872
0.7,2.0,6.0,0.5,300,5,3000,0.6006825938566553,0.9093264248704663,0.637065637065637,0.13913586773681935,0.44388398486759145,0.12479102835566742,7090.2258949729785,0.5522041763341067
